BC,target,wt_reads_per_umi_avg_geneseq,wt_reads_per_umi_med_geneseq,wt_reads_per_umi_std_geneseq,wt_reads_per_umi_total_geneseq,wt_reads_per_umi_count_geneseq,wt_reads_per_umi_avg_probebc,wt_reads_per_umi_med_probebc,wt_reads_per_umi_std_probebc,wt_reads_per_umi_total_probebc,wt_reads_per_umi_count_probebc,mut_reads_per_umi_avg_geneseq,mut_reads_per_umi_med_geneseq,mut_reads_per_umi_std_geneseq,mut_reads_per_umi_total_geneseq,mut_reads_per_umi_count_geneseq,mut_reads_per_umi_avg_probebc,mut_reads_per_umi_med_probebc,mut_reads_per_umi_std_probebc,mut_reads_per_umi_total_probebc,mut_reads_per_umi_count_probebc,amb_reads_per_umi_avg_geneseq,amb_reads_per_umi_med_geneseq,amb_reads_per_umi_std_geneseq,amb_reads_per_umi_total_geneseq,amb_reads_per_umi_count_geneseq,amb_reads_per_umi_avg_probebc,amb_reads_per_umi_med_probebc,amb_reads_per_umi_std_probebc,amb_reads_per_umi_total_probebc,amb_reads_per_umi_count_probebc,wt_calls_geneseq,mut_calls_geneseq,amb_calls_geneseq,wt_calls_probebc,mut_calls_probebc,amb_calls_probebc,genotype_geneseq,genotype_probebc,genotype_merged
AAAGCCTAGGCCCATT,BCOR,1.0,1.0,0.0,2.0,2,1.0,1.0,0.0,2.0,2,0.0,0.0,0.0,0.0,2,0.0,0.0,0.0,0.0,2,0.0,0.0,0.0,0.0,2,0.0,0.0,0.0,0.0,2,2,0,0,2,0,0,WT,WT,WT
AAAGTAGCATGGCTAA,BCOR,2.0,2.0,1.0,4.0,2,2.0,2.0,1.0,4.0,2,0.0,0.0,0.0,0.0,2,0.0,0.0,0.0,0.0,2,0.0,0.0,0.0,0.0,2,0.0,0.0,0.0,0.0,2,2,0,0,2,0,0,WT,WT,WT
AAATGGTGTAGCGGAT,BCOR,1.0,0.0,1.7320508075688772,4.0,4,1.0,0.0,1.7320508075688772,4.0,4,4.25,3.0,4.14578098794425,17.0,4,4.25,3.0,4.14578098794425,17.0,4,0.0,0.0,0.0,0.0,4,0.0,0.0,0.0,0.0,4,1,3,0,1,3,0,MUT,MUT,MUT
AACCATAAGGTTGGGC,BCOR,2.0,2.0,0.0,2.0,1,2.0,2.0,0.0,2.0,1,0.0,0.0,0.0,0.0,1,0.0,0.0,0.0,0.0,1,0.0,0.0,0.0,0.0,1,0.0,0.0,0.0,0.0,1,1,0,0,1,0,0,WT,WT,WT
AACCTGCTCCCATAGC,BCOR,5.0,5.0,0.0,5.0,1,5.0,5.0,0.0,5.0,1,0.0,0.0,0.0,0.0,1,0.0,0.0,0.0,0.0,1,0.0,0.0,0.0,0.0,1,0.0,0.0,0.0,0.0,1,1,0,0,1,0,0,WT,WT,WT
AACCTGCTCTTGAAAG,BCOR,0.0,0.0,0.0,0.0,1,0.0,0.0,0.0,0.0,1,1.0,1.0,0.0,1.0,1,1.0,1.0,0.0,1.0,1,0.0,0.0,0.0,0.0,1,0.0,0.0,0.0,0.0,1,0,1,0,0,1,0,MUT,MUT,MUT
AACGGCTCAAACCCAA,BCOR,2.0,2.0,0.0,2.0,1,2.0,2.0,0.0,2.0,1,0.0,0.0,0.0,0.0,1,0.0,0.0,0.0,0.0,1,0.0,0.0,0.0,0.0,1,0.0,0.0,0.0,0.0,1,1,0,0,1,0,0,WT,WT,WT
AACGTTAAGCTTGAAA,BCOR,0.0,0.0,0.0,0.0,5,0.0,0.0,0.0,0.0,5,2.2,3.0,0.9797958971132712,11.0,5,2.2,3.0,0.9797958971132712,11.0,5,0.0,0.0,0.0,0.0,5,0.0,0.0,0.0,0.0,5,0,5,0,0,5,0,MUT,MUT,MUT
AACGTTAAGGTGAGAA,BCOR,0.0,0.0,0.0,0.0,3,0.0,0.0,0.0,0.0,3,3.0,3.0,0.816496580927726,9.0,3,3.0,3.0,0.816496580927726,9.0,3,0.0,0.0,0.0,0.0,3,0.0,0.0,0.0,0.0,3,0,3,0,0,3,0,MUT,MUT,MUT
AACGTTAAGGTTCGAG,BCOR,0.0,0.0,0.0,0.0,1,0.0,0.0,0.0,0.0,1,1.0,1.0,0.0,1.0,1,1.0,1.0,0.0,1.0,1,0.0,0.0,0.0,0.0,1,0.0,0.0,0.0,0.0,1,0,1,0,0,1,0,MUT,MUT,MUT
AACGTTCGTGATAAAC,BCOR,0.0,0.0,0.0,0.0,2,0.0,0.0,0.0,0.0,2,3.0,3.0,1.0,6.0,2,3.0,3.0,1.0,6.0,2,0.0,0.0,0.0,0.0,2,0.0,0.0,0.0,0.0,2,0,2,0,0,2,0,MUT,MUT,MUT
AACTCGCTCCCACATA,BCOR,0.6666666666666666,0.0,0.9428090415820634,2.0,3,0.6666666666666666,0.0,0.9428090415820634,2.0,3,1.3333333333333333,2.0,0.9428090415820634,4.0,3,1.3333333333333333,2.0,0.9428090415820634,4.0,3,0.0,0.0,0.0,0.0,3,0.0,0.0,0.0,0.0,3,1,2,0,1,2,0,MUT,MUT,MUT
AACTTACTCACATTCG,BCOR,1.0,1.0,0.0,1.0,1,1.0,1.0,0.0,1.0,1,0.0,0.0,0.0,0.0,1,0.0,0.0,0.0,0.0,1,0.0,0.0,0.0,0.0,1,0.0,0.0,0.0,0.0,1,1,0,0,1,0,0,WT,WT,WT
AACTTCGTCGCCTGCA,BCOR,1.0,1.0,1.0,2.0,2,1.0,1.0,1.0,2.0,2,0.5,0.5,0.5,1.0,2,0.5,0.5,0.5,1.0,2,0.0,0.0,0.0,0.0,2,0.0,0.0,0.0,0.0,2,1,1,0,1,1,0,MUT,MUT,MUT
AAGAATCGTTGCCTGA,BCOR,1.25,1.0,0.4330127018922193,5.0,4,1.25,1.0,0.4330127018922193,5.0,4,0.0,0.0,0.0,0.0,4,0.0,0.0,0.0,0.0,4,0.0,0.0,0.0,0.0,4,0.0,0.0,0.0,0.0,4,4,0,0,4,0,0,WT,WT,WT
AAGCATGGTGGCTCAC,BCOR,3.0,3.0,0.0,3.0,1,3.0,3.0,0.0,3.0,1,0.0,0.0,0.0,0.0,1,0.0,0.0,0.0,0.0,1,0.0,0.0,0.0,0.0,1,0.0,0.0,0.0,0.0,1,1,0,0,1,0,0,WT,WT,WT
AAGGACAAGGCTACTC,BCOR,2.0,2.0,0.0,2.0,1,2.0,2.0,0.0,2.0,1,0.0,0.0,0.0,0.0,1,0.0,0.0,0.0,0.0,1,0.0,0.0,0.0,0.0,1,0.0,0.0,0.0,0.0,1,1,0,0,1,0,0,WT,WT,WT
AAGGCCGGTTGTTTGA,BCOR,1.0,1.0,0.0,1.0,1,1.0,1.0,0.0,1.0,1,0.0,0.0,0.0,0.0,1,0.0,0.0,0.0,0.0,1,0.0,0.0,0.0,0.0,1,0.0,0.0,0.0,0.0,1,1,0,0,1,0,0,WT,WT,WT
AAGTGAACAAGCTAAT,BCOR,0.0,0.0,0.0,0.0,1,0.0,0.0,0.0,0.0,1,3.0,3.0,0.0,3.0,1,3.0,3.0,0.0,3.0,1,0.0,0.0,0.0,0.0,1,0.0,0.0,0.0,0.0,1,0,1,0,0,1,0,MUT,MUT,MUT
AAGTGAACACAGCAAC,BCOR,0.0,0.0,0.0,0.0,1,0.0,0.0,0.0,0.0,1,6.0,6.0,0.0,6.0,1,6.0,6.0,0.0,6.0,1,0.0,0.0,0.0,0.0,1,0.0,0.0,0.0,0.0,1,0,1,0,0,1,0,MUT,MUT,MUT
AATAGCATCGCTTGAC,BCOR,0.0,0.0,0.0,0.0,1,0.0,0.0,0.0,0.0,1,1.0,1.0,0.0,1.0,1,1.0,1.0,0.0,1.0,1,0.0,0.0,0.0,0.0,1,0.0,0.0,0.0,0.0,1,0,1,0,0,1,0,MUT,MUT,MUT
AATCCAAAGAGCAACT,BCOR,1.0,1.0,0.0,1.0,1,1.0,1.0,0.0,1.0,1,0.0,0.0,0.0,0.0,1,0.0,0.0,0.0,0.0,1,0.0,0.0,0.0,0.0,1,0.0,0.0,0.0,0.0,1,1,0,0,1,0,0,WT,WT,WT
AATGACCAGTTACCTG,BCOR,1.7222222222222223,1.0,2.3759338644825663,31.0,18,1.7222222222222223,1.0,2.3759338644825663,31.0,18,1.7222222222222223,0.0,2.9590831079079503,31.0,18,1.7222222222222223,0.0,2.9590831079079503,31.0,18,0.0,0.0,0.0,0.0,18,0.0,0.0,0.0,0.0,18,12,5,1,12,5,1,MUT,MUT,MUT
AATGCGCCAACTTGTC,BCOR,0.5,0.5,0.5,1.0,2,0.5,0.5,0.5,1.0,2,2.0,2.0,2.0,4.0,2,2.0,2.0,2.0,4.0,2,0.0,0.0,0.0,0.0,2,0.0,0.0,0.0,0.0,2,1,1,0,1,1,0,MUT,MUT,MUT
ACAATGTCAACAGCTA,BCOR,0.3333333333333333,0.0,0.4714045207910317,1.0,3,0.3333333333333333,0.0,0.4714045207910317,1.0,3,2.6666666666666665,3.0,2.0548046676563256,8.0,3,2.6666666666666665,3.0,2.0548046676563256,8.0,3,0.0,0.0,0.0,0.0,3,0.0,0.0,0.0,0.0,3,1,2,0,1,2,0,MUT,MUT,MUT
ACACAAGGTATTCGAC,BCOR,2.0,2.0,1.0,4.0,2,2.0,2.0,1.0,4.0,2,0.0,0.0,0.0,0.0,2,0.0,0.0,0.0,0.0,2,0.0,0.0,0.0,0.0,2,0.0,0.0,0.0,0.0,2,2,0,0,2,0,0,WT,WT,WT
ACACCAACAAGGTTAT,BCOR,0.0,0.0,0.0,0.0,1,0.0,0.0,0.0,0.0,1,1.0,1.0,0.0,1.0,1,1.0,1.0,0.0,1.0,1,0.0,0.0,0.0,0.0,1,0.0,0.0,0.0,0.0,1,0,1,0,0,1,0,MUT,MUT,MUT
ACACCGGCAGAATGAA,BCOR,2.6666666666666665,0.0,3.7712361663282534,8.0,3,2.6666666666666665,0.0,3.7712361663282534,8.0,3,5.666666666666667,4.0,5.436502143433363,17.0,3,5.666666666666667,4.0,5.436502143433363,17.0,3,0.0,0.0,0.0,0.0,3,0.0,0.0,0.0,0.0,3,1,2,0,1,2,0,MUT,MUT,MUT
ACACCTATCCAGGAAT,BCOR,1.0,1.0,0.0,1.0,1,1.0,1.0,0.0,1.0,1,0.0,0.0,0.0,0.0,1,0.0,0.0,0.0,0.0,1,0.0,0.0,0.0,0.0,1,0.0,0.0,0.0,0.0,1,1,0,0,1,0,0,WT,WT,WT
ACAGCACCACGCAATA,BCOR,8.333333333333334,5.0,5.436502143433364,25.0,3,8.333333333333334,5.0,5.436502143433364,25.0,3,0.0,0.0,0.0,0.0,3,0.0,0.0,0.0,0.0,3,0.0,0.0,0.0,0.0,3,0.0,0.0,0.0,0.0,3,3,0,0,3,0,0,WT,WT,WT
ACAGCCGCAGCCTATT,BCOR,0.0,0.0,0.0,0.0,1,0.0,0.0,0.0,0.0,1,1.0,1.0,0.0,1.0,1,1.0,1.0,0.0,1.0,1,0.0,0.0,0.0,0.0,1,0.0,0.0,0.0,0.0,1,0,1,0,0,1,0,MUT,MUT,MUT
ACAGCCGCATATAGGT,BCOR,1.0,1.0,0.0,1.0,1,1.0,1.0,0.0,1.0,1,0.0,0.0,0.0,0.0,1,0.0,0.0,0.0,0.0,1,0.0,0.0,0.0,0.0,1,0.0,0.0,0.0,0.0,1,1,0,0,1,0,0,WT,WT,WT
ACAGCCGCATTGTGAG,BCOR,0.0,0.0,0.0,0.0,1,0.0,0.0,0.0,0.0,1,3.0,3.0,0.0,3.0,1,3.0,3.0,0.0,3.0,1,0.0,0.0,0.0,0.0,1,0.0,0.0,0.0,0.0,1,0,1,0,0,1,0,MUT,MUT,MUT
ACAGTTGCACCAACAA,BCOR,1.0,1.0,0.0,1.0,1,1.0,1.0,0.0,1.0,1,0.0,0.0,0.0,0.0,1,0.0,0.0,0.0,0.0,1,0.0,0.0,0.0,0.0,1,0.0,0.0,0.0,0.0,1,1,0,0,1,0,0,WT,WT,WT
ACATTACTCTTAAGCT,BCOR,1.0,1.0,0.0,1.0,1,1.0,1.0,0.0,1.0,1,0.0,0.0,0.0,0.0,1,0.0,0.0,0.0,0.0,1,0.0,0.0,0.0,0.0,1,0.0,0.0,0.0,0.0,1,1,0,0,1,0,0,WT,WT,WT
ACCAATAAGGACAAGA,BCOR,0.0,0.0,0.0,0.0,1,0.0,0.0,0.0,0.0,1,6.0,6.0,0.0,6.0,1,6.0,6.0,0.0,6.0,1,0.0,0.0,0.0,0.0,1,0.0,0.0,0.0,0.0,1,0,1,0,0,1,0,MUT,MUT,MUT
ACCAATAAGGACACGC,BCOR,3.0,3.0,0.0,3.0,1,3.0,3.0,0.0,3.0,1,0.0,0.0,0.0,0.0,1,0.0,0.0,0.0,0.0,1,0.0,0.0,0.0,0.0,1,0.0,0.0,0.0,0.0,1,1,0,0,1,0,0,WT,WT,WT
ACCACAACAAGGCTTA,BCOR,4.5,4.5,4.5,9.0,2,4.5,4.5,4.5,9.0,2,0.5,0.5,0.5,1.0,2,0.5,0.5,0.5,1.0,2,0.0,0.0,0.0,0.0,2,0.0,0.0,0.0,0.0,2,1,1,0,1,1,0,MUT,MUT,MUT
ACCAGGTCAATTGCGA,BCOR,0.0,0.0,0.0,0.0,1,0.0,0.0,0.0,0.0,1,3.0,3.0,0.0,3.0,1,3.0,3.0,0.0,3.0,1,0.0,0.0,0.0,0.0,1,0.0,0.0,0.0,0.0,1,0,1,0,0,1,0,MUT,MUT,MUT
ACCCGCTCAATCAAGT,BCOR,6.0,6.0,0.0,6.0,1,6.0,6.0,0.0,6.0,1,0.0,0.0,0.0,0.0,1,0.0,0.0,0.0,0.0,1,0.0,0.0,0.0,0.0,1,0.0,0.0,0.0,0.0,1,1,0,0,1,0,0,WT,WT,WT
ACCGGTAAGACAAGCT,BCOR,12.0,12.0,0.0,12.0,1,12.0,12.0,0.0,12.0,1,0.0,0.0,0.0,0.0,1,0.0,0.0,0.0,0.0,1,0.0,0.0,0.0,0.0,1,0.0,0.0,0.0,0.0,1,1,0,0,1,0,0,WT,WT,WT
ACGCCTAGTACGAACA,BCOR,0.0,0.0,0.0,0.0,1,0.0,0.0,0.0,0.0,1,1.0,1.0,0.0,1.0,1,1.0,1.0,0.0,1.0,1,0.0,0.0,0.0,0.0,1,0.0,0.0,0.0,0.0,1,0,1,0,0,1,0,MUT,MUT,MUT
ACGGAACGTCGTTCTC,BCOR,9.0,9.0,0.0,9.0,1,9.0,9.0,0.0,9.0,1,0.0,0.0,0.0,0.0,1,0.0,0.0,0.0,0.0,1,0.0,0.0,0.0,0.0,1,0.0,0.0,0.0,0.0,1,1,0,0,1,0,0,WT,WT,WT
ACGTGCAAGCCACTCG,BCOR,1.5,0.0,2.598076211353316,6.0,4,1.5,0.0,2.598076211353316,6.0,4,2.5,1.5,2.0615528128088303,10.0,4,2.5,1.5,2.0615528128088303,10.0,4,0.0,0.0,0.0,0.0,4,0.0,0.0,0.0,0.0,4,1,3,0,1,3,0,MUT,MUT,MUT
ACGTTCGGTAGCTTTA,BCOR,1.0,1.0,0.0,1.0,1,1.0,1.0,0.0,1.0,1,0.0,0.0,0.0,0.0,1,0.0,0.0,0.0,0.0,1,0.0,0.0,0.0,0.0,1,0.0,0.0,0.0,0.0,1,1,0,0,1,0,0,WT,WT,WT
ACTAATGAGACAAAGG,BCOR,0.0,0.0,0.0,0.0,1,0.0,0.0,0.0,0.0,1,4.0,4.0,0.0,4.0,1,4.0,4.0,0.0,4.0,1,0.0,0.0,0.0,0.0,1,0.0,0.0,0.0,0.0,1,0,1,0,0,1,0,MUT,MUT,MUT
ACTAGTGCATATCGCT,BCOR,6.0,6.0,0.0,6.0,1,6.0,6.0,0.0,6.0,1,0.0,0.0,0.0,0.0,1,0.0,0.0,0.0,0.0,1,0.0,0.0,0.0,0.0,1,0.0,0.0,0.0,0.0,1,1,0,0,1,0,0,WT,WT,WT
ACTAGTGCATCGGGCA,BCOR,0.0,0.0,0.0,0.0,1,0.0,0.0,0.0,0.0,1,1.0,1.0,0.0,1.0,1,1.0,1.0,0.0,1.0,1,0.0,0.0,0.0,0.0,1,0.0,0.0,0.0,0.0,1,0,1,0,0,1,0,MUT,MUT,MUT
ACTCACTCATGAGGGA,BCOR,0.0,0.0,0.0,0.0,1,0.0,0.0,0.0,0.0,1,8.0,8.0,0.0,8.0,1,8.0,8.0,0.0,8.0,1,0.0,0.0,0.0,0.0,1,0.0,0.0,0.0,0.0,1,0,1,0,0,1,0,MUT,MUT,MUT
ACTCACTCATTGTACC,BCOR,2.5,2.5,0.5,5.0,2,2.5,2.5,0.5,5.0,2,0.0,0.0,0.0,0.0,2,0.0,0.0,0.0,0.0,2,0.0,0.0,0.0,0.0,2,0.0,0.0,0.0,0.0,2,2,0,0,2,0,0,WT,WT,WT
ACTGGCTTCGCACACT,BCOR,5.0,5.0,0.0,5.0,1,5.0,5.0,0.0,5.0,1,0.0,0.0,0.0,0.0,1,0.0,0.0,0.0,0.0,1,0.0,0.0,0.0,0.0,1,0.0,0.0,0.0,0.0,1,1,0,0,1,0,0,WT,WT,WT
ACTTCAAGTAACGGGT,BCOR,1.0,1.0,0.0,1.0,1,1.0,1.0,0.0,1.0,1,0.0,0.0,0.0,0.0,1,0.0,0.0,0.0,0.0,1,0.0,0.0,0.0,0.0,1,0.0,0.0,0.0,0.0,1,1,0,0,1,0,0,WT,WT,WT
AGACTCCTCGATTGAA,BCOR,4.0,4.0,0.0,4.0,1,4.0,4.0,0.0,4.0,1,0.0,0.0,0.0,0.0,1,0.0,0.0,0.0,0.0,1,0.0,0.0,0.0,0.0,1,0.0,0.0,0.0,0.0,1,1,0,0,1,0,0,WT,WT,WT
AGAGGAGGTGCTTCGA,BCOR,0.0,0.0,0.0,0.0,1,0.0,0.0,0.0,0.0,1,8.0,8.0,0.0,8.0,1,8.0,8.0,0.0,8.0,1,0.0,0.0,0.0,0.0,1,0.0,0.0,0.0,0.0,1,0,1,0,0,1,0,MUT,MUT,MUT
AGAGGTTTCCGCAATC,BCOR,0.0,0.0,0.0,0.0,2,0.0,0.0,0.0,0.0,2,1.5,1.5,0.5,3.0,2,1.5,1.5,0.5,3.0,2,0.0,0.0,0.0,0.0,2,0.0,0.0,0.0,0.0,2,0,2,0,0,2,0,MUT,MUT,MUT
AGCAGGCTCCAATGAA,BCOR,1.2,0.0,1.5362291495737217,12.0,10,1.2,0.0,1.5362291495737217,12.0,10,2.5,2.5,2.247220505424423,25.0,10,2.5,2.5,2.247220505424423,25.0,10,0.0,0.0,0.0,0.0,10,0.0,0.0,0.0,0.0,10,3,6,1,3,6,1,MUT,MUT,MUT
AGCATCCTCCGCCCAA,BCOR,0.0,0.0,0.0,0.0,1,0.0,0.0,0.0,0.0,1,9.0,9.0,0.0,9.0,1,9.0,9.0,0.0,9.0,1,0.0,0.0,0.0,0.0,1,0.0,0.0,0.0,0.0,1,0,1,0,0,1,0,MUT,MUT,MUT
AGCCTTCAGTTAACAG,BCOR,0.0,0.0,0.0,0.0,1,0.0,0.0,0.0,0.0,1,2.0,2.0,0.0,2.0,1,2.0,2.0,0.0,2.0,1,0.0,0.0,0.0,0.0,1,0.0,0.0,0.0,0.0,1,0,1,0,0,1,0,MUT,MUT,MUT
AGCGAACGTGGAAGCT,BCOR,3.5,3.5,3.5,7.0,2,3.5,3.5,3.5,7.0,2,4.0,4.0,4.0,8.0,2,4.0,4.0,4.0,8.0,2,0.0,0.0,0.0,0.0,2,0.0,0.0,0.0,0.0,2,1,1,0,1,1,0,MUT,MUT,MUT
AGCGAACGTTGAGGAC,BCOR,3.0,3.0,0.0,6.0,2,3.0,3.0,0.0,6.0,2,0.0,0.0,0.0,0.0,2,0.0,0.0,0.0,0.0,2,0.0,0.0,0.0,0.0,2,0.0,0.0,0.0,0.0,2,2,0,0,2,0,0,WT,WT,WT
AGCGAAGCAATTGCGA,BCOR,4.0,4.0,0.0,4.0,1,4.0,4.0,0.0,4.0,1,0.0,0.0,0.0,0.0,1,0.0,0.0,0.0,0.0,1,0.0,0.0,0.0,0.0,1,0.0,0.0,0.0,0.0,1,1,0,0,1,0,0,WT,WT,WT
AGCGAAGCACCGGTAG,BCOR,2.0,2.0,0.0,2.0,1,2.0,2.0,0.0,2.0,1,0.0,0.0,0.0,0.0,1,0.0,0.0,0.0,0.0,1,0.0,0.0,0.0,0.0,1,0.0,0.0,0.0,0.0,1,1,0,0,1,0,0,WT,WT,WT
AGCGACTCATCAATCC,BCOR,0.0,0.0,0.0,0.0,1,0.0,0.0,0.0,0.0,1,1.0,1.0,0.0,1.0,1,1.0,1.0,0.0,1.0,1,0.0,0.0,0.0,0.0,1,0.0,0.0,0.0,0.0,1,0,1,0,0,1,0,MUT,MUT,MUT
AGCGCTAAGGGTTTCC,BCOR,0.0,0.0,0.0,0.0,1,0.0,0.0,0.0,0.0,1,3.0,3.0,0.0,3.0,1,3.0,3.0,0.0,3.0,1,0.0,0.0,0.0,0.0,1,0.0,0.0,0.0,0.0,1,0,1,0,0,1,0,MUT,MUT,MUT
AGCTTGTGTGACCTTG,BCOR,0.0,0.0,0.0,0.0,1,0.0,0.0,0.0,0.0,1,2.0,2.0,0.0,2.0,1,2.0,2.0,0.0,2.0,1,0.0,0.0,0.0,0.0,1,0.0,0.0,0.0,0.0,1,0,1,0,0,1,0,MUT,MUT,MUT
AGCTTGTGTTATGTGC,BCOR,0.0,0.0,0.0,0.0,1,0.0,0.0,0.0,0.0,1,6.0,6.0,0.0,6.0,1,6.0,6.0,0.0,6.0,1,0.0,0.0,0.0,0.0,1,0.0,0.0,0.0,0.0,1,0,1,0,0,1,0,MUT,MUT,MUT
AGGAACCGTTCTTACT,BCOR,0.0,0.0,0.0,0.0,2,0.0,0.0,0.0,0.0,2,3.5,3.5,0.5,7.0,2,3.5,3.5,0.5,7.0,2,0.0,0.0,0.0,0.0,2,0.0,0.0,0.0,0.0,2,0,2,0,0,2,0,MUT,MUT,MUT
AGGAACCGTTTACTGA,BCOR,1.0,1.0,0.0,1.0,1,1.0,1.0,0.0,1.0,1,0.0,0.0,0.0,0.0,1,0.0,0.0,0.0,0.0,1,0.0,0.0,0.0,0.0,1,0.0,0.0,0.0,0.0,1,1,0,0,1,0,0,WT,WT,WT
AGGCCATCATTAGCGA,BCOR,3.5,3.5,3.5,7.0,2,3.5,3.5,3.5,7.0,2,1.0,1.0,1.0,2.0,2,1.0,1.0,1.0,2.0,2,0.0,0.0,0.0,0.0,2,0.0,0.0,0.0,0.0,2,1,1,0,1,1,0,MUT,MUT,MUT
AGGCTTTGTGTTTGTA,BCOR,2.0,2.0,1.632993161855452,6.0,3,2.0,2.0,1.632993161855452,6.0,3,0.3333333333333333,0.0,0.4714045207910317,1.0,3,0.3333333333333333,0.0,0.4714045207910317,1.0,3,0.0,0.0,0.0,0.0,3,0.0,0.0,0.0,0.0,3,2,1,0,2,1,0,MUT,MUT,MUT
AGGGACCTCCTTTGAG,BCOR,4.0,4.0,0.0,4.0,1,4.0,4.0,0.0,4.0,1,0.0,0.0,0.0,0.0,1,0.0,0.0,0.0,0.0,1,0.0,0.0,0.0,0.0,1,0.0,0.0,0.0,0.0,1,1,0,0,1,0,0,WT,WT,WT
AGGGCTATCATTACCG,BCOR,0.0,0.0,0.0,0.0,1,0.0,0.0,0.0,0.0,1,1.0,1.0,0.0,1.0,1,1.0,1.0,0.0,1.0,1,0.0,0.0,0.0,0.0,1,0.0,0.0,0.0,0.0,1,0,1,0,0,1,0,MUT,MUT,MUT
AGGGTTAGTCAGGGCA,BCOR,1.5,0.0,2.598076211353316,6.0,4,1.5,0.0,2.598076211353316,6.0,4,2.5,2.0,2.179449471770337,10.0,4,2.5,2.0,2.179449471770337,10.0,4,0.0,0.0,0.0,0.0,4,0.0,0.0,0.0,0.0,4,1,3,0,1,3,0,MUT,MUT,MUT
AGGGTTAGTCCCTCTG,BCOR,2.0,2.0,0.0,2.0,1,2.0,2.0,0.0,2.0,1,0.0,0.0,0.0,0.0,1,0.0,0.0,0.0,0.0,1,0.0,0.0,0.0,0.0,1,0.0,0.0,0.0,0.0,1,1,0,0,1,0,0,WT,WT,WT
AGGTGAGCATCCCTCT,BCOR,0.0,0.0,0.0,0.0,1,0.0,0.0,0.0,0.0,1,1.0,1.0,0.0,1.0,1,1.0,1.0,0.0,1.0,1,0.0,0.0,0.0,0.0,1,0.0,0.0,0.0,0.0,1,0,1,0,0,1,0,MUT,MUT,MUT
AGTAACCAGCGAAGCC,BCOR,0.0,0.0,0.0,0.0,1,0.0,0.0,0.0,0.0,1,3.0,3.0,0.0,3.0,1,3.0,3.0,0.0,3.0,1,0.0,0.0,0.0,0.0,1,0.0,0.0,0.0,0.0,1,0,1,0,0,1,0,MUT,MUT,MUT
AGTAAGCTCCTCCCAC,BCOR,0.0,0.0,0.0,0.0,1,0.0,0.0,0.0,0.0,1,10.0,10.0,0.0,10.0,1,10.0,10.0,0.0,10.0,1,1.0,1.0,0.0,1.0,1,1.0,1.0,0.0,1.0,1,0,1,0,0,1,0,MUT,MUT,MUT
AGTCACACAACATGAT,BCOR,0.0,0.0,0.0,0.0,1,0.0,0.0,0.0,0.0,1,1.0,1.0,0.0,1.0,1,1.0,1.0,0.0,1.0,1,0.0,0.0,0.0,0.0,1,0.0,0.0,0.0,0.0,1,0,1,0,0,1,0,MUT,MUT,MUT
AGTCACACAAGGCGTT,BCOR,2.0,1.5,2.1213203435596424,8.0,4,2.0,1.5,2.1213203435596424,8.0,4,0.5,0.5,0.5,2.0,4,0.5,0.5,0.5,2.0,4,0.0,0.0,0.0,0.0,4,0.0,0.0,0.0,0.0,4,2,2,0,2,2,0,MUT,MUT,MUT
AGTCACACAGCCTGAG,BCOR,2.0,2.0,0.0,2.0,1,2.0,2.0,0.0,2.0,1,0.0,0.0,0.0,0.0,1,0.0,0.0,0.0,0.0,1,0.0,0.0,0.0,0.0,1,0.0,0.0,0.0,0.0,1,1,0,0,1,0,0,WT,WT,WT
AGTCGTTGTAGCGGAT,BCOR,2.25,1.5,2.277608394786075,9.0,4,2.25,1.5,2.277608394786075,9.0,4,0.25,0.0,0.4330127018922193,1.0,4,0.25,0.0,0.4330127018922193,1.0,4,0.0,0.0,0.0,0.0,4,0.0,0.0,0.0,0.0,4,3,1,0,3,1,0,MUT,MUT,MUT
AGTCGTTGTGTTTGGT,BCOR,4.0,4.0,0.0,4.0,1,4.0,4.0,0.0,4.0,1,0.0,0.0,0.0,0.0,1,0.0,0.0,0.0,0.0,1,0.0,0.0,0.0,0.0,1,0.0,0.0,0.0,0.0,1,1,0,0,1,0,0,WT,WT,WT
AGTGACCCAATGTTCC,BCOR,0.0,0.0,0.0,0.0,1,0.0,0.0,0.0,0.0,1,9.0,9.0,0.0,9.0,1,9.0,9.0,0.0,9.0,1,0.0,0.0,0.0,0.0,1,0.0,0.0,0.0,0.0,1,0,1,0,0,1,0,MUT,MUT,MUT
AGTGACCCATGGCTAA,BCOR,2.0,2.0,0.0,2.0,1,2.0,2.0,0.0,2.0,1,0.0,0.0,0.0,0.0,1,0.0,0.0,0.0,0.0,1,0.0,0.0,0.0,0.0,1,0.0,0.0,0.0,0.0,1,1,0,0,1,0,0,WT,WT,WT
AGTGATCAGCGAATCG,BCOR,4.0,4.0,0.0,4.0,1,4.0,4.0,0.0,4.0,1,0.0,0.0,0.0,0.0,1,0.0,0.0,0.0,0.0,1,0.0,0.0,0.0,0.0,1,0.0,0.0,0.0,0.0,1,1,0,0,1,0,0,WT,WT,WT
AGTGATGGTACCTTAA,BCOR,1.0,1.0,0.0,1.0,1,1.0,1.0,0.0,1.0,1,0.0,0.0,0.0,0.0,1,0.0,0.0,0.0,0.0,1,0.0,0.0,0.0,0.0,1,0.0,0.0,0.0,0.0,1,1,0,0,1,0,0,WT,WT,WT
AGTGATGGTGTTAGAG,BCOR,1.0,0.0,1.4142135623730951,3.0,3,1.0,0.0,1.4142135623730951,3.0,3,2.6666666666666665,3.0,2.0548046676563256,8.0,3,2.6666666666666665,3.0,2.0548046676563256,8.0,3,0.0,0.0,0.0,0.0,3,0.0,0.0,0.0,0.0,3,1,2,0,1,2,0,MUT,MUT,MUT
AGTGGATTCAGCACGA,BCOR,3.0,1.0,3.559026084010437,9.0,3,3.0,1.0,3.559026084010437,9.0,3,1.6666666666666667,0.0,2.357022603955158,5.0,3,1.6666666666666667,0.0,2.357022603955158,5.0,3,0.0,0.0,0.0,0.0,3,0.0,0.0,0.0,0.0,3,2,1,0,2,1,0,MUT,MUT,MUT
AGTGGCGGTGAACGGT,BCOR,0.0,0.0,0.0,0.0,1,0.0,0.0,0.0,0.0,1,4.0,4.0,0.0,4.0,1,4.0,4.0,0.0,4.0,1,0.0,0.0,0.0,0.0,1,0.0,0.0,0.0,0.0,1,0,1,0,0,1,0,MUT,MUT,MUT
AGTTACGCAGTTGCCC,BCOR,0.0,0.0,0.0,0.0,1,0.0,0.0,0.0,0.0,1,2.0,2.0,0.0,2.0,1,2.0,2.0,0.0,2.0,1,0.0,0.0,0.0,0.0,1,0.0,0.0,0.0,0.0,1,0,1,0,0,1,0,MUT,MUT,MUT
AGTTCCTCATTTGGGA,BCOR,0.0,0.0,0.0,0.0,1,0.0,0.0,0.0,0.0,1,1.0,1.0,0.0,1.0,1,1.0,1.0,0.0,1.0,1,0.0,0.0,0.0,0.0,1,0.0,0.0,0.0,0.0,1,0,1,0,0,1,0,MUT,MUT,MUT
ATAAAGGCATGGCCGA,BCOR,3.0,3.0,0.0,3.0,1,3.0,3.0,0.0,3.0,1,0.0,0.0,0.0,0.0,1,0.0,0.0,0.0,0.0,1,0.0,0.0,0.0,0.0,1,0.0,0.0,0.0,0.0,1,1,0,0,1,0,0,WT,WT,WT
ATAACCAAGCTCCCTC,BCOR,1.6666666666666667,0.0,2.357022603955158,5.0,3,1.6666666666666667,0.0,2.357022603955158,5.0,3,1.6666666666666667,2.0,1.247219128924647,5.0,3,1.6666666666666667,2.0,1.247219128924647,5.0,3,0.0,0.0,0.0,0.0,3,0.0,0.0,0.0,0.0,3,1,2,0,1,2,0,MUT,MUT,MUT
ATAACCCGTAAGCTAG,BCOR,0.0,0.0,0.0,0.0,1,0.0,0.0,0.0,0.0,1,1.0,1.0,0.0,1.0,1,1.0,1.0,0.0,1.0,1,0.0,0.0,0.0,0.0,1,0.0,0.0,0.0,0.0,1,0,1,0,0,1,0,MUT,MUT,MUT
ATAAGCCAGGAACCTG,BCOR,0.0,0.0,0.0,0.0,1,0.0,0.0,0.0,0.0,1,8.0,8.0,0.0,8.0,1,8.0,8.0,0.0,8.0,1,0.0,0.0,0.0,0.0,1,0.0,0.0,0.0,0.0,1,0,1,0,0,1,0,MUT,MUT,MUT
ATACCCGGTAATGGAT,BCOR,0.0,0.0,0.0,0.0,1,0.0,0.0,0.0,0.0,1,1.0,1.0,0.0,1.0,1,1.0,1.0,0.0,1.0,1,0.0,0.0,0.0,0.0,1,0.0,0.0,0.0,0.0,1,0,1,0,0,1,0,MUT,MUT,MUT
ATACCCGGTTACCGTG,BCOR,5.0,5.0,0.0,5.0,1,5.0,5.0,0.0,5.0,1,0.0,0.0,0.0,0.0,1,0.0,0.0,0.0,0.0,1,0.0,0.0,0.0,0.0,1,0.0,0.0,0.0,0.0,1,1,0,0,1,0,0,WT,WT,WT
ATAGAAGCACTAAGGC,BCOR,0.0,0.0,0.0,0.0,1,0.0,0.0,0.0,0.0,1,2.0,2.0,0.0,2.0,1,2.0,2.0,0.0,2.0,1,0.0,0.0,0.0,0.0,1,0.0,0.0,0.0,0.0,1,0,1,0,0,1,0,MUT,MUT,MUT
ATAGCAGGTACCTAGT,BCOR,0.5,0.5,0.5,1.0,2,0.5,0.5,0.5,1.0,2,1.0,1.0,1.0,2.0,2,1.0,1.0,1.0,2.0,2,0.0,0.0,0.0,0.0,2,0.0,0.0,0.0,0.0,2,1,1,0,1,1,0,MUT,MUT,MUT
ATAGCAGGTATTTGTG,BCOR,2.0,2.0,1.0,4.0,2,2.0,2.0,1.0,4.0,2,0.0,0.0,0.0,0.0,2,0.0,0.0,0.0,0.0,2,0.0,0.0,0.0,0.0,2,0.0,0.0,0.0,0.0,2,2,0,0,2,0,0,WT,WT,WT
ATAGCGAGTCAGGGCA,BCOR,4.0,4.0,0.0,4.0,1,4.0,4.0,0.0,4.0,1,0.0,0.0,0.0,0.0,1,0.0,0.0,0.0,0.0,1,0.0,0.0,0.0,0.0,1,0.0,0.0,0.0,0.0,1,1,0,0,1,0,0,WT,WT,WT
ATAGGCGTCCTGATCA,BCOR,0.0,0.0,0.0,0.0,1,0.0,0.0,0.0,0.0,1,3.0,3.0,0.0,3.0,1,3.0,3.0,0.0,3.0,1,0.0,0.0,0.0,0.0,1,0.0,0.0,0.0,0.0,1,0,1,0,0,1,0,MUT,MUT,MUT
ATATGCAAGCTTAAAG,BCOR,3.0,3.0,3.0,6.0,2,3.0,3.0,3.0,6.0,2,0.5,0.5,0.5,1.0,2,0.5,0.5,0.5,1.0,2,0.0,0.0,0.0,0.0,2,0.0,0.0,0.0,0.0,2,1,1,0,1,1,0,MUT,MUT,MUT
ATCAGCACAATAGAGA,BCOR,0.0,0.0,0.0,0.0,1,0.0,0.0,0.0,0.0,1,1.0,1.0,0.0,1.0,1,1.0,1.0,0.0,1.0,1,0.0,0.0,0.0,0.0,1,0.0,0.0,0.0,0.0,1,0,1,0,0,1,0,MUT,MUT,MUT
ATCAGCACAGGTATAT,BCOR,0.0,0.0,0.0,0.0,1,0.0,0.0,0.0,0.0,1,2.0,2.0,0.0,2.0,1,2.0,2.0,0.0,2.0,1,0.0,0.0,0.0,0.0,1,0.0,0.0,0.0,0.0,1,0,1,0,0,1,0,MUT,MUT,MUT
ATCATCAGTTTGTTTC,BCOR,2.0,1.0,2.160246899469287,6.0,3,2.0,1.0,2.160246899469287,6.0,3,0.3333333333333333,0.0,0.4714045207910317,1.0,3,0.3333333333333333,0.0,0.4714045207910317,1.0,3,0.0,0.0,0.0,0.0,3,0.0,0.0,0.0,0.0,3,2,1,0,2,1,0,MUT,MUT,MUT
ATCGATGCATGCGCAG,BCOR,0.0,0.0,0.0,0.0,1,0.0,0.0,0.0,0.0,1,11.0,11.0,0.0,11.0,1,11.0,11.0,0.0,11.0,1,0.0,0.0,0.0,0.0,1,0.0,0.0,0.0,0.0,1,0,1,0,0,1,0,MUT,MUT,MUT
ATCGATTTCCGGATAG,BCOR,2.0,2.0,0.0,2.0,1,2.0,2.0,0.0,2.0,1,0.0,0.0,0.0,0.0,1,0.0,0.0,0.0,0.0,1,0.0,0.0,0.0,0.0,1,0.0,0.0,0.0,0.0,1,1,0,0,1,0,0,WT,WT,WT
ATCGCTTCAACTAGTG,BCOR,3.0,3.0,0.0,3.0,1,3.0,3.0,0.0,3.0,1,0.0,0.0,0.0,0.0,1,0.0,0.0,0.0,0.0,1,0.0,0.0,0.0,0.0,1,0.0,0.0,0.0,0.0,1,1,0,0,1,0,0,WT,WT,WT
ATCGTGACAACTTAGG,BCOR,1.0,1.0,0.0,1.0,1,1.0,1.0,0.0,1.0,1,0.0,0.0,0.0,0.0,1,0.0,0.0,0.0,0.0,1,0.0,0.0,0.0,0.0,1,0.0,0.0,0.0,0.0,1,1,0,0,1,0,0,WT,WT,WT
ATCTAGCGTATGGTGA,BCOR,0.0,0.0,0.0,0.0,1,0.0,0.0,0.0,0.0,1,2.0,2.0,0.0,2.0,1,2.0,2.0,0.0,2.0,1,0.0,0.0,0.0,0.0,1,0.0,0.0,0.0,0.0,1,0,1,0,0,1,0,MUT,MUT,MUT
ATGAAAGCATCACTCG,BCOR,1.0,1.0,0.0,2.0,2,1.0,1.0,0.0,2.0,2,0.0,0.0,0.0,0.0,2,0.0,0.0,0.0,0.0,2,0.0,0.0,0.0,0.0,2,0.0,0.0,0.0,0.0,2,2,0,0,2,0,0,WT,WT,WT
ATGACTTTCCAAACGG,BCOR,2.0,2.0,0.0,2.0,1,2.0,2.0,0.0,2.0,1,0.0,0.0,0.0,0.0,1,0.0,0.0,0.0,0.0,1,0.0,0.0,0.0,0.0,1,0.0,0.0,0.0,0.0,1,1,0,0,1,0,0,WT,WT,WT
ATGAGGCGTAAACTGG,BCOR,2.4285714285714284,2.0,2.1946130708196026,17.0,7,2.4285714285714284,2.0,2.1946130708196026,17.0,7,0.5714285714285714,0.0,1.049781318335648,4.0,7,0.5714285714285714,0.0,1.049781318335648,4.0,7,0.0,0.0,0.0,0.0,7,0.0,0.0,0.0,0.0,7,5,2,0,5,2,0,MUT,MUT,MUT
ATGCACCTCCTTTGGA,BCOR,0.0,0.0,0.0,0.0,2,0.0,0.0,0.0,0.0,2,1.0,1.0,0.0,2.0,2,1.0,1.0,0.0,2.0,2,0.0,0.0,0.0,0.0,2,0.0,0.0,0.0,0.0,2,0,2,0,0,2,0,MUT,MUT,MUT
ATGCGTCTCAACCGCT,BCOR,2.0,2.0,2.0,4.0,2,2.0,2.0,2.0,4.0,2,1.5,1.5,1.5,3.0,2,1.5,1.5,1.5,3.0,2,0.0,0.0,0.0,0.0,2,0.0,0.0,0.0,0.0,2,1,1,0,1,1,0,MUT,MUT,MUT
ATGGATTCAGGTATTG,BCOR,0.0,0.0,0.0,0.0,1,0.0,0.0,0.0,0.0,1,3.0,3.0,0.0,3.0,1,3.0,3.0,0.0,3.0,1,0.0,0.0,0.0,0.0,1,0.0,0.0,0.0,0.0,1,0,1,0,0,1,0,MUT,MUT,MUT
ATGGATTCATCATGCT,BCOR,1.0,1.0,0.0,1.0,1,1.0,1.0,0.0,1.0,1,0.0,0.0,0.0,0.0,1,0.0,0.0,0.0,0.0,1,0.0,0.0,0.0,0.0,1,0.0,0.0,0.0,0.0,1,1,0,0,1,0,0,WT,WT,WT
ATGGCCTTCGCTTGGT,BCOR,4.0,4.0,0.0,4.0,1,4.0,4.0,0.0,4.0,1,0.0,0.0,0.0,0.0,1,0.0,0.0,0.0,0.0,1,0.0,0.0,0.0,0.0,1,0.0,0.0,0.0,0.0,1,1,0,0,1,0,0,WT,WT,WT
ATGTGAGGTAAGGTTG,BCOR,0.0,0.0,0.0,0.0,1,0.0,0.0,0.0,0.0,1,1.0,1.0,0.0,1.0,1,1.0,1.0,0.0,1.0,1,0.0,0.0,0.0,0.0,1,0.0,0.0,0.0,0.0,1,0,1,0,0,1,0,MUT,MUT,MUT
ATGTGGGTCCAGAAAC,BCOR,13.0,13.0,0.0,13.0,1,13.0,13.0,0.0,13.0,1,0.0,0.0,0.0,0.0,1,0.0,0.0,0.0,0.0,1,0.0,0.0,0.0,0.0,1,0.0,0.0,0.0,0.0,1,1,0,0,1,0,0,WT,WT,WT
ATGTTGCGTGCTGATT,BCOR,0.0,0.0,0.0,0.0,1,0.0,0.0,0.0,0.0,1,4.0,4.0,0.0,4.0,1,4.0,4.0,0.0,4.0,1,0.0,0.0,0.0,0.0,1,0.0,0.0,0.0,0.0,1,0,1,0,0,1,0,MUT,MUT,MUT
ATTACGTTCACAAAGC,BCOR,0.5,0.5,0.5,1.0,2,0.5,0.5,0.5,1.0,2,1.0,1.0,1.0,2.0,2,1.0,1.0,1.0,2.0,2,0.0,0.0,0.0,0.0,2,0.0,0.0,0.0,0.0,2,1,1,0,1,1,0,MUT,MUT,MUT
ATTCGATTCCAGATAA,BCOR,4.0,4.0,0.0,4.0,1,4.0,4.0,0.0,4.0,1,0.0,0.0,0.0,0.0,1,0.0,0.0,0.0,0.0,1,0.0,0.0,0.0,0.0,1,0.0,0.0,0.0,0.0,1,1,0,0,1,0,0,WT,WT,WT
ATTGGCGAGCCAAACG,BCOR,3.0,3.0,3.0,6.0,2,3.0,3.0,3.0,6.0,2,0.5,0.5,0.5,1.0,2,0.5,0.5,0.5,1.0,2,0.0,0.0,0.0,0.0,2,0.0,0.0,0.0,0.0,2,1,1,0,1,1,0,MUT,MUT,MUT
ATTTGGTTCATAATGG,BCOR,1.0,1.0,1.0,2.0,2,1.0,1.0,1.0,2.0,2,1.0,1.0,1.0,2.0,2,1.0,1.0,1.0,2.0,2,0.0,0.0,0.0,0.0,2,0.0,0.0,0.0,0.0,2,1,1,0,1,1,0,MUT,MUT,MUT
ATTTGTCAGGGATGAA,BCOR,4.0,4.0,0.0,4.0,1,4.0,4.0,0.0,4.0,1,0.0,0.0,0.0,0.0,1,0.0,0.0,0.0,0.0,1,0.0,0.0,0.0,0.0,1,0.0,0.0,0.0,0.0,1,1,0,0,1,0,0,WT,WT,WT
ATTTGTCAGGGCGGAA,BCOR,1.0,0.5,1.224744871391589,4.0,4,1.0,0.5,1.224744871391589,4.0,4,1.5,1.0,1.6583123951777,6.0,4,1.5,1.0,1.6583123951777,6.0,4,0.0,0.0,0.0,0.0,4,0.0,0.0,0.0,0.0,4,2,2,0,2,2,0,MUT,MUT,MUT
CAACCGGCAATAGCTG,BCOR,8.0,8.0,0.0,8.0,1,8.0,8.0,0.0,8.0,1,0.0,0.0,0.0,0.0,1,0.0,0.0,0.0,0.0,1,0.0,0.0,0.0,0.0,1,0.0,0.0,0.0,0.0,1,1,0,0,1,0,0,WT,WT,WT
CAACCGGCACCTAAAG,BCOR,0.0,0.0,0.0,0.0,1,0.0,0.0,0.0,0.0,1,2.0,2.0,0.0,2.0,1,2.0,2.0,0.0,2.0,1,0.0,0.0,0.0,0.0,1,0.0,0.0,0.0,0.0,1,0,1,0,0,1,0,MUT,MUT,MUT
CAACCTGGTCTTTATC,BCOR,4.0,4.0,0.0,4.0,1,4.0,4.0,0.0,4.0,1,0.0,0.0,0.0,0.0,1,0.0,0.0,0.0,0.0,1,0.0,0.0,0.0,0.0,1,0.0,0.0,0.0,0.0,1,1,0,0,1,0,0,WT,WT,WT
CAACTAAAGGGTTTCC,BCOR,2.5,2.5,0.5,5.0,2,2.5,2.5,0.5,5.0,2,0.0,0.0,0.0,0.0,2,0.0,0.0,0.0,0.0,2,0.0,0.0,0.0,0.0,2,0.0,0.0,0.0,0.0,2,2,0,0,2,0,0,WT,WT,WT
CAAGACTAGCAATCCC,BCOR,0.0,0.0,0.0,0.0,1,0.0,0.0,0.0,0.0,1,1.0,1.0,0.0,1.0,1,1.0,1.0,0.0,1.0,1,0.0,0.0,0.0,0.0,1,0.0,0.0,0.0,0.0,1,0,1,0,0,1,0,MUT,MUT,MUT
CAAGGCCAGGAACCTG,BCOR,4.5,4.5,4.5,9.0,2,4.5,4.5,4.5,9.0,2,2.5,2.5,2.5,5.0,2,2.5,2.5,2.5,5.0,2,0.0,0.0,0.0,0.0,2,0.0,0.0,0.0,0.0,2,1,1,0,1,1,0,MUT,MUT,MUT
CAATAAGTCCATAAAG,BCOR,0.0,0.0,0.0,0.0,1,0.0,0.0,0.0,0.0,1,1.0,1.0,0.0,1.0,1,1.0,1.0,0.0,1.0,1,0.0,0.0,0.0,0.0,1,0.0,0.0,0.0,0.0,1,0,1,0,0,1,0,MUT,MUT,MUT
CAATAGCAGATGGATC,BCOR,2.0,2.0,0.816496580927726,6.0,3,2.0,2.0,0.816496580927726,6.0,3,0.0,0.0,0.0,0.0,3,0.0,0.0,0.0,0.0,3,0.0,0.0,0.0,0.0,3,0.0,0.0,0.0,0.0,3,3,0,0,3,0,0,WT,WT,WT
CAATAGTCACTAGCGG,BCOR,0.0,0.0,0.0,0.0,2,0.0,0.0,0.0,0.0,2,3.5,3.5,1.5,7.0,2,3.5,3.5,1.5,7.0,2,0.0,0.0,0.0,0.0,2,0.0,0.0,0.0,0.0,2,0,2,0,0,2,0,MUT,MUT,MUT
CAATAGTCATCCGCTA,BCOR,0.0,0.0,0.0,0.0,2,0.0,0.0,0.0,0.0,2,2.5,2.5,1.5,5.0,2,2.5,2.5,1.5,5.0,2,0.0,0.0,0.0,0.0,2,0.0,0.0,0.0,0.0,2,0,2,0,0,2,0,MUT,MUT,MUT
CAATGCCTCACTTCGA,BCOR,2.0,2.0,2.0,4.0,2,2.0,2.0,2.0,4.0,2,1.0,1.0,1.0,2.0,2,1.0,1.0,1.0,2.0,2,0.0,0.0,0.0,0.0,2,0.0,0.0,0.0,0.0,2,1,1,0,1,1,0,MUT,MUT,MUT
CACAAAGGTACCGTTG,BCOR,0.0,0.0,0.0,0.0,1,0.0,0.0,0.0,0.0,1,2.0,2.0,0.0,2.0,1,2.0,2.0,0.0,2.0,1,0.0,0.0,0.0,0.0,1,0.0,0.0,0.0,0.0,1,0,1,0,0,1,0,MUT,MUT,MUT
CACATAAAGCTGATGG,BCOR,1.5,1.5,1.118033988749895,6.0,4,1.5,1.5,1.118033988749895,6.0,4,0.5,0.0,0.8660254037844386,2.0,4,0.5,0.0,0.8660254037844386,2.0,4,0.0,0.0,0.0,0.0,4,0.0,0.0,0.0,0.0,4,3,1,0,3,1,0,MUT,MUT,MUT
CACCAACTCACAGGGC,BCOR,1.0,1.0,0.0,1.0,1,1.0,1.0,0.0,1.0,1,0.0,0.0,0.0,0.0,1,0.0,0.0,0.0,0.0,1,0.0,0.0,0.0,0.0,1,0.0,0.0,0.0,0.0,1,1,0,0,1,0,0,WT,WT,WT
CACCTGGTCAGGTAAC,BCOR,5.0,5.0,0.0,5.0,1,5.0,5.0,0.0,5.0,1,0.0,0.0,0.0,0.0,1,0.0,0.0,0.0,0.0,1,0.0,0.0,0.0,0.0,1,0.0,0.0,0.0,0.0,1,1,0,0,1,0,0,WT,WT,WT
CACGCATTCAAGTTAG,BCOR,1.0,1.0,1.0,2.0,2,1.0,1.0,1.0,2.0,2,2.5,2.5,2.5,5.0,2,2.5,2.5,2.5,5.0,2,0.0,0.0,0.0,0.0,2,0.0,0.0,0.0,0.0,2,1,1,0,1,1,0,MUT,MUT,MUT
CACGCATTCAATGTTC,BCOR,4.5,4.5,4.5,9.0,2,4.5,4.5,4.5,9.0,2,1.5,1.5,1.5,3.0,2,1.5,1.5,1.5,3.0,2,0.0,0.0,0.0,0.0,2,0.0,0.0,0.0,0.0,2,1,1,0,1,1,0,MUT,MUT,MUT
CACTAACGTAATCCTA,BCOR,2.0,0.0,2.8284271247461903,6.0,3,2.0,0.0,2.8284271247461903,6.0,3,2.6666666666666665,4.0,1.8856180831641267,8.0,3,2.6666666666666665,4.0,1.8856180831641267,8.0,3,0.0,0.0,0.0,0.0,3,0.0,0.0,0.0,0.0,3,1,2,0,1,2,0,MUT,MUT,MUT
CACTCCCTCACTGTCA,BCOR,0.6,0.0,1.2000000000000002,3.0,5,0.6,0.0,1.2000000000000002,3.0,5,1.4,1.0,1.019803902718557,7.0,5,1.4,1.0,1.019803902718557,7.0,5,0.0,0.0,0.0,0.0,5,0.0,0.0,0.0,0.0,5,1,4,0,1,4,0,MUT,MUT,MUT
CACTCCCTCCAACAGG,BCOR,0.0,0.0,0.0,0.0,2,0.0,0.0,0.0,0.0,2,4.0,4.0,3.0,8.0,2,4.0,4.0,3.0,8.0,2,0.0,0.0,0.0,0.0,2,0.0,0.0,0.0,0.0,2,0,2,0,0,2,0,MUT,MUT,MUT
CACTTGATCATGAATG,BCOR,3.3333333333333335,2.0,2.6246692913372702,10.0,3,3.3333333333333335,2.0,2.6246692913372702,10.0,3,0.0,0.0,0.0,0.0,3,0.0,0.0,0.0,0.0,3,0.0,0.0,0.0,0.0,3,0.0,0.0,0.0,0.0,3,3,0,0,3,0,0,WT,WT,WT
CACTTTACAACCTCGC,BCOR,0.0,0.0,0.0,0.0,2,0.0,0.0,0.0,0.0,2,2.0,2.0,1.0,4.0,2,2.0,2.0,1.0,4.0,2,0.0,0.0,0.0,0.0,2,0.0,0.0,0.0,0.0,2,0,2,0,0,2,0,MUT,MUT,MUT
CAGCAATAGGTCAATA,BCOR,0.0,0.0,0.0,0.0,2,0.0,0.0,0.0,0.0,2,5.5,5.5,3.5,11.0,2,5.5,5.5,3.5,11.0,2,0.0,0.0,0.0,0.0,2,0.0,0.0,0.0,0.0,2,0,2,0,0,2,0,MUT,MUT,MUT
CAGCTAGAGGATGGTT,BCOR,8.0,8.0,0.0,8.0,1,8.0,8.0,0.0,8.0,1,0.0,0.0,0.0,0.0,1,0.0,0.0,0.0,0.0,1,0.0,0.0,0.0,0.0,1,0.0,0.0,0.0,0.0,1,1,0,0,1,0,0,WT,WT,WT
CAGGTAAGTTAAGCTC,BCOR,5.0,5.0,0.0,5.0,1,5.0,5.0,0.0,5.0,1,0.0,0.0,0.0,0.0,1,0.0,0.0,0.0,0.0,1,0.0,0.0,0.0,0.0,1,0.0,0.0,0.0,0.0,1,1,0,0,1,0,0,WT,WT,WT
CAGGTTACATAAGCTG,BCOR,1.75,1.0,2.0463381929681126,7.0,4,1.75,1.0,2.0463381929681126,7.0,4,5.0,1.0,7.54983443527075,20.0,4,5.0,1.0,7.54983443527075,20.0,4,0.0,0.0,0.0,0.0,4,0.0,0.0,0.0,0.0,4,2,2,0,2,2,0,MUT,MUT,MUT
CAGGTTCTCAACTGTT,BCOR,2.5,2.5,2.5,5.0,2,2.5,2.5,2.5,5.0,2,4.5,4.5,4.5,9.0,2,4.5,4.5,4.5,9.0,2,0.0,0.0,0.0,0.0,2,0.0,0.0,0.0,0.0,2,1,1,0,1,1,0,MUT,MUT,MUT
CAGTGAAGTAAATAGC,BCOR,4.0,4.0,2.0,8.0,2,4.0,4.0,2.0,8.0,2,0.0,0.0,0.0,0.0,2,0.0,0.0,0.0,0.0,2,0.0,0.0,0.0,0.0,2,0.0,0.0,0.0,0.0,2,2,0,0,2,0,0,WT,WT,WT
CAGTGAAGTAATGGAT,BCOR,0.0,0.0,0.0,0.0,1,0.0,0.0,0.0,0.0,1,3.0,3.0,0.0,3.0,1,3.0,3.0,0.0,3.0,1,0.0,0.0,0.0,0.0,1,0.0,0.0,0.0,0.0,1,0,1,0,0,1,0,MUT,MUT,MUT
CAGTGAAGTACGCACC,BCOR,0.0,0.0,0.0,0.0,1,0.0,0.0,0.0,0.0,1,5.0,5.0,0.0,5.0,1,5.0,5.0,0.0,5.0,1,0.0,0.0,0.0,0.0,1,0.0,0.0,0.0,0.0,1,0,1,0,0,1,0,MUT,MUT,MUT
CATAGCCTCAGTTTAC,BCOR,0.0,0.0,0.0,0.0,1,0.0,0.0,0.0,0.0,1,1.0,1.0,0.0,1.0,1,1.0,1.0,0.0,1.0,1,0.0,0.0,0.0,0.0,1,0.0,0.0,0.0,0.0,1,0,1,0,0,1,0,MUT,MUT,MUT
CATAGGTAGCCATAAA,BCOR,1.0,1.0,0.0,1.0,1,1.0,1.0,0.0,1.0,1,0.0,0.0,0.0,0.0,1,0.0,0.0,0.0,0.0,1,0.0,0.0,0.0,0.0,1,0.0,0.0,0.0,0.0,1,1,0,0,1,0,0,WT,WT,WT
CATCAATTCGATTATC,BCOR,0.0,0.0,0.0,0.0,1,0.0,0.0,0.0,0.0,1,1.0,1.0,0.0,1.0,1,1.0,1.0,0.0,1.0,1,0.0,0.0,0.0,0.0,1,0.0,0.0,0.0,0.0,1,0,1,0,0,1,0,MUT,MUT,MUT
CATCCTTTCGGCTAAG,BCOR,0.0,0.0,0.0,0.0,1,0.0,0.0,0.0,0.0,1,1.0,1.0,0.0,1.0,1,1.0,1.0,0.0,1.0,1,0.0,0.0,0.0,0.0,1,0.0,0.0,0.0,0.0,1,0,1,0,0,1,0,MUT,MUT,MUT
CATGAAGGTGACATGA,BCOR,0.0,0.0,0.0,0.0,1,0.0,0.0,0.0,0.0,1,2.0,2.0,0.0,2.0,1,2.0,2.0,0.0,2.0,1,0.0,0.0,0.0,0.0,1,0.0,0.0,0.0,0.0,1,0,1,0,0,1,0,MUT,MUT,MUT
CATGCTGGTCAGGATA,BCOR,6.5,6.5,6.5,13.0,2,6.5,6.5,6.5,13.0,2,0.5,0.5,0.5,1.0,2,0.5,0.5,0.5,1.0,2,0.0,0.0,0.0,0.0,2,0.0,0.0,0.0,0.0,2,1,1,0,1,1,0,MUT,MUT,MUT
CATGCTTCAAGTCGCG,BCOR,0.0,0.0,0.0,0.0,2,0.0,0.0,0.0,0.0,2,1.5,1.5,0.5,3.0,2,1.5,1.5,0.5,3.0,2,0.0,0.0,0.0,0.0,2,0.0,0.0,0.0,0.0,2,0,2,0,0,2,0,MUT,MUT,MUT
CATTTCGAGTTTCGCA,BCOR,1.0,1.0,0.0,1.0,1,1.0,1.0,0.0,1.0,1,0.0,0.0,0.0,0.0,1,0.0,0.0,0.0,0.0,1,0.0,0.0,0.0,0.0,1,0.0,0.0,0.0,0.0,1,1,0,0,1,0,0,WT,WT,WT
CCAACCGTCATTGAAG,BCOR,6.0,6.0,1.0,12.0,2,6.0,6.0,1.0,12.0,2,0.0,0.0,0.0,0.0,2,0.0,0.0,0.0,0.0,2,0.0,0.0,0.0,0.0,2,0.0,0.0,0.0,0.0,2,2,0,0,2,0,0,WT,WT,WT
CCAACCGTCTAATTGC,BCOR,5.0,5.0,0.0,5.0,1,5.0,5.0,0.0,5.0,1,0.0,0.0,0.0,0.0,1,0.0,0.0,0.0,0.0,1,0.0,0.0,0.0,0.0,1,0.0,0.0,0.0,0.0,1,1,0,0,1,0,0,WT,WT,WT
CCAAGCTTCCTCACTT,BCOR,1.0,1.0,0.0,2.0,2,1.0,1.0,0.0,2.0,2,0.0,0.0,0.0,0.0,2,0.0,0.0,0.0,0.0,2,0.0,0.0,0.0,0.0,2,0.0,0.0,0.0,0.0,2,2,0,0,2,0,0,WT,WT,WT
CCAAGCTTCGGGCAGT,BCOR,6.0,6.0,0.0,6.0,1,6.0,6.0,0.0,6.0,1,0.0,0.0,0.0,0.0,1,0.0,0.0,0.0,0.0,1,0.0,0.0,0.0,0.0,1,0.0,0.0,0.0,0.0,1,1,0,0,1,0,0,WT,WT,WT
CCAAGGATCATTGAAG,BCOR,2.0,2.0,0.0,2.0,1,2.0,2.0,0.0,2.0,1,0.0,0.0,0.0,0.0,1,0.0,0.0,0.0,0.0,1,0.0,0.0,0.0,0.0,1,0.0,0.0,0.0,0.0,1,1,0,0,1,0,0,WT,WT,WT
CCAATTAGTTCATTGA,BCOR,2.0,2.0,0.0,2.0,1,2.0,2.0,0.0,2.0,1,0.0,0.0,0.0,0.0,1,0.0,0.0,0.0,0.0,1,0.0,0.0,0.0,0.0,1,0.0,0.0,0.0,0.0,1,1,0,0,1,0,0,WT,WT,WT
CCAATTTAGAAAGGCA,BCOR,0.0,0.0,0.0,0.0,1,0.0,0.0,0.0,0.0,1,1.0,1.0,0.0,1.0,1,1.0,1.0,0.0,1.0,1,0.0,0.0,0.0,0.0,1,0.0,0.0,0.0,0.0,1,0,1,0,0,1,0,MUT,MUT,MUT
CCACTAATCGAAGGCC,BCOR,2.6,0.0,5.2,13.0,5,2.6,0.0,5.2,13.0,5,2.4,2.0,1.624807680927192,12.0,5,2.4,2.0,1.624807680927192,12.0,5,0.0,0.0,0.0,0.0,5,0.0,0.0,0.0,0.0,5,1,4,0,1,4,0,MUT,MUT,MUT
CCAGAACCACACTGGG,BCOR,10.0,10.0,0.0,10.0,1,10.0,10.0,0.0,10.0,1,0.0,0.0,0.0,0.0,1,0.0,0.0,0.0,0.0,1,0.0,0.0,0.0,0.0,1,0.0,0.0,0.0,0.0,1,1,0,0,1,0,0,WT,WT,WT
CCAGCTTAGGTTGCTC,BCOR,5.333333333333333,6.0,0.9428090415820634,16.0,3,5.333333333333333,6.0,0.9428090415820634,16.0,3,0.0,0.0,0.0,0.0,3,0.0,0.0,0.0,0.0,3,0.0,0.0,0.0,0.0,3,0.0,0.0,0.0,0.0,3,3,0,0,3,0,0,WT,WT,WT
CCAGGTTTCGGGACTA,BCOR,1.5,1.5,1.5,3.0,2,1.5,1.5,1.5,3.0,2,1.0,1.0,1.0,2.0,2,1.0,1.0,1.0,2.0,2,0.0,0.0,0.0,0.0,2,0.0,0.0,0.0,0.0,2,1,1,0,1,1,0,MUT,MUT,MUT
CCCATAATCGCGAGTA,BCOR,4.0,4.0,0.0,4.0,1,4.0,4.0,0.0,4.0,1,0.0,0.0,0.0,0.0,1,0.0,0.0,0.0,0.0,1,0.0,0.0,0.0,0.0,1,0.0,0.0,0.0,0.0,1,1,0,0,1,0,0,WT,WT,WT
CCCATAATCTTTGGAT,BCOR,4.0,4.0,0.0,4.0,1,4.0,4.0,0.0,4.0,1,0.0,0.0,0.0,0.0,1,0.0,0.0,0.0,0.0,1,0.0,0.0,0.0,0.0,1,0.0,0.0,0.0,0.0,1,1,0,0,1,0,0,WT,WT,WT
CCCATCACATATGGTG,BCOR,8.0,8.0,0.0,8.0,1,8.0,8.0,0.0,8.0,1,0.0,0.0,0.0,0.0,1,0.0,0.0,0.0,0.0,1,0.0,0.0,0.0,0.0,1,0.0,0.0,0.0,0.0,1,1,0,0,1,0,0,WT,WT,WT
CCCATTAAGGCGCATA,BCOR,0.0,0.0,0.0,0.0,1,0.0,0.0,0.0,0.0,1,4.0,4.0,0.0,4.0,1,4.0,4.0,0.0,4.0,1,0.0,0.0,0.0,0.0,1,0.0,0.0,0.0,0.0,1,0,1,0,0,1,0,MUT,MUT,MUT
CCCGTAAGTGGATGCG,BCOR,2.0,2.0,0.0,2.0,1,2.0,2.0,0.0,2.0,1,0.0,0.0,0.0,0.0,1,0.0,0.0,0.0,0.0,1,0.0,0.0,0.0,0.0,1,0.0,0.0,0.0,0.0,1,1,0,0,1,0,0,WT,WT,WT
CCCTGTGAGCTATTAC,BCOR,7.0,7.0,0.0,7.0,1,7.0,7.0,0.0,7.0,1,0.0,0.0,0.0,0.0,1,0.0,0.0,0.0,0.0,1,0.0,0.0,0.0,0.0,1,0.0,0.0,0.0,0.0,1,1,0,0,1,0,0,WT,WT,WT
CCCTGTTGTGCGCATC,BCOR,5.0,5.0,0.0,5.0,1,5.0,5.0,0.0,5.0,1,0.0,0.0,0.0,0.0,1,0.0,0.0,0.0,0.0,1,0.0,0.0,0.0,0.0,1,0.0,0.0,0.0,0.0,1,1,0,0,1,0,0,WT,WT,WT
CCGGTACGTCAATTCA,BCOR,5.333333333333333,5.0,3.6817870057290873,16.0,3,5.333333333333333,5.0,3.6817870057290873,16.0,3,0.0,0.0,0.0,0.0,3,0.0,0.0,0.0,0.0,3,0.0,0.0,0.0,0.0,3,0.0,0.0,0.0,0.0,3,3,0,0,3,0,0,WT,WT,WT
CCGTTGTAGGGATTTA,BCOR,0.0,0.0,0.0,0.0,1,0.0,0.0,0.0,0.0,1,4.0,4.0,0.0,4.0,1,4.0,4.0,0.0,4.0,1,0.0,0.0,0.0,0.0,1,0.0,0.0,0.0,0.0,1,0,1,0,0,1,0,MUT,MUT,MUT
CCTAATCCAAGGCCTG,BCOR,1.0,1.0,1.0,2.0,2,1.0,1.0,1.0,2.0,2,0.5,0.5,0.5,1.0,2,0.5,0.5,0.5,1.0,2,0.0,0.0,0.0,0.0,2,0.0,0.0,0.0,0.0,2,1,1,0,1,1,0,MUT,MUT,MUT
CCTACTTTCATCCCAA,BCOR,2.0,2.0,0.0,2.0,1,2.0,2.0,0.0,2.0,1,0.0,0.0,0.0,0.0,1,0.0,0.0,0.0,0.0,1,0.0,0.0,0.0,0.0,1,0.0,0.0,0.0,0.0,1,1,0,0,1,0,0,WT,WT,WT
CCTAGGTTCATGCGTC,BCOR,0.5,0.5,0.5,2.0,4,0.5,0.5,0.5,2.0,4,0.75,0.5,0.82915619758885,3.0,4,0.75,0.5,0.82915619758885,3.0,4,0.0,0.0,0.0,0.0,4,0.0,0.0,0.0,0.0,4,2,2,0,2,2,0,MUT,MUT,MUT
CCTCAAATCACATTCG,BCOR,2.0,2.0,0.0,2.0,1,2.0,2.0,0.0,2.0,1,0.0,0.0,0.0,0.0,1,0.0,0.0,0.0,0.0,1,0.0,0.0,0.0,0.0,1,0.0,0.0,0.0,0.0,1,1,0,0,1,0,0,WT,WT,WT
CCTCAAATCCGCCCAA,BCOR,1.0,1.0,0.0,1.0,1,1.0,1.0,0.0,1.0,1,0.0,0.0,0.0,0.0,1,0.0,0.0,0.0,0.0,1,0.0,0.0,0.0,0.0,1,0.0,0.0,0.0,0.0,1,1,0,0,1,0,0,WT,WT,WT
CCTCAAGGTATCCGCA,BCOR,0.0,0.0,0.0,0.0,1,0.0,0.0,0.0,0.0,1,2.0,2.0,0.0,2.0,1,2.0,2.0,0.0,2.0,1,0.0,0.0,0.0,0.0,1,0.0,0.0,0.0,0.0,1,0,1,0,0,1,0,MUT,MUT,MUT
CCTCAGCCAGGATTAT,BCOR,2.0,2.0,0.0,2.0,1,2.0,2.0,0.0,2.0,1,0.0,0.0,0.0,0.0,1,0.0,0.0,0.0,0.0,1,0.0,0.0,0.0,0.0,1,0.0,0.0,0.0,0.0,1,1,0,0,1,0,0,WT,WT,WT
CCTGGTCCAGCCATAA,BCOR,5.0,5.0,0.0,5.0,1,5.0,5.0,0.0,5.0,1,0.0,0.0,0.0,0.0,1,0.0,0.0,0.0,0.0,1,0.0,0.0,0.0,0.0,1,0.0,0.0,0.0,0.0,1,1,0,0,1,0,0,WT,WT,WT
CCTTATGAGACCAGGC,BCOR,0.0,0.0,0.0,0.0,1,0.0,0.0,0.0,0.0,1,4.0,4.0,0.0,4.0,1,4.0,4.0,0.0,4.0,1,0.0,0.0,0.0,0.0,1,0.0,0.0,0.0,0.0,1,0,1,0,0,1,0,MUT,MUT,MUT
CCTTCCATCCTTGAGC,BCOR,0.0,0.0,0.0,0.0,1,0.0,0.0,0.0,0.0,1,1.0,1.0,0.0,1.0,1,1.0,1.0,0.0,1.0,1,0.0,0.0,0.0,0.0,1,0.0,0.0,0.0,0.0,1,0,1,0,0,1,0,MUT,MUT,MUT
CGAAATGGTTTGGCCA,BCOR,7.0,7.0,0.0,7.0,1,7.0,7.0,0.0,7.0,1,0.0,0.0,0.0,0.0,1,0.0,0.0,0.0,0.0,1,0.0,0.0,0.0,0.0,1,0.0,0.0,0.0,0.0,1,1,0,0,1,0,0,WT,WT,WT
CGAACTTGTGACACAA,BCOR,0.0,0.0,0.0,0.0,1,0.0,0.0,0.0,0.0,1,5.0,5.0,0.0,5.0,1,5.0,5.0,0.0,5.0,1,0.0,0.0,0.0,0.0,1,0.0,0.0,0.0,0.0,1,0,1,0,0,1,0,MUT,MUT,MUT
CGACACAAGGTATTTC,BCOR,0.0,0.0,0.0,0.0,1,0.0,0.0,0.0,0.0,1,1.0,1.0,0.0,1.0,1,1.0,1.0,0.0,1.0,1,0.0,0.0,0.0,0.0,1,0.0,0.0,0.0,0.0,1,0,1,0,0,1,0,MUT,MUT,MUT
CGACATTGTTTACGAC,BCOR,0.0,0.0,0.0,0.0,1,0.0,0.0,0.0,0.0,1,2.0,2.0,0.0,2.0,1,2.0,2.0,0.0,2.0,1,0.0,0.0,0.0,0.0,1,0.0,0.0,0.0,0.0,1,0,1,0,0,1,0,MUT,MUT,MUT
CGCAAGGGTTAATCCA,BCOR,0.0,0.0,0.0,0.0,1,0.0,0.0,0.0,0.0,1,1.0,1.0,0.0,1.0,1,1.0,1.0,0.0,1.0,1,0.0,0.0,0.0,0.0,1,0.0,0.0,0.0,0.0,1,0,1,0,0,1,0,MUT,MUT,MUT
CGCAATTGTCCACAAT,BCOR,1.0,1.0,0.0,1.0,1,1.0,1.0,0.0,1.0,1,0.0,0.0,0.0,0.0,1,0.0,0.0,0.0,0.0,1,0.0,0.0,0.0,0.0,1,0.0,0.0,0.0,0.0,1,1,0,0,1,0,0,WT,WT,WT
CGCAGGTAGTTGACCC,BCOR,3.1666666666666665,0.0,5.4594464513864,38.0,12,3.1666666666666665,0.0,5.4594464513864,38.0,12,2.5,2.5,2.3979157616563596,30.0,12,2.5,2.5,2.3979157616563596,30.0,12,0.0,0.0,0.0,0.0,12,0.0,0.0,0.0,0.0,12,4,8,0,4,8,0,MUT,MUT,MUT
CGCATCCCATTGCCTG,BCOR,0.0,0.0,0.0,0.0,1,0.0,0.0,0.0,0.0,1,8.0,8.0,0.0,8.0,1,8.0,8.0,0.0,8.0,1,0.0,0.0,0.0,0.0,1,0.0,0.0,0.0,0.0,1,0,1,0,0,1,0,MUT,MUT,MUT
CGCGACACATATTTCG,BCOR,3.0,3.0,0.0,3.0,1,3.0,3.0,0.0,3.0,1,0.0,0.0,0.0,0.0,1,0.0,0.0,0.0,0.0,1,0.0,0.0,0.0,0.0,1,0.0,0.0,0.0,0.0,1,1,0,0,1,0,0,WT,WT,WT
CGCGATAAGGCTGTGA,BCOR,3.0,3.0,0.0,3.0,1,3.0,3.0,0.0,3.0,1,0.0,0.0,0.0,0.0,1,0.0,0.0,0.0,0.0,1,0.0,0.0,0.0,0.0,1,0.0,0.0,0.0,0.0,1,1,0,0,1,0,0,WT,WT,WT
CGCTACGTCGATATTC,BCOR,0.0,0.0,0.0,0.0,1,0.0,0.0,0.0,0.0,1,4.0,4.0,0.0,4.0,1,4.0,4.0,0.0,4.0,1,0.0,0.0,0.0,0.0,1,0.0,0.0,0.0,0.0,1,0,1,0,0,1,0,MUT,MUT,MUT
CGCTTTAAGAGGATAG,BCOR,1.0,1.0,0.0,1.0,1,1.0,1.0,0.0,1.0,1,0.0,0.0,0.0,0.0,1,0.0,0.0,0.0,0.0,1,0.0,0.0,0.0,0.0,1,0.0,0.0,0.0,0.0,1,1,0,0,1,0,0,WT,WT,WT
CGCTTTAAGCTTACAT,BCOR,1.0,1.0,1.0,2.0,2,1.0,1.0,1.0,2.0,2,2.0,2.0,2.0,4.0,2,2.0,2.0,2.0,4.0,2,0.0,0.0,0.0,0.0,2,0.0,0.0,0.0,0.0,2,1,1,0,1,1,0,MUT,MUT,MUT
CGGAACGGTTAAGCTC,BCOR,8.0,8.0,0.0,8.0,1,8.0,8.0,0.0,8.0,1,0.0,0.0,0.0,0.0,1,0.0,0.0,0.0,0.0,1,0.0,0.0,0.0,0.0,1,0.0,0.0,0.0,0.0,1,1,0,0,1,0,0,WT,WT,WT
CGGCTAAAGACTATTC,BCOR,4.0,4.0,0.0,4.0,1,4.0,4.0,0.0,4.0,1,0.0,0.0,0.0,0.0,1,0.0,0.0,0.0,0.0,1,0.0,0.0,0.0,0.0,1,0.0,0.0,0.0,0.0,1,1,0,0,1,0,0,WT,WT,WT
CGGGCTACACTAACGA,BCOR,2.0,2.0,2.0,4.0,2,2.0,2.0,2.0,4.0,2,0.5,0.5,0.5,1.0,2,0.5,0.5,0.5,1.0,2,0.0,0.0,0.0,0.0,2,0.0,0.0,0.0,0.0,2,1,1,0,1,1,0,MUT,MUT,MUT
CGGTTATGTCACTAGT,BCOR,0.0,0.0,0.0,0.0,1,0.0,0.0,0.0,0.0,1,1.0,1.0,0.0,1.0,1,1.0,1.0,0.0,1.0,1,0.0,0.0,0.0,0.0,1,0.0,0.0,0.0,0.0,1,0,1,0,0,1,0,MUT,MUT,MUT
CGTAAAGGTTGAGCTT,BCOR,0.0,0.0,0.0,0.0,1,0.0,0.0,0.0,0.0,1,3.0,3.0,0.0,3.0,1,3.0,3.0,0.0,3.0,1,0.0,0.0,0.0,0.0,1,0.0,0.0,0.0,0.0,1,0,1,0,0,1,0,MUT,MUT,MUT
CGTAATCGTTAGGTGA,BCOR,5.0,5.0,0.0,5.0,1,5.0,5.0,0.0,5.0,1,0.0,0.0,0.0,0.0,1,0.0,0.0,0.0,0.0,1,0.0,0.0,0.0,0.0,1,0.0,0.0,0.0,0.0,1,1,0,0,1,0,0,WT,WT,WT
CGTACGTTCGGCTAAG,BCOR,5.0,5.0,0.0,5.0,1,5.0,5.0,0.0,5.0,1,0.0,0.0,0.0,0.0,1,0.0,0.0,0.0,0.0,1,0.0,0.0,0.0,0.0,1,0.0,0.0,0.0,0.0,1,1,0,0,1,0,0,WT,WT,WT
CGTACTTCACTATGTC,BCOR,3.0,3.0,0.0,3.0,1,3.0,3.0,0.0,3.0,1,0.0,0.0,0.0,0.0,1,0.0,0.0,0.0,0.0,1,0.0,0.0,0.0,0.0,1,0.0,0.0,0.0,0.0,1,1,0,0,1,0,0,WT,WT,WT
CGTAGCGCAATTGCGA,BCOR,0.0,0.0,0.0,0.0,1,0.0,0.0,0.0,0.0,1,1.0,1.0,0.0,1.0,1,1.0,1.0,0.0,1.0,1,0.0,0.0,0.0,0.0,1,0.0,0.0,0.0,0.0,1,0,1,0,0,1,0,MUT,MUT,MUT
CGTTGCGTCAAGCGAT,BCOR,0.0,0.0,0.0,0.0,1,0.0,0.0,0.0,0.0,1,4.0,4.0,0.0,4.0,1,4.0,4.0,0.0,4.0,1,0.0,0.0,0.0,0.0,1,0.0,0.0,0.0,0.0,1,0,1,0,0,1,0,MUT,MUT,MUT
CGTTTGGGTGGATGGT,BCOR,2.0,2.0,0.0,2.0,1,2.0,2.0,0.0,2.0,1,0.0,0.0,0.0,0.0,1,0.0,0.0,0.0,0.0,1,0.0,0.0,0.0,0.0,1,0.0,0.0,0.0,0.0,1,1,0,0,1,0,0,WT,WT,WT
CTAACCGGTGGGTGTG,BCOR,0.0,0.0,0.0,0.0,3,0.0,0.0,0.0,0.0,3,2.3333333333333335,1.0,1.8856180831641267,7.0,3,2.3333333333333335,1.0,1.8856180831641267,7.0,3,0.0,0.0,0.0,0.0,3,0.0,0.0,0.0,0.0,3,0,3,0,0,3,0,MUT,MUT,MUT
CTAACCGGTTGTGAGA,BCOR,0.0,0.0,0.0,0.0,1,0.0,0.0,0.0,0.0,1,2.0,2.0,0.0,2.0,1,2.0,2.0,0.0,2.0,1,0.0,0.0,0.0,0.0,1,0.0,0.0,0.0,0.0,1,0,1,0,0,1,0,MUT,MUT,MUT
CTAACTAGTTGCATCG,BCOR,0.0,0.0,0.0,0.0,1,0.0,0.0,0.0,0.0,1,4.0,4.0,0.0,4.0,1,4.0,4.0,0.0,4.0,1,0.0,0.0,0.0,0.0,1,0.0,0.0,0.0,0.0,1,0,1,0,0,1,0,MUT,MUT,MUT
CTAAGTGCACATACCT,BCOR,0.5,0.5,0.5,1.0,2,0.5,0.5,0.5,1.0,2,2.5,2.5,2.5,5.0,2,2.5,2.5,2.5,5.0,2,0.0,0.0,0.0,0.0,2,0.0,0.0,0.0,0.0,2,1,1,0,1,1,0,MUT,MUT,MUT
CTAATCTAGTCACTAT,BCOR,0.5,0.5,0.5,1.0,2,0.5,0.5,0.5,1.0,2,0.5,0.5,0.5,1.0,2,0.5,0.5,0.5,1.0,2,0.0,0.0,0.0,0.0,2,0.0,0.0,0.0,0.0,2,1,1,0,1,1,0,MUT,MUT,MUT
CTACATCCATGCGCCT,BCOR,0.0,0.0,0.0,0.0,1,0.0,0.0,0.0,0.0,1,1.0,1.0,0.0,1.0,1,1.0,1.0,0.0,1.0,1,0.0,0.0,0.0,0.0,1,0.0,0.0,0.0,0.0,1,0,1,0,0,1,0,MUT,MUT,MUT
CTACTGATCTTGAAGA,BCOR,2.5,2.5,2.5,5.0,2,2.5,2.5,2.5,5.0,2,0.5,0.5,0.5,1.0,2,0.5,0.5,0.5,1.0,2,0.0,0.0,0.0,0.0,2,0.0,0.0,0.0,0.0,2,1,1,0,1,1,0,MUT,MUT,MUT
CTACTGGGTGACATTC,BCOR,6.0,6.0,0.0,6.0,1,6.0,6.0,0.0,6.0,1,0.0,0.0,0.0,0.0,1,0.0,0.0,0.0,0.0,1,0.0,0.0,0.0,0.0,1,0.0,0.0,0.0,0.0,1,1,0,0,1,0,0,WT,WT,WT
CTAGATGCAGGCTTAA,BCOR,1.0,1.0,0.0,1.0,1,1.0,1.0,0.0,1.0,1,0.0,0.0,0.0,0.0,1,0.0,0.0,0.0,0.0,1,0.0,0.0,0.0,0.0,1,0.0,0.0,0.0,0.0,1,1,0,0,1,0,0,WT,WT,WT
CTAGCTGGTACCTAGT,BCOR,3.0,3.0,0.0,3.0,1,3.0,3.0,0.0,3.0,1,0.0,0.0,0.0,0.0,1,0.0,0.0,0.0,0.0,1,0.0,0.0,0.0,0.0,1,0.0,0.0,0.0,0.0,1,1,0,0,1,0,0,WT,WT,WT
CTATGGCTCAGTAGGT,BCOR,2.0,2.0,0.0,2.0,1,2.0,2.0,0.0,2.0,1,0.0,0.0,0.0,0.0,1,0.0,0.0,0.0,0.0,1,0.0,0.0,0.0,0.0,1,0.0,0.0,0.0,0.0,1,1,0,0,1,0,0,WT,WT,WT
CTATGTCCAGCCAGCA,BCOR,1.0,1.0,0.0,1.0,1,1.0,1.0,0.0,1.0,1,0.0,0.0,0.0,0.0,1,0.0,0.0,0.0,0.0,1,0.0,0.0,0.0,0.0,1,0.0,0.0,0.0,0.0,1,1,0,0,1,0,0,WT,WT,WT
CTATGTCCATCGTTCG,BCOR,0.0,0.0,0.0,0.0,1,0.0,0.0,0.0,0.0,1,1.0,1.0,0.0,1.0,1,1.0,1.0,0.0,1.0,1,0.0,0.0,0.0,0.0,1,0.0,0.0,0.0,0.0,1,0,1,0,0,1,0,MUT,MUT,MUT
CTATGTTAGGTGTCCT,BCOR,1.0,1.0,0.0,1.0,1,1.0,1.0,0.0,1.0,1,0.0,0.0,0.0,0.0,1,0.0,0.0,0.0,0.0,1,0.0,0.0,0.0,0.0,1,0.0,0.0,0.0,0.0,1,1,0,0,1,0,0,WT,WT,WT
CTATTACAGGTTGTAA,BCOR,1.0,0.5,1.224744871391589,4.0,4,1.0,0.5,1.224744871391589,4.0,4,1.0,0.5,1.224744871391589,4.0,4,1.0,0.5,1.224744871391589,4.0,4,0.25,0.0,0.4330127018922193,1.0,4,0.25,0.0,0.4330127018922193,1.0,4,2,2,0,2,2,0,MUT,MUT,MUT
CTCAAATTCGAGGCAC,BCOR,0.3333333333333333,0.0,0.4714045207910317,1.0,3,0.3333333333333333,0.0,0.4714045207910317,1.0,3,1.3333333333333333,1.0,1.247219128924647,4.0,3,1.3333333333333333,1.0,1.247219128924647,4.0,3,0.0,0.0,0.0,0.0,3,0.0,0.0,0.0,0.0,3,1,2,0,1,2,0,MUT,MUT,MUT
CTCAAGCTCTCGCCTC,BCOR,0.0,0.0,0.0,0.0,1,0.0,0.0,0.0,0.0,1,2.0,2.0,0.0,2.0,1,2.0,2.0,0.0,2.0,1,0.0,0.0,0.0,0.0,1,0.0,0.0,0.0,0.0,1,0,1,0,0,1,0,MUT,MUT,MUT
CTCACACAGGGTGGGA,BCOR,1.0,1.0,0.0,1.0,1,1.0,1.0,0.0,1.0,1,0.0,0.0,0.0,0.0,1,0.0,0.0,0.0,0.0,1,0.0,0.0,0.0,0.0,1,0.0,0.0,0.0,0.0,1,1,0,0,1,0,0,WT,WT,WT
CTCACCCTCAATTTGC,BCOR,0.0,0.0,0.0,0.0,1,0.0,0.0,0.0,0.0,1,1.0,1.0,0.0,1.0,1,1.0,1.0,0.0,1.0,1,0.0,0.0,0.0,0.0,1,0.0,0.0,0.0,0.0,1,0,1,0,0,1,0,MUT,MUT,MUT
CTCACCCTCGGTACAG,BCOR,0.0,0.0,0.0,0.0,1,0.0,0.0,0.0,0.0,1,3.0,3.0,0.0,3.0,1,3.0,3.0,0.0,3.0,1,0.0,0.0,0.0,0.0,1,0.0,0.0,0.0,0.0,1,0,1,0,0,1,0,MUT,MUT,MUT
CTCCTCTCACACCCAC,BCOR,2.0,2.0,0.0,2.0,1,2.0,2.0,0.0,2.0,1,0.0,0.0,0.0,0.0,1,0.0,0.0,0.0,0.0,1,0.0,0.0,0.0,0.0,1,0.0,0.0,0.0,0.0,1,1,0,0,1,0,0,WT,WT,WT
CTCTAACCATCGTTCG,BCOR,3.0,3.0,0.0,3.0,1,3.0,3.0,0.0,3.0,1,0.0,0.0,0.0,0.0,1,0.0,0.0,0.0,0.0,1,0.0,0.0,0.0,0.0,1,0.0,0.0,0.0,0.0,1,1,0,0,1,0,0,WT,WT,WT
CTGAATGCAAGGTGTC,BCOR,0.0,0.0,0.0,0.0,1,0.0,0.0,0.0,0.0,1,4.0,4.0,0.0,4.0,1,4.0,4.0,0.0,4.0,1,0.0,0.0,0.0,0.0,1,0.0,0.0,0.0,0.0,1,0,1,0,0,1,0,MUT,MUT,MUT
CTGATTTAGCCATCGT,BCOR,0.0,0.0,0.0,0.0,1,0.0,0.0,0.0,0.0,1,1.0,1.0,0.0,1.0,1,1.0,1.0,0.0,1.0,1,0.0,0.0,0.0,0.0,1,0.0,0.0,0.0,0.0,1,0,1,0,0,1,0,MUT,MUT,MUT
CTGGCTGTCCTGGAAG,BCOR,5.0,5.0,0.0,5.0,1,5.0,5.0,0.0,5.0,1,0.0,0.0,0.0,0.0,1,0.0,0.0,0.0,0.0,1,0.0,0.0,0.0,0.0,1,0.0,0.0,0.0,0.0,1,1,0,0,1,0,0,WT,WT,WT
CTGGCTGTCTTTAGCG,BCOR,0.0,0.0,0.0,0.0,1,0.0,0.0,0.0,0.0,1,2.0,2.0,0.0,2.0,1,2.0,2.0,0.0,2.0,1,0.0,0.0,0.0,0.0,1,0.0,0.0,0.0,0.0,1,0,1,0,0,1,0,MUT,MUT,MUT
CTGGTTATCGCTTCGG,BCOR,0.5,0.5,0.5,1.0,2,0.5,0.5,0.5,1.0,2,1.0,1.0,1.0,2.0,2,1.0,1.0,1.0,2.0,2,0.0,0.0,0.0,0.0,2,0.0,0.0,0.0,0.0,2,1,1,0,1,1,0,MUT,MUT,MUT
CTGTGGCGTATATTCG,BCOR,1.0,1.0,0.0,1.0,1,1.0,1.0,0.0,1.0,1,0.0,0.0,0.0,0.0,1,0.0,0.0,0.0,0.0,1,0.0,0.0,0.0,0.0,1,0.0,0.0,0.0,0.0,1,1,0,0,1,0,0,WT,WT,WT
CTGTGTGGTAACTTGC,BCOR,0.0,0.0,0.0,0.0,1,0.0,0.0,0.0,0.0,1,5.0,5.0,0.0,5.0,1,5.0,5.0,0.0,5.0,1,0.0,0.0,0.0,0.0,1,0.0,0.0,0.0,0.0,1,0,1,0,0,1,0,MUT,MUT,MUT
CTGTTAAGTAATCCTA,BCOR,2.0,2.0,0.0,2.0,1,2.0,2.0,0.0,2.0,1,0.0,0.0,0.0,0.0,1,0.0,0.0,0.0,0.0,1,0.0,0.0,0.0,0.0,1,0.0,0.0,0.0,0.0,1,1,0,0,1,0,0,WT,WT,WT
CTGTTGCAGCTGGGTA,BCOR,1.0,1.0,0.0,1.0,1,1.0,1.0,0.0,1.0,1,0.0,0.0,0.0,0.0,1,0.0,0.0,0.0,0.0,1,0.0,0.0,0.0,0.0,1,0.0,0.0,0.0,0.0,1,1,0,0,1,0,0,WT,WT,WT
CTGTTTACAAACCTGA,BCOR,8.0,8.0,0.0,8.0,1,8.0,8.0,0.0,8.0,1,0.0,0.0,0.0,0.0,1,0.0,0.0,0.0,0.0,1,0.0,0.0,0.0,0.0,1,0.0,0.0,0.0,0.0,1,1,0,0,1,0,0,WT,WT,WT
CTTAACGTCGCTATAT,BCOR,1.6666666666666667,0.0,2.4267032964268394,10.0,6,1.6666666666666667,0.0,2.4267032964268394,10.0,6,3.6666666666666665,3.0,3.39934634239519,22.0,6,3.6666666666666665,3.0,3.39934634239519,22.0,6,0.16666666666666666,0.0,0.372677996249965,1.0,6,0.16666666666666666,0.0,0.372677996249965,1.0,6,2,4,0,2,4,0,MUT,MUT,MUT
CTTACCTTCACAAACA,BCOR,1.0,1.0,0.0,1.0,1,1.0,1.0,0.0,1.0,1,0.0,0.0,0.0,0.0,1,0.0,0.0,0.0,0.0,1,0.0,0.0,0.0,0.0,1,0.0,0.0,0.0,0.0,1,1,0,0,1,0,0,WT,WT,WT
CTTAGAGCAGCCTTCA,BCOR,7.0,7.0,0.0,7.0,1,7.0,7.0,0.0,7.0,1,0.0,0.0,0.0,0.0,1,0.0,0.0,0.0,0.0,1,0.0,0.0,0.0,0.0,1,0.0,0.0,0.0,0.0,1,1,0,0,1,0,0,WT,WT,WT
CTTAGTAGTTGGGTTT,BCOR,2.0,2.0,0.0,2.0,1,2.0,2.0,0.0,2.0,1,0.0,0.0,0.0,0.0,1,0.0,0.0,0.0,0.0,1,0.0,0.0,0.0,0.0,1,0.0,0.0,0.0,0.0,1,1,0,0,1,0,0,WT,WT,WT
CTTCGAATCATGCATT,BCOR,0.0,0.0,0.0,0.0,1,0.0,0.0,0.0,0.0,1,2.0,2.0,0.0,2.0,1,2.0,2.0,0.0,2.0,1,0.0,0.0,0.0,0.0,1,0.0,0.0,0.0,0.0,1,0,1,0,0,1,0,MUT,MUT,MUT
CTTGACTCATTGCCGC,BCOR,1.0,1.0,0.0,2.0,2,1.0,1.0,0.0,2.0,2,0.0,0.0,0.0,0.0,2,0.0,0.0,0.0,0.0,2,0.0,0.0,0.0,0.0,2,0.0,0.0,0.0,0.0,2,2,0,0,2,0,0,WT,WT,WT
CTTGCGCCATGGCTAA,BCOR,2.5,2.5,2.5,5.0,2,2.5,2.5,2.5,5.0,2,5.0,5.0,5.0,10.0,2,5.0,5.0,5.0,10.0,2,0.0,0.0,0.0,0.0,2,0.0,0.0,0.0,0.0,2,1,1,0,1,1,0,MUT,MUT,MUT
CTTTGGATCTCAGCAC,BCOR,2.0,2.0,0.0,2.0,1,2.0,2.0,0.0,2.0,1,0.0,0.0,0.0,0.0,1,0.0,0.0,0.0,0.0,1,0.0,0.0,0.0,0.0,1,0.0,0.0,0.0,0.0,1,1,0,0,1,0,0,WT,WT,WT
CTTTGGTCATCATGTC,BCOR,0.75,0.5,0.82915619758885,3.0,4,0.75,0.5,0.82915619758885,3.0,4,3.25,1.0,4.548351349665063,13.0,4,3.25,1.0,4.548351349665063,13.0,4,0.0,0.0,0.0,0.0,4,0.0,0.0,0.0,0.0,4,2,2,0,2,2,0,MUT,MUT,MUT
GAAATACGTCCTCCAT,BCOR,0.0,0.0,0.0,0.0,1,0.0,0.0,0.0,0.0,1,3.0,3.0,0.0,3.0,1,3.0,3.0,0.0,3.0,1,0.0,0.0,0.0,0.0,1,0.0,0.0,0.0,0.0,1,0,1,0,0,1,0,MUT,MUT,MUT
GAAGCACGTTGTCAGT,BCOR,6.0,6.0,0.0,6.0,1,6.0,6.0,0.0,6.0,1,0.0,0.0,0.0,0.0,1,0.0,0.0,0.0,0.0,1,0.0,0.0,0.0,0.0,1,0.0,0.0,0.0,0.0,1,1,0,0,1,0,0,WT,WT,WT
GAAGGATCAACAAAGA,BCOR,0.0,0.0,0.0,0.0,1,0.0,0.0,0.0,0.0,1,2.0,2.0,0.0,2.0,1,2.0,2.0,0.0,2.0,1,0.0,0.0,0.0,0.0,1,0.0,0.0,0.0,0.0,1,0,1,0,0,1,0,MUT,MUT,MUT
GAATCAGGTTTATCGA,BCOR,0.0,0.0,0.0,0.0,1,0.0,0.0,0.0,0.0,1,3.0,3.0,0.0,3.0,1,3.0,3.0,0.0,3.0,1,0.0,0.0,0.0,0.0,1,0.0,0.0,0.0,0.0,1,0,1,0,0,1,0,MUT,MUT,MUT
GAATGACTCCCATAAT,BCOR,0.0,0.0,0.0,0.0,1,0.0,0.0,0.0,0.0,1,2.0,2.0,0.0,2.0,1,2.0,2.0,0.0,2.0,1,0.0,0.0,0.0,0.0,1,0.0,0.0,0.0,0.0,1,0,1,0,0,1,0,MUT,MUT,MUT
GAATTGATCGATTCTG,BCOR,0.0,0.0,0.0,0.0,1,0.0,0.0,0.0,0.0,1,2.0,2.0,0.0,2.0,1,2.0,2.0,0.0,2.0,1,0.0,0.0,0.0,0.0,1,0.0,0.0,0.0,0.0,1,0,1,0,0,1,0,MUT,MUT,MUT
GACAGGGAGACATAGC,BCOR,0.0,0.0,0.0,0.0,1,0.0,0.0,0.0,0.0,1,5.0,5.0,0.0,5.0,1,5.0,5.0,0.0,5.0,1,0.0,0.0,0.0,0.0,1,0.0,0.0,0.0,0.0,1,0,1,0,0,1,0,MUT,MUT,MUT
GACATTCGTGCATCGC,BCOR,0.0,0.0,0.0,0.0,2,0.0,0.0,0.0,0.0,2,5.0,5.0,2.0,10.0,2,5.0,5.0,2.0,10.0,2,0.0,0.0,0.0,0.0,2,0.0,0.0,0.0,0.0,2,0,2,0,0,2,0,MUT,MUT,MUT
GACCAAGTCCGTGACT,BCOR,0.0,0.0,0.0,0.0,1,0.0,0.0,0.0,0.0,1,8.0,8.0,0.0,8.0,1,8.0,8.0,0.0,8.0,1,0.0,0.0,0.0,0.0,1,0.0,0.0,0.0,0.0,1,0,1,0,0,1,0,MUT,MUT,MUT
GACCAATAGATGCCTC,BCOR,3.0,3.0,0.0,3.0,1,3.0,3.0,0.0,3.0,1,0.0,0.0,0.0,0.0,1,0.0,0.0,0.0,0.0,1,0.0,0.0,0.0,0.0,1,0.0,0.0,0.0,0.0,1,1,0,0,1,0,0,WT,WT,WT
GACCCAAAGCTTCCTT,BCOR,2.0,2.0,0.0,2.0,1,2.0,2.0,0.0,2.0,1,0.0,0.0,0.0,0.0,1,0.0,0.0,0.0,0.0,1,0.0,0.0,0.0,0.0,1,0.0,0.0,0.0,0.0,1,1,0,0,1,0,0,WT,WT,WT
GACCCAAAGGATCCCT,BCOR,4.0,2.0,4.560701700396552,20.0,5,4.0,2.0,4.560701700396552,20.0,5,0.8,0.0,1.1661903789690602,4.0,5,0.8,0.0,1.1661903789690602,4.0,5,0.0,0.0,0.0,0.0,5,0.0,0.0,0.0,0.0,5,3,2,0,3,2,0,MUT,MUT,MUT
GACCTGAAGGTCACAG,BCOR,0.0,0.0,0.0,0.0,3,0.0,0.0,0.0,0.0,3,3.3333333333333335,1.0,3.2998316455372216,10.0,3,3.3333333333333335,1.0,3.2998316455372216,10.0,3,0.0,0.0,0.0,0.0,3,0.0,0.0,0.0,0.0,3,0,3,0,0,3,0,MUT,MUT,MUT
GACCTTCAGGAACCAT,BCOR,1.3333333333333333,0.0,1.8856180831641267,4.0,3,1.3333333333333333,0.0,1.8856180831641267,4.0,3,1.3333333333333333,2.0,0.9428090415820634,4.0,3,1.3333333333333333,2.0,0.9428090415820634,4.0,3,0.0,0.0,0.0,0.0,3,0.0,0.0,0.0,0.0,3,1,2,0,1,2,0,MUT,MUT,MUT
GACCTTCAGGTGCACA,BCOR,8.0,8.0,0.0,8.0,1,8.0,8.0,0.0,8.0,1,0.0,0.0,0.0,0.0,1,0.0,0.0,0.0,0.0,1,0.0,0.0,0.0,0.0,1,0.0,0.0,0.0,0.0,1,1,0,0,1,0,0,WT,WT,WT
GACGTAAGTCCCTCAT,BCOR,1.0,1.0,0.0,1.0,1,1.0,1.0,0.0,1.0,1,0.0,0.0,0.0,0.0,1,0.0,0.0,0.0,0.0,1,0.0,0.0,0.0,0.0,1,0.0,0.0,0.0,0.0,1,1,0,0,1,0,0,WT,WT,WT
GACGTAAGTTAGTGCT,BCOR,0.0,0.0,0.0,0.0,1,0.0,0.0,0.0,0.0,1,1.0,1.0,0.0,1.0,1,1.0,1.0,0.0,1.0,1,0.0,0.0,0.0,0.0,1,0.0,0.0,0.0,0.0,1,0,1,0,0,1,0,MUT,MUT,MUT
GACTAACAGTGAGGAA,BCOR,6.0,6.0,0.0,6.0,1,6.0,6.0,0.0,6.0,1,0.0,0.0,0.0,0.0,1,0.0,0.0,0.0,0.0,1,0.0,0.0,0.0,0.0,1,0.0,0.0,0.0,0.0,1,1,0,0,1,0,0,WT,WT,WT
GAGATACTCGCATTTG,BCOR,0.0,0.0,0.0,0.0,1,0.0,0.0,0.0,0.0,1,2.0,2.0,0.0,2.0,1,2.0,2.0,0.0,2.0,1,0.0,0.0,0.0,0.0,1,0.0,0.0,0.0,0.0,1,0,1,0,0,1,0,MUT,MUT,MUT
GAGCCTTTCCAATGAA,BCOR,5.0,5.0,0.0,5.0,1,5.0,5.0,0.0,5.0,1,0.0,0.0,0.0,0.0,1,0.0,0.0,0.0,0.0,1,0.0,0.0,0.0,0.0,1,0.0,0.0,0.0,0.0,1,1,0,0,1,0,0,WT,WT,WT
GAGCCTTTCGGTTCAC,BCOR,3.0,3.0,3.0,6.0,2,3.0,3.0,3.0,6.0,2,0.5,0.5,0.5,1.0,2,0.5,0.5,0.5,1.0,2,0.0,0.0,0.0,0.0,2,0.0,0.0,0.0,0.0,2,1,1,0,1,1,0,MUT,MUT,MUT
GAGCTGGGTCGAATCT,BCOR,4.0,4.0,0.0,4.0,1,4.0,4.0,0.0,4.0,1,0.0,0.0,0.0,0.0,1,0.0,0.0,0.0,0.0,1,0.0,0.0,0.0,0.0,1,0.0,0.0,0.0,0.0,1,1,0,0,1,0,0,WT,WT,WT
GAGCTTTGTAGCGCGA,BCOR,0.0,0.0,0.0,0.0,1,0.0,0.0,0.0,0.0,1,10.0,10.0,0.0,10.0,1,10.0,10.0,0.0,10.0,1,0.0,0.0,0.0,0.0,1,0.0,0.0,0.0,0.0,1,0,1,0,0,1,0,MUT,MUT,MUT
GAGGATGCAACAAGTT,BCOR,1.0,0.0,1.4142135623730951,3.0,3,1.0,0.0,1.4142135623730951,3.0,3,1.0,1.0,0.816496580927726,3.0,3,1.0,1.0,0.816496580927726,3.0,3,0.0,0.0,0.0,0.0,3,0.0,0.0,0.0,0.0,3,1,2,0,1,2,0,MUT,MUT,MUT
GAGTAATGTTCACTCC,BCOR,0.0,0.0,0.0,0.0,1,0.0,0.0,0.0,0.0,1,4.0,4.0,0.0,4.0,1,4.0,4.0,0.0,4.0,1,0.0,0.0,0.0,0.0,1,0.0,0.0,0.0,0.0,1,0,1,0,0,1,0,MUT,MUT,MUT
GAGTTACAGCTAGCCT,BCOR,0.0,0.0,0.0,0.0,2,0.0,0.0,0.0,0.0,2,3.5,3.5,0.5,7.0,2,3.5,3.5,0.5,7.0,2,0.0,0.0,0.0,0.0,2,0.0,0.0,0.0,0.0,2,0,2,0,0,2,0,MUT,MUT,MUT
GATAAAGCAGTAAGTT,BCOR,3.0,3.0,0.0,3.0,1,3.0,3.0,0.0,3.0,1,0.0,0.0,0.0,0.0,1,0.0,0.0,0.0,0.0,1,0.0,0.0,0.0,0.0,1,0.0,0.0,0.0,0.0,1,1,0,0,1,0,0,WT,WT,WT
GATCACACATCACAGA,BCOR,3.0,3.0,0.0,3.0,1,3.0,3.0,0.0,3.0,1,0.0,0.0,0.0,0.0,1,0.0,0.0,0.0,0.0,1,0.0,0.0,0.0,0.0,1,0.0,0.0,0.0,0.0,1,1,0,0,1,0,0,WT,WT,WT
GATCATGCAGCTTTCG,BCOR,0.0,0.0,0.0,0.0,1,0.0,0.0,0.0,0.0,1,2.0,2.0,0.0,2.0,1,2.0,2.0,0.0,2.0,1,0.0,0.0,0.0,0.0,1,0.0,0.0,0.0,0.0,1,0,1,0,0,1,0,MUT,MUT,MUT
GATGGAGCAAGTTGGC,BCOR,0.0,0.0,0.0,0.0,1,0.0,0.0,0.0,0.0,1,5.0,5.0,0.0,5.0,1,5.0,5.0,0.0,5.0,1,0.0,0.0,0.0,0.0,1,0.0,0.0,0.0,0.0,1,0,1,0,0,1,0,MUT,MUT,MUT
GATTAACCAAACAAGA,BCOR,1.0,1.0,0.0,1.0,1,1.0,1.0,0.0,1.0,1,0.0,0.0,0.0,0.0,1,0.0,0.0,0.0,0.0,1,0.0,0.0,0.0,0.0,1,0.0,0.0,0.0,0.0,1,1,0,0,1,0,0,WT,WT,WT
GATTAACCATCAAGTG,BCOR,0.0,0.0,0.0,0.0,1,0.0,0.0,0.0,0.0,1,7.0,7.0,0.0,7.0,1,7.0,7.0,0.0,7.0,1,0.0,0.0,0.0,0.0,1,0.0,0.0,0.0,0.0,1,0,1,0,0,1,0,MUT,MUT,MUT
GATTGCTGTAGCCTTG,BCOR,3.0,0.0,6.5,24.0,8,3.0,0.0,6.5,24.0,8,2.375,1.5,2.4462982238476156,19.0,8,2.375,1.5,2.4462982238476156,19.0,8,0.0,0.0,0.0,0.0,8,0.0,0.0,0.0,0.0,8,3,5,0,3,5,0,MUT,MUT,MUT
GATTGTGCAATTGAGT,BCOR,2.0,2.0,0.0,2.0,1,2.0,2.0,0.0,2.0,1,0.0,0.0,0.0,0.0,1,0.0,0.0,0.0,0.0,1,0.0,0.0,0.0,0.0,1,0.0,0.0,0.0,0.0,1,1,0,0,1,0,0,WT,WT,WT
GATTTGAAGGCAATCG,BCOR,0.0,0.0,0.0,0.0,1,0.0,0.0,0.0,0.0,1,5.0,5.0,0.0,5.0,1,5.0,5.0,0.0,5.0,1,0.0,0.0,0.0,0.0,1,0.0,0.0,0.0,0.0,1,0,1,0,0,1,0,MUT,MUT,MUT
GCAAGAAAGCTTTACG,BCOR,5.0,5.0,5.0,10.0,2,5.0,5.0,5.0,10.0,2,0.5,0.5,0.5,1.0,2,0.5,0.5,0.5,1.0,2,0.0,0.0,0.0,0.0,2,0.0,0.0,0.0,0.0,2,1,1,0,1,1,0,MUT,MUT,MUT
GCAAGAAAGTTAACAG,BCOR,1.0,1.0,0.0,1.0,1,1.0,1.0,0.0,1.0,1,0.0,0.0,0.0,0.0,1,0.0,0.0,0.0,0.0,1,0.0,0.0,0.0,0.0,1,0.0,0.0,0.0,0.0,1,1,0,0,1,0,0,WT,WT,WT
GCAAGCCAGATGCAAC,BCOR,0.0,0.0,0.0,0.0,1,0.0,0.0,0.0,0.0,1,6.0,6.0,0.0,6.0,1,6.0,6.0,0.0,6.0,1,0.0,0.0,0.0,0.0,1,0.0,0.0,0.0,0.0,1,0,1,0,0,1,0,MUT,MUT,MUT
GCAAGGCTCCCTCAAA,BCOR,0.0,0.0,0.0,0.0,1,0.0,0.0,0.0,0.0,1,7.0,7.0,0.0,7.0,1,7.0,7.0,0.0,7.0,1,0.0,0.0,0.0,0.0,1,0.0,0.0,0.0,0.0,1,0,1,0,0,1,0,MUT,MUT,MUT
GCAAGGTGTCAATCGT,BCOR,1.0,1.0,0.0,1.0,1,1.0,1.0,0.0,1.0,1,0.0,0.0,0.0,0.0,1,0.0,0.0,0.0,0.0,1,0.0,0.0,0.0,0.0,1,0.0,0.0,0.0,0.0,1,1,0,0,1,0,0,WT,WT,WT
GCAAGGTGTGTCCAAT,BCOR,0.0,0.0,0.0,0.0,1,0.0,0.0,0.0,0.0,1,4.0,4.0,0.0,4.0,1,4.0,4.0,0.0,4.0,1,0.0,0.0,0.0,0.0,1,0.0,0.0,0.0,0.0,1,0,1,0,0,1,0,MUT,MUT,MUT
GCACAACCACTAGCGG,BCOR,4.0,4.0,0.0,4.0,1,4.0,4.0,0.0,4.0,1,0.0,0.0,0.0,0.0,1,0.0,0.0,0.0,0.0,1,0.0,0.0,0.0,0.0,1,0.0,0.0,0.0,0.0,1,1,0,0,1,0,0,WT,WT,WT
GCACTAACACCAACAA,BCOR,2.0,2.0,0.0,2.0,1,2.0,2.0,0.0,2.0,1,0.0,0.0,0.0,0.0,1,0.0,0.0,0.0,0.0,1,0.0,0.0,0.0,0.0,1,0.0,0.0,0.0,0.0,1,1,0,0,1,0,0,WT,WT,WT
GCACTAACAGGCTAAC,BCOR,0.0,0.0,0.0,0.0,1,0.0,0.0,0.0,0.0,1,9.0,9.0,0.0,9.0,1,9.0,9.0,0.0,9.0,1,0.0,0.0,0.0,0.0,1,0.0,0.0,0.0,0.0,1,0,1,0,0,1,0,MUT,MUT,MUT
GCAGCTAAGCAAGACT,BCOR,0.0,0.0,0.0,0.0,1,0.0,0.0,0.0,0.0,1,8.0,8.0,0.0,8.0,1,8.0,8.0,0.0,8.0,1,0.0,0.0,0.0,0.0,1,0.0,0.0,0.0,0.0,1,0,1,0,0,1,0,MUT,MUT,MUT
GCAGGCTAGGCGAGAG,BCOR,1.0,1.0,0.0,1.0,1,1.0,1.0,0.0,1.0,1,0.0,0.0,0.0,0.0,1,0.0,0.0,0.0,0.0,1,0.0,0.0,0.0,0.0,1,0.0,0.0,0.0,0.0,1,1,0,0,1,0,0,WT,WT,WT
GCAGGTTCAACAAAGA,BCOR,1.0,1.0,0.0,1.0,1,1.0,1.0,0.0,1.0,1,0.0,0.0,0.0,0.0,1,0.0,0.0,0.0,0.0,1,0.0,0.0,0.0,0.0,1,0.0,0.0,0.0,0.0,1,1,0,0,1,0,0,WT,WT,WT
GCAGTAAGTTCGATGT,BCOR,3.0,3.0,0.0,3.0,1,3.0,3.0,0.0,3.0,1,0.0,0.0,0.0,0.0,1,0.0,0.0,0.0,0.0,1,0.0,0.0,0.0,0.0,1,0.0,0.0,0.0,0.0,1,1,0,0,1,0,0,WT,WT,WT
GCATCACTCTCAGCTA,BCOR,0.0,0.0,0.0,0.0,1,0.0,0.0,0.0,0.0,1,1.0,1.0,0.0,1.0,1,1.0,1.0,0.0,1.0,1,0.0,0.0,0.0,0.0,1,0.0,0.0,0.0,0.0,1,0,1,0,0,1,0,MUT,MUT,MUT
GCATGCAAGTTAGGCG,BCOR,3.0,3.0,0.0,3.0,1,3.0,3.0,0.0,3.0,1,0.0,0.0,0.0,0.0,1,0.0,0.0,0.0,0.0,1,0.0,0.0,0.0,0.0,1,0.0,0.0,0.0,0.0,1,1,0,0,1,0,0,WT,WT,WT
GCATTACGTGAGAAGG,BCOR,3.0,3.0,3.0,6.0,2,3.0,3.0,3.0,6.0,2,1.0,1.0,1.0,2.0,2,1.0,1.0,1.0,2.0,2,0.0,0.0,0.0,0.0,2,0.0,0.0,0.0,0.0,2,1,1,0,1,1,0,MUT,MUT,MUT
GCATTCATCAATTGGA,BCOR,0.0,0.0,0.0,0.0,2,0.0,0.0,0.0,0.0,2,4.5,4.5,3.5,9.0,2,4.5,4.5,3.5,9.0,2,0.0,0.0,0.0,0.0,2,0.0,0.0,0.0,0.0,2,0,2,0,0,2,0,MUT,MUT,MUT
GCATTCATCACGAACG,BCOR,0.0,0.0,0.0,0.0,1,0.0,0.0,0.0,0.0,1,4.0,4.0,0.0,4.0,1,4.0,4.0,0.0,4.0,1,0.0,0.0,0.0,0.0,1,0.0,0.0,0.0,0.0,1,0,1,0,0,1,0,MUT,MUT,MUT
GCATTGTGTCTACCAG,BCOR,1.0,1.0,0.0,1.0,1,1.0,1.0,0.0,1.0,1,0.0,0.0,0.0,0.0,1,0.0,0.0,0.0,0.0,1,0.0,0.0,0.0,0.0,1,0.0,0.0,0.0,0.0,1,1,0,0,1,0,0,WT,WT,WT
GCATTTAGTGGGTGTG,BCOR,6.0,6.0,0.0,6.0,1,6.0,6.0,0.0,6.0,1,0.0,0.0,0.0,0.0,1,0.0,0.0,0.0,0.0,1,0.0,0.0,0.0,0.0,1,0.0,0.0,0.0,0.0,1,1,0,0,1,0,0,WT,WT,WT
GCCACAAAGCTTGAGG,BCOR,1.5,0.5,2.0615528128088303,6.0,4,1.5,0.5,2.0615528128088303,6.0,4,1.75,0.5,2.48746859276655,7.0,4,1.75,0.5,2.48746859276655,7.0,4,0.0,0.0,0.0,0.0,4,0.0,0.0,0.0,0.0,4,2,2,0,2,2,0,MUT,MUT,MUT
GCCATCAGTGAACGTA,BCOR,0.0,0.0,0.0,0.0,1,0.0,0.0,0.0,0.0,1,5.0,5.0,0.0,5.0,1,5.0,5.0,0.0,5.0,1,0.0,0.0,0.0,0.0,1,0.0,0.0,0.0,0.0,1,0,1,0,0,1,0,MUT,MUT,MUT
GCCCAGTGTGCGGCTT,BCOR,0.3333333333333333,0.0,0.4714045207910317,1.0,3,0.3333333333333333,0.0,0.4714045207910317,1.0,3,2.3333333333333335,2.0,2.0548046676563256,7.0,3,2.3333333333333335,2.0,2.0548046676563256,7.0,3,0.0,0.0,0.0,0.0,3,0.0,0.0,0.0,0.0,3,1,2,0,1,2,0,MUT,MUT,MUT
GCCCTTTGTTAAGGAT,BCOR,0.0,0.0,0.0,0.0,2,0.0,0.0,0.0,0.0,2,2.0,2.0,1.0,4.0,2,2.0,2.0,1.0,4.0,2,0.0,0.0,0.0,0.0,2,0.0,0.0,0.0,0.0,2,0,2,0,0,2,0,MUT,MUT,MUT
GCCGTGACAAGCCTAA,BCOR,0.0,0.0,0.0,0.0,1,0.0,0.0,0.0,0.0,1,1.0,1.0,0.0,1.0,1,1.0,1.0,0.0,1.0,1,0.0,0.0,0.0,0.0,1,0.0,0.0,0.0,0.0,1,0,1,0,0,1,0,MUT,MUT,MUT
GCCTAATGTACAAACG,BCOR,0.0,0.0,0.0,0.0,2,0.0,0.0,0.0,0.0,2,2.0,2.0,1.0,4.0,2,2.0,2.0,1.0,4.0,2,0.0,0.0,0.0,0.0,2,0.0,0.0,0.0,0.0,2,0,2,0,0,2,0,MUT,MUT,MUT
GCGATAAGTTCCTTTG,BCOR,0.0,0.0,0.0,0.0,1,0.0,0.0,0.0,0.0,1,1.0,1.0,0.0,1.0,1,1.0,1.0,0.0,1.0,1,0.0,0.0,0.0,0.0,1,0.0,0.0,0.0,0.0,1,0,1,0,0,1,0,MUT,MUT,MUT
GCGCAATCAATCCACT,BCOR,1.0,1.0,1.0,2.0,2,1.0,1.0,1.0,2.0,2,2.0,2.0,2.0,4.0,2,2.0,2.0,2.0,4.0,2,0.0,0.0,0.0,0.0,2,0.0,0.0,0.0,0.0,2,1,1,0,1,1,0,MUT,MUT,MUT
GCGCACACAATAGAAG,BCOR,8.0,8.0,0.0,8.0,1,8.0,8.0,0.0,8.0,1,0.0,0.0,0.0,0.0,1,0.0,0.0,0.0,0.0,1,0.0,0.0,0.0,0.0,1,0.0,0.0,0.0,0.0,1,1,0,0,1,0,0,WT,WT,WT
GCGCTTAGTCTGTGAT,BCOR,6.0,6.0,0.0,6.0,1,6.0,6.0,0.0,6.0,1,0.0,0.0,0.0,0.0,1,0.0,0.0,0.0,0.0,1,0.0,0.0,0.0,0.0,1,0.0,0.0,0.0,0.0,1,1,0,0,1,0,0,WT,WT,WT
GCGGATTCAAACTTGG,BCOR,2.5,1.5,3.452052529534663,15.0,6,2.5,1.5,3.452052529534663,15.0,6,0.6666666666666666,0.0,1.1055415967851334,4.0,6,0.6666666666666666,0.0,1.1055415967851334,4.0,6,0.0,0.0,0.0,0.0,6,0.0,0.0,0.0,0.0,6,4,2,0,4,2,0,MUT,MUT,MUT
GCGGGTTAGCCTAAGG,BCOR,15.0,15.0,0.0,15.0,1,15.0,15.0,0.0,15.0,1,0.0,0.0,0.0,0.0,1,0.0,0.0,0.0,0.0,1,0.0,0.0,0.0,0.0,1,0.0,0.0,0.0,0.0,1,1,0,0,1,0,0,WT,WT,WT
GCGTTACTCGCGTTAC,BCOR,2.3333333333333335,1.0,2.6246692913372702,7.0,3,2.3333333333333335,1.0,2.6246692913372702,7.0,3,1.6666666666666667,0.0,2.357022603955158,5.0,3,1.6666666666666667,0.0,2.357022603955158,5.0,3,0.0,0.0,0.0,0.0,3,0.0,0.0,0.0,0.0,3,2,1,0,2,1,0,MUT,MUT,MUT
GCGTTACTCTATTCGG,BCOR,0.0,0.0,0.0,0.0,1,0.0,0.0,0.0,0.0,1,7.0,7.0,0.0,7.0,1,7.0,7.0,0.0,7.0,1,0.0,0.0,0.0,0.0,1,0.0,0.0,0.0,0.0,1,0,1,0,0,1,0,MUT,MUT,MUT
GCTACAACATAGACCA,BCOR,5.0,5.0,0.0,5.0,1,5.0,5.0,0.0,5.0,1,0.0,0.0,0.0,0.0,1,0.0,0.0,0.0,0.0,1,0.0,0.0,0.0,0.0,1,0.0,0.0,0.0,0.0,1,1,0,0,1,0,0,WT,WT,WT
GCTAGACCAACTTCGT,BCOR,0.0,0.0,0.0,0.0,1,0.0,0.0,0.0,0.0,1,1.0,1.0,0.0,1.0,1,1.0,1.0,0.0,1.0,1,0.0,0.0,0.0,0.0,1,0.0,0.0,0.0,0.0,1,0,1,0,0,1,0,MUT,MUT,MUT
GCTAGACCATTCAGGA,BCOR,1.0,0.0,1.4142135623730951,3.0,3,1.0,0.0,1.4142135623730951,3.0,3,1.3333333333333333,1.0,1.247219128924647,4.0,3,1.3333333333333333,1.0,1.247219128924647,4.0,3,0.0,0.0,0.0,0.0,3,0.0,0.0,0.0,0.0,3,1,2,0,1,2,0,MUT,MUT,MUT
GCTATTAGTGTGACCC,BCOR,1.0,1.0,0.0,1.0,1,1.0,1.0,0.0,1.0,1,0.0,0.0,0.0,0.0,1,0.0,0.0,0.0,0.0,1,0.0,0.0,0.0,0.0,1,0.0,0.0,0.0,0.0,1,1,0,0,1,0,0,WT,WT,WT
GCTATTGTCAAAGGCT,BCOR,0.0,0.0,0.0,0.0,1,0.0,0.0,0.0,0.0,1,5.0,5.0,0.0,5.0,1,5.0,5.0,0.0,5.0,1,0.0,0.0,0.0,0.0,1,0.0,0.0,0.0,0.0,1,0,1,0,0,1,0,MUT,MUT,MUT
GCTCACCCAATTCGGA,BCOR,2.0,2.0,0.0,2.0,1,2.0,2.0,0.0,2.0,1,0.0,0.0,0.0,0.0,1,0.0,0.0,0.0,0.0,1,0.0,0.0,0.0,0.0,1,0.0,0.0,0.0,0.0,1,1,0,0,1,0,0,WT,WT,WT
GCTCAGGCAATTAGCG,BCOR,8.0,8.0,0.0,8.0,1,8.0,8.0,0.0,8.0,1,0.0,0.0,0.0,0.0,1,0.0,0.0,0.0,0.0,1,0.0,0.0,0.0,0.0,1,0.0,0.0,0.0,0.0,1,1,0,0,1,0,0,WT,WT,WT
GCTCAGGCAGCTTAAG,BCOR,0.0,0.0,0.0,0.0,1,0.0,0.0,0.0,0.0,1,14.0,14.0,0.0,14.0,1,14.0,14.0,0.0,14.0,1,0.0,0.0,0.0,0.0,1,0.0,0.0,0.0,0.0,1,0,1,0,0,1,0,MUT,MUT,MUT
GCTCCTGAGGATGTTA,BCOR,0.0,0.0,0.0,0.0,1,0.0,0.0,0.0,0.0,1,3.0,3.0,0.0,3.0,1,3.0,3.0,0.0,3.0,1,0.0,0.0,0.0,0.0,1,0.0,0.0,0.0,0.0,1,0,1,0,0,1,0,MUT,MUT,MUT
GCTGATGAGGCTTAAA,BCOR,0.0,0.0,0.0,0.0,1,0.0,0.0,0.0,0.0,1,4.0,4.0,0.0,4.0,1,4.0,4.0,0.0,4.0,1,0.0,0.0,0.0,0.0,1,0.0,0.0,0.0,0.0,1,0,1,0,0,1,0,MUT,MUT,MUT
GCTGTAACATGTGGCG,BCOR,0.0,0.0,0.0,0.0,1,0.0,0.0,0.0,0.0,1,5.0,5.0,0.0,5.0,1,5.0,5.0,0.0,5.0,1,0.0,0.0,0.0,0.0,1,0.0,0.0,0.0,0.0,1,0,1,0,0,1,0,MUT,MUT,MUT
GCTTAGGAGGTGAGAA,BCOR,1.0,0.0,1.3093073414159542,7.0,7,1.0,0.0,1.3093073414159542,7.0,7,4.285714285714286,3.0,5.283783431116266,30.0,7,4.285714285714286,3.0,5.283783431116266,30.0,7,0.0,0.0,0.0,0.0,7,0.0,0.0,0.0,0.0,7,3,4,0,3,4,0,MUT,MUT,MUT
GCTTGGTTCGGGCAAC,BCOR,0.0,0.0,0.0,0.0,1,0.0,0.0,0.0,0.0,1,6.0,6.0,0.0,6.0,1,6.0,6.0,0.0,6.0,1,0.0,0.0,0.0,0.0,1,0.0,0.0,0.0,0.0,1,0,1,0,0,1,0,MUT,MUT,MUT
GCTTGTTCATCGATAG,BCOR,5.0,5.0,0.0,5.0,1,5.0,5.0,0.0,5.0,1,0.0,0.0,0.0,0.0,1,0.0,0.0,0.0,0.0,1,0.0,0.0,0.0,0.0,1,0.0,0.0,0.0,0.0,1,1,0,0,1,0,0,WT,WT,WT
GGAACAAAGGTATAGC,BCOR,2.0,2.0,0.0,2.0,1,2.0,2.0,0.0,2.0,1,0.0,0.0,0.0,0.0,1,0.0,0.0,0.0,0.0,1,0.0,0.0,0.0,0.0,1,0.0,0.0,0.0,0.0,1,1,0,0,1,0,0,WT,WT,WT
GGAAGTTTCGCTATAT,BCOR,1.0,1.0,0.0,1.0,1,1.0,1.0,0.0,1.0,1,0.0,0.0,0.0,0.0,1,0.0,0.0,0.0,0.0,1,0.0,0.0,0.0,0.0,1,0.0,0.0,0.0,0.0,1,1,0,0,1,0,0,WT,WT,WT
GGACATAGTCATCCCT,BCOR,2.0,2.0,0.0,2.0,1,2.0,2.0,0.0,2.0,1,0.0,0.0,0.0,0.0,1,0.0,0.0,0.0,0.0,1,0.0,0.0,0.0,0.0,1,0.0,0.0,0.0,0.0,1,1,0,0,1,0,0,WT,WT,WT
GGACCCACACGAACGT,BCOR,3.0,3.0,0.0,3.0,1,3.0,3.0,0.0,3.0,1,0.0,0.0,0.0,0.0,1,0.0,0.0,0.0,0.0,1,0.0,0.0,0.0,0.0,1,0.0,0.0,0.0,0.0,1,1,0,0,1,0,0,WT,WT,WT
GGACCTGCACCTTTGG,BCOR,1.0,1.0,0.0,1.0,1,1.0,1.0,0.0,1.0,1,0.0,0.0,0.0,0.0,1,0.0,0.0,0.0,0.0,1,0.0,0.0,0.0,0.0,1,0.0,0.0,0.0,0.0,1,1,0,0,1,0,0,WT,WT,WT
GGACTTACACAGGCTG,BCOR,4.0,4.0,0.0,4.0,1,4.0,4.0,0.0,4.0,1,0.0,0.0,0.0,0.0,1,0.0,0.0,0.0,0.0,1,0.0,0.0,0.0,0.0,1,0.0,0.0,0.0,0.0,1,1,0,0,1,0,0,WT,WT,WT
GGATGGCTCGCTTGAC,BCOR,1.0,1.0,0.0,1.0,1,1.0,1.0,0.0,1.0,1,0.0,0.0,0.0,0.0,1,0.0,0.0,0.0,0.0,1,0.0,0.0,0.0,0.0,1,0.0,0.0,0.0,0.0,1,1,0,0,1,0,0,WT,WT,WT
GGATGTCCAGATAGCC,BCOR,1.0,1.0,0.0,1.0,1,1.0,1.0,0.0,1.0,1,0.0,0.0,0.0,0.0,1,0.0,0.0,0.0,0.0,1,0.0,0.0,0.0,0.0,1,0.0,0.0,0.0,0.0,1,1,0,0,1,0,0,WT,WT,WT
GGATTATCATAGCCGG,BCOR,0.0,0.0,0.0,0.0,2,0.0,0.0,0.0,0.0,2,2.0,2.0,0.0,4.0,2,2.0,2.0,0.0,4.0,2,0.0,0.0,0.0,0.0,2,0.0,0.0,0.0,0.0,2,0,2,0,0,2,0,MUT,MUT,MUT
GGATTGAGTTGTTGGT,BCOR,2.25,2.5,1.479019945774904,9.0,4,2.25,2.5,1.479019945774904,9.0,4,0.5,0.0,0.8660254037844386,2.0,4,0.5,0.0,0.8660254037844386,2.0,4,0.0,0.0,0.0,0.0,4,0.0,0.0,0.0,0.0,4,3,1,0,3,1,0,MUT,MUT,MUT
GGATTGCCACGGTTCC,BCOR,0.0,0.0,0.0,0.0,2,0.0,0.0,0.0,0.0,2,2.5,2.5,1.5,5.0,2,2.5,2.5,1.5,5.0,2,0.0,0.0,0.0,0.0,2,0.0,0.0,0.0,0.0,2,0,2,0,0,2,0,MUT,MUT,MUT
GGCAAATTCCAGAACG,BCOR,0.4,0.0,0.8000000000000002,4.0,10,0.4,0.0,0.8000000000000002,4.0,10,2.7,2.0,3.1,27.0,10,2.7,2.0,3.1,27.0,10,0.0,0.0,0.0,0.0,10,0.0,0.0,0.0,0.0,10,2,8,0,2,8,0,MUT,MUT,MUT
GGCAAGCTCTTCAAGT,BCOR,3.5,3.5,3.5,7.0,2,3.5,3.5,3.5,7.0,2,4.0,4.0,4.0,8.0,2,4.0,4.0,4.0,8.0,2,0.0,0.0,0.0,0.0,2,0.0,0.0,0.0,0.0,2,1,1,0,1,1,0,MUT,MUT,MUT
GGCAGGTTCTGGTCTA,BCOR,0.0,0.0,0.0,0.0,1,0.0,0.0,0.0,0.0,1,2.0,2.0,0.0,2.0,1,2.0,2.0,0.0,2.0,1,0.0,0.0,0.0,0.0,1,0.0,0.0,0.0,0.0,1,0,1,0,0,1,0,MUT,MUT,MUT
GGCAGGTTCTTGATCG,BCOR,8.0,8.0,0.0,8.0,1,8.0,8.0,0.0,8.0,1,0.0,0.0,0.0,0.0,1,0.0,0.0,0.0,0.0,1,0.0,0.0,0.0,0.0,1,0.0,0.0,0.0,0.0,1,1,0,0,1,0,0,WT,WT,WT
GGCCATCGTAGCTTTA,BCOR,0.0,0.0,0.0,0.0,3,0.0,0.0,0.0,0.0,3,2.6666666666666665,2.0,1.699673171197595,8.0,3,2.6666666666666665,2.0,1.699673171197595,8.0,3,0.0,0.0,0.0,0.0,3,0.0,0.0,0.0,0.0,3,0,3,0,0,3,0,MUT,MUT,MUT
GGCCTAAAGCAATCCC,BCOR,0.0,0.0,0.0,0.0,1,0.0,0.0,0.0,0.0,1,14.0,14.0,0.0,14.0,1,14.0,14.0,0.0,14.0,1,0.0,0.0,0.0,0.0,1,0.0,0.0,0.0,0.0,1,0,1,0,0,1,0,MUT,MUT,MUT
GGCCTAAAGCCATTTG,BCOR,1.0,1.0,0.0,1.0,1,1.0,1.0,0.0,1.0,1,0.0,0.0,0.0,0.0,1,0.0,0.0,0.0,0.0,1,0.0,0.0,0.0,0.0,1,0.0,0.0,0.0,0.0,1,1,0,0,1,0,0,WT,WT,WT
GGCCTAAAGGCGGATC,BCOR,3.0,3.0,2.0,6.0,2,3.0,3.0,2.0,6.0,2,0.0,0.0,0.0,0.0,2,0.0,0.0,0.0,0.0,2,0.0,0.0,0.0,0.0,2,0.0,0.0,0.0,0.0,2,2,0,0,2,0,0,WT,WT,WT
GGCGAAACAGTTATGG,BCOR,3.0,0.0,4.242640687119285,9.0,3,3.0,0.0,4.242640687119285,9.0,3,2.0,2.0,1.632993161855452,6.0,3,2.0,2.0,1.632993161855452,6.0,3,0.0,0.0,0.0,0.0,3,0.0,0.0,0.0,0.0,3,1,2,0,1,2,0,MUT,MUT,MUT
GGCGCAAGTAACGTTC,BCOR,0.0,0.0,0.0,0.0,1,0.0,0.0,0.0,0.0,1,4.0,4.0,0.0,4.0,1,4.0,4.0,0.0,4.0,1,0.0,0.0,0.0,0.0,1,0.0,0.0,0.0,0.0,1,0,1,0,0,1,0,MUT,MUT,MUT
GGCGCAAGTTATGAGG,BCOR,0.5,0.0,0.7637626158259734,3.0,6,0.5,0.0,0.7637626158259734,3.0,6,3.1666666666666665,3.5,2.544056253745625,19.0,6,3.1666666666666665,3.5,2.544056253745625,19.0,6,0.0,0.0,0.0,0.0,6,0.0,0.0,0.0,0.0,6,2,4,0,2,4,0,MUT,MUT,MUT
GGCTAATAGTTATGGA,BCOR,0.0,0.0,0.0,0.0,1,0.0,0.0,0.0,0.0,1,4.0,4.0,0.0,4.0,1,4.0,4.0,0.0,4.0,1,0.0,0.0,0.0,0.0,1,0.0,0.0,0.0,0.0,1,0,1,0,0,1,0,MUT,MUT,MUT
GGCTGGTAGGTTCATT,BCOR,0.0,0.0,0.0,0.0,3,0.0,0.0,0.0,0.0,3,3.0,2.0,1.4142135623730951,9.0,3,3.0,2.0,1.4142135623730951,9.0,3,0.0,0.0,0.0,0.0,3,0.0,0.0,0.0,0.0,3,0,3,0,0,3,0,MUT,MUT,MUT
GGCTTAACACATAGTG,BCOR,0.0,0.0,0.0,0.0,1,0.0,0.0,0.0,0.0,1,4.0,4.0,0.0,4.0,1,4.0,4.0,0.0,4.0,1,0.0,0.0,0.0,0.0,1,0.0,0.0,0.0,0.0,1,0,1,0,0,1,0,MUT,MUT,MUT
GGCTTGAAGCTCATTG,BCOR,0.3333333333333333,0.0,0.4714045207910317,1.0,3,0.3333333333333333,0.0,0.4714045207910317,1.0,3,1.3333333333333333,1.0,1.247219128924647,4.0,3,1.3333333333333333,1.0,1.247219128924647,4.0,3,0.0,0.0,0.0,0.0,3,0.0,0.0,0.0,0.0,3,1,2,0,1,2,0,MUT,MUT,MUT
GGCTTGAAGGTGAGGG,BCOR,1.0,1.0,0.0,1.0,1,1.0,1.0,0.0,1.0,1,0.0,0.0,0.0,0.0,1,0.0,0.0,0.0,0.0,1,0.0,0.0,0.0,0.0,1,0.0,0.0,0.0,0.0,1,1,0,0,1,0,0,WT,WT,WT
GGGCAATGTTGCGAAA,BCOR,4.0,4.0,0.0,4.0,1,4.0,4.0,0.0,4.0,1,0.0,0.0,0.0,0.0,1,0.0,0.0,0.0,0.0,1,0.0,0.0,0.0,0.0,1,0.0,0.0,0.0,0.0,1,1,0,0,1,0,0,WT,WT,WT
GGGCTTAAGCTACGTC,BCOR,0.0,0.0,0.0,0.0,1,0.0,0.0,0.0,0.0,1,1.0,1.0,0.0,1.0,1,1.0,1.0,0.0,1.0,1,0.0,0.0,0.0,0.0,1,0.0,0.0,0.0,0.0,1,0,1,0,0,1,0,MUT,MUT,MUT
GGGTGAGAGGATGGTT,BCOR,0.0,0.0,0.0,0.0,2,0.0,0.0,0.0,0.0,2,2.0,2.0,0.0,4.0,2,2.0,2.0,0.0,4.0,2,0.0,0.0,0.0,0.0,2,0.0,0.0,0.0,0.0,2,0,2,0,0,2,0,MUT,MUT,MUT
GGGTGGAAGTAGCTAA,BCOR,0.0,0.0,0.0,0.0,2,0.0,0.0,0.0,0.0,2,7.0,7.0,4.0,14.0,2,7.0,7.0,4.0,14.0,2,0.0,0.0,0.0,0.0,2,0.0,0.0,0.0,0.0,2,0,2,0,0,2,0,MUT,MUT,MUT
GGGTTAGTCACGTTAT,BCOR,2.0,2.0,0.0,2.0,1,2.0,2.0,0.0,2.0,1,0.0,0.0,0.0,0.0,1,0.0,0.0,0.0,0.0,1,0.0,0.0,0.0,0.0,1,0.0,0.0,0.0,0.0,1,1,0,0,1,0,0,WT,WT,WT
GGGTTAGTCCAAAGAC,BCOR,0.0,0.0,0.0,0.0,1,0.0,0.0,0.0,0.0,1,2.0,2.0,0.0,2.0,1,2.0,2.0,0.0,2.0,1,0.0,0.0,0.0,0.0,1,0.0,0.0,0.0,0.0,1,0,1,0,0,1,0,MUT,MUT,MUT
GGGTTAGTCCTGAGGA,BCOR,2.3793103448275863,1.0,3.4582614039671498,69.0,29,2.3793103448275863,1.0,3.4582614039671498,69.0,29,1.8620689655172413,0.0,2.3885378290412316,54.0,29,1.8620689655172413,0.0,2.3885378290412316,54.0,29,0.0,0.0,0.0,0.0,29,0.0,0.0,0.0,0.0,29,15,12,2,15,12,2,MUT,MUT,MUT
GGTCATTGTGCCCGAT,BCOR,0.0,0.0,0.0,0.0,2,0.0,0.0,0.0,0.0,2,7.5,7.5,4.5,15.0,2,7.5,7.5,4.5,15.0,2,0.0,0.0,0.0,0.0,2,0.0,0.0,0.0,0.0,2,0,2,0,0,2,0,MUT,MUT,MUT
GGTGCTGCAGGCCTCT,BCOR,0.0,0.0,0.0,0.0,1,0.0,0.0,0.0,0.0,1,6.0,6.0,0.0,6.0,1,6.0,6.0,0.0,6.0,1,0.0,0.0,0.0,0.0,1,0.0,0.0,0.0,0.0,1,0,1,0,0,1,0,MUT,MUT,MUT
GGTGCTTTCGCATTTG,BCOR,3.0,3.0,0.0,3.0,1,3.0,3.0,0.0,3.0,1,0.0,0.0,0.0,0.0,1,0.0,0.0,0.0,0.0,1,0.0,0.0,0.0,0.0,1,0.0,0.0,0.0,0.0,1,1,0,0,1,0,0,WT,WT,WT
GGTTGACCAAACTTGG,BCOR,0.0,0.0,0.0,0.0,2,0.0,0.0,0.0,0.0,2,3.0,3.0,2.0,6.0,2,3.0,3.0,2.0,6.0,2,0.0,0.0,0.0,0.0,2,0.0,0.0,0.0,0.0,2,0,2,0,0,2,0,MUT,MUT,MUT
GGTTTACGTCAGTGCC,BCOR,10.0,10.0,0.0,10.0,1,10.0,10.0,0.0,10.0,1,0.0,0.0,0.0,0.0,1,0.0,0.0,0.0,0.0,1,0.0,0.0,0.0,0.0,1,0.0,0.0,0.0,0.0,1,1,0,0,1,0,0,WT,WT,WT
GGTTTGACAGATAGCC,BCOR,1.0,1.0,0.0,1.0,1,1.0,1.0,0.0,1.0,1,0.0,0.0,0.0,0.0,1,0.0,0.0,0.0,0.0,1,0.0,0.0,0.0,0.0,1,0.0,0.0,0.0,0.0,1,1,0,0,1,0,0,WT,WT,WT
GTAAAGCTCGTGATTT,BCOR,0.6666666666666666,0.0,0.9428090415820634,2.0,3,0.6666666666666666,0.0,0.9428090415820634,2.0,3,1.0,1.0,0.816496580927726,3.0,3,1.0,1.0,0.816496580927726,3.0,3,0.0,0.0,0.0,0.0,3,0.0,0.0,0.0,0.0,3,1,2,0,1,2,0,MUT,MUT,MUT
GTAACCACACTATGGA,BCOR,0.0,0.0,0.0,0.0,2,0.0,0.0,0.0,0.0,2,1.5,1.5,0.5,3.0,2,1.5,1.5,0.5,3.0,2,0.0,0.0,0.0,0.0,2,0.0,0.0,0.0,0.0,2,0,2,0,0,2,0,MUT,MUT,MUT
GTAACGGTCATGCGGA,BCOR,2.0,2.0,0.0,2.0,1,2.0,2.0,0.0,2.0,1,0.0,0.0,0.0,0.0,1,0.0,0.0,0.0,0.0,1,0.0,0.0,0.0,0.0,1,0.0,0.0,0.0,0.0,1,1,0,0,1,0,0,WT,WT,WT
GTAAGAACACGTAGTA,BCOR,0.0,0.0,0.0,0.0,1,0.0,0.0,0.0,0.0,1,5.0,5.0,0.0,5.0,1,5.0,5.0,0.0,5.0,1,0.0,0.0,0.0,0.0,1,0.0,0.0,0.0,0.0,1,0,1,0,0,1,0,MUT,MUT,MUT
GTAATCCGTACGAATG,BCOR,0.0,0.0,0.0,0.0,1,0.0,0.0,0.0,0.0,1,3.0,3.0,0.0,3.0,1,3.0,3.0,0.0,3.0,1,0.0,0.0,0.0,0.0,1,0.0,0.0,0.0,0.0,1,0,1,0,0,1,0,MUT,MUT,MUT
GTAATGGGTCTCACTC,BCOR,1.0,1.0,0.0,1.0,1,1.0,1.0,0.0,1.0,1,0.0,0.0,0.0,0.0,1,0.0,0.0,0.0,0.0,1,0.0,0.0,0.0,0.0,1,0.0,0.0,0.0,0.0,1,1,0,0,1,0,0,WT,WT,WT
GTAATGGGTTAGTGCT,BCOR,1.0,1.0,0.816496580927726,3.0,3,1.0,1.0,0.816496580927726,3.0,3,0.6666666666666666,0.0,0.9428090415820634,2.0,3,0.6666666666666666,0.0,0.9428090415820634,2.0,3,0.0,0.0,0.0,0.0,3,0.0,0.0,0.0,0.0,3,2,1,0,2,1,0,MUT,MUT,MUT
GTACCTATCATAATGG,BCOR,4.0,4.0,0.0,4.0,1,4.0,4.0,0.0,4.0,1,0.0,0.0,0.0,0.0,1,0.0,0.0,0.0,0.0,1,0.0,0.0,0.0,0.0,1,0.0,0.0,0.0,0.0,1,1,0,0,1,0,0,WT,WT,WT
GTAGTAGGTCATCATA,BCOR,0.0,0.0,0.0,0.0,2,0.0,0.0,0.0,0.0,2,3.5,3.5,1.5,7.0,2,3.5,3.5,1.5,7.0,2,0.0,0.0,0.0,0.0,2,0.0,0.0,0.0,0.0,2,0,2,0,0,2,0,MUT,MUT,MUT
GTATACTTCCTGAGGA,BCOR,0.0,0.0,0.0,0.0,1,0.0,0.0,0.0,0.0,1,1.0,1.0,0.0,1.0,1,1.0,1.0,0.0,1.0,1,0.0,0.0,0.0,0.0,1,0.0,0.0,0.0,0.0,1,0,1,0,0,1,0,MUT,MUT,MUT
GTATTACTCACGGACA,BCOR,4.0,4.0,0.0,4.0,1,4.0,4.0,0.0,4.0,1,0.0,0.0,0.0,0.0,1,0.0,0.0,0.0,0.0,1,0.0,0.0,0.0,0.0,1,0.0,0.0,0.0,0.0,1,1,0,0,1,0,0,WT,WT,WT
GTCAAAGGTCGAATCT,BCOR,5.0,5.0,0.0,5.0,1,5.0,5.0,0.0,5.0,1,0.0,0.0,0.0,0.0,1,0.0,0.0,0.0,0.0,1,0.0,0.0,0.0,0.0,1,0.0,0.0,0.0,0.0,1,1,0,0,1,0,0,WT,WT,WT
GTCAACTGTGGATGCG,BCOR,0.0,0.0,0.0,0.0,1,0.0,0.0,0.0,0.0,1,4.0,4.0,0.0,4.0,1,4.0,4.0,0.0,4.0,1,0.0,0.0,0.0,0.0,1,0.0,0.0,0.0,0.0,1,0,1,0,0,1,0,MUT,MUT,MUT
GTCAAGCCACTAACGA,BCOR,2.0,1.0,2.160246899469287,6.0,3,2.0,1.0,2.160246899469287,6.0,3,1.6666666666666667,0.0,2.357022603955158,5.0,3,1.6666666666666667,0.0,2.357022603955158,5.0,3,0.0,0.0,0.0,0.0,3,0.0,0.0,0.0,0.0,3,2,1,0,2,1,0,MUT,MUT,MUT
GTCACTCAGATAACGC,BCOR,0.0,0.0,0.0,0.0,1,0.0,0.0,0.0,0.0,1,2.0,2.0,0.0,2.0,1,2.0,2.0,0.0,2.0,1,0.0,0.0,0.0,0.0,1,0.0,0.0,0.0,0.0,1,0,1,0,0,1,0,MUT,MUT,MUT
GTCACTCAGTACGGGC,BCOR,6.0,6.0,0.0,6.0,1,6.0,6.0,0.0,6.0,1,0.0,0.0,0.0,0.0,1,0.0,0.0,0.0,0.0,1,0.0,0.0,0.0,0.0,1,0.0,0.0,0.0,0.0,1,1,0,0,1,0,0,WT,WT,WT
GTCATTAGTTAGAGGC,BCOR,0.0,0.0,0.0,0.0,1,0.0,0.0,0.0,0.0,1,4.0,4.0,0.0,4.0,1,4.0,4.0,0.0,4.0,1,0.0,0.0,0.0,0.0,1,0.0,0.0,0.0,0.0,1,0,1,0,0,1,0,MUT,MUT,MUT
GTCCGTAGTAAGGTTG,BCOR,1.0,1.0,0.0,1.0,1,1.0,1.0,0.0,1.0,1,0.0,0.0,0.0,0.0,1,0.0,0.0,0.0,0.0,1,0.0,0.0,0.0,0.0,1,0.0,0.0,0.0,0.0,1,1,0,0,1,0,0,WT,WT,WT
GTCCGTTAGGCACTAG,BCOR,0.0,0.0,0.0,0.0,1,0.0,0.0,0.0,0.0,1,2.0,2.0,0.0,2.0,1,2.0,2.0,0.0,2.0,1,0.0,0.0,0.0,0.0,1,0.0,0.0,0.0,0.0,1,0,1,0,0,1,0,MUT,MUT,MUT
GTCCTCACAACAAAGA,BCOR,1.0,1.0,0.0,1.0,1,1.0,1.0,0.0,1.0,1,0.0,0.0,0.0,0.0,1,0.0,0.0,0.0,0.0,1,0.0,0.0,0.0,0.0,1,0.0,0.0,0.0,0.0,1,1,0,0,1,0,0,WT,WT,WT
GTCCTTAAGATGCCTC,BCOR,0.0,0.0,0.0,0.0,1,0.0,0.0,0.0,0.0,1,1.0,1.0,0.0,1.0,1,1.0,1.0,0.0,1.0,1,0.0,0.0,0.0,0.0,1,0.0,0.0,0.0,0.0,1,0,1,0,0,1,0,MUT,MUT,MUT
GTGGAAGCATTCAGGA,BCOR,0.0,0.0,0.0,0.0,2,0.0,0.0,0.0,0.0,2,1.5,1.5,0.5,3.0,2,1.5,1.5,0.5,3.0,2,0.0,0.0,0.0,0.0,2,0.0,0.0,0.0,0.0,2,0,2,0,0,2,0,MUT,MUT,MUT
GTGGACATCGATTCTG,BCOR,1.3333333333333333,0.0,1.8856180831641267,4.0,3,1.3333333333333333,0.0,1.8856180831641267,4.0,3,1.0,1.0,0.816496580927726,3.0,3,1.0,1.0,0.816496580927726,3.0,3,0.0,0.0,0.0,0.0,3,0.0,0.0,0.0,0.0,3,1,2,0,1,2,0,MUT,MUT,MUT
GTGGTTACACTCAATC,BCOR,6.0,6.0,0.0,6.0,1,6.0,6.0,0.0,6.0,1,0.0,0.0,0.0,0.0,1,0.0,0.0,0.0,0.0,1,0.0,0.0,0.0,0.0,1,0.0,0.0,0.0,0.0,1,1,0,0,1,0,0,WT,WT,WT
GTGGTTCTCCTGAGGA,BCOR,5.0,5.0,0.0,5.0,1,5.0,5.0,0.0,5.0,1,0.0,0.0,0.0,0.0,1,0.0,0.0,0.0,0.0,1,0.0,0.0,0.0,0.0,1,0.0,0.0,0.0,0.0,1,1,0,0,1,0,0,WT,WT,WT
GTGTGAGTCCTGACTA,BCOR,0.0,0.0,0.0,0.0,1,0.0,0.0,0.0,0.0,1,3.0,3.0,0.0,3.0,1,3.0,3.0,0.0,3.0,1,0.0,0.0,0.0,0.0,1,0.0,0.0,0.0,0.0,1,0,1,0,0,1,0,MUT,MUT,MUT
GTTAACCGTAGCCATT,BCOR,0.0,0.0,0.0,0.0,1,0.0,0.0,0.0,0.0,1,1.0,1.0,0.0,1.0,1,1.0,1.0,0.0,1.0,1,0.0,0.0,0.0,0.0,1,0.0,0.0,0.0,0.0,1,0,1,0,0,1,0,MUT,MUT,MUT
GTTAACTTCGTAGTTT,BCOR,2.5,2.5,0.5,5.0,2,2.5,2.5,0.5,5.0,2,0.0,0.0,0.0,0.0,2,0.0,0.0,0.0,0.0,2,0.0,0.0,0.0,0.0,2,0.0,0.0,0.0,0.0,2,2,0,0,2,0,0,WT,WT,WT
GTTAGTCGTAGCTTTA,BCOR,5.0,5.0,5.0,10.0,2,5.0,5.0,5.0,10.0,2,1.5,1.5,1.5,3.0,2,1.5,1.5,1.5,3.0,2,0.0,0.0,0.0,0.0,2,0.0,0.0,0.0,0.0,2,1,1,0,1,1,0,MUT,MUT,MUT
GTTCATTAGTCCTCAA,BCOR,1.0,1.0,0.0,1.0,1,1.0,1.0,0.0,1.0,1,0.0,0.0,0.0,0.0,1,0.0,0.0,0.0,0.0,1,0.0,0.0,0.0,0.0,1,0.0,0.0,0.0,0.0,1,1,0,0,1,0,0,WT,WT,WT
GTTCCATCAGAGAGCA,BCOR,2.0,2.0,0.0,2.0,1,2.0,2.0,0.0,2.0,1,0.0,0.0,0.0,0.0,1,0.0,0.0,0.0,0.0,1,0.0,0.0,0.0,0.0,1,0.0,0.0,0.0,0.0,1,1,0,0,1,0,0,WT,WT,WT
GTTGCGCGTATTTACG,BCOR,1.0,0.0,1.4142135623730951,3.0,3,1.0,0.0,1.4142135623730951,3.0,3,2.0,3.0,1.4142135623730951,6.0,3,2.0,3.0,1.4142135623730951,6.0,3,0.0,0.0,0.0,0.0,3,0.0,0.0,0.0,0.0,3,1,2,0,1,2,0,MUT,MUT,MUT
GTTGGATAGCCATAAA,BCOR,0.0,0.0,0.0,0.0,2,0.0,0.0,0.0,0.0,2,1.5,1.5,0.5,3.0,2,1.5,1.5,0.5,3.0,2,0.0,0.0,0.0,0.0,2,0.0,0.0,0.0,0.0,2,0,2,0,0,2,0,MUT,MUT,MUT
GTTGGATAGCCCTGAT,BCOR,3.5,3.5,0.5,7.0,2,3.5,3.5,0.5,7.0,2,0.0,0.0,0.0,0.0,2,0.0,0.0,0.0,0.0,2,0.0,0.0,0.0,0.0,2,0.0,0.0,0.0,0.0,2,2,0,0,2,0,0,WT,WT,WT
GTTGGGTCAACTTGTC,BCOR,8.0,8.0,0.0,8.0,1,8.0,8.0,0.0,8.0,1,0.0,0.0,0.0,0.0,1,0.0,0.0,0.0,0.0,1,0.0,0.0,0.0,0.0,1,0.0,0.0,0.0,0.0,1,1,0,0,1,0,0,WT,WT,WT
GTTGTAAAGGCTGTGA,BCOR,4.0,4.0,0.0,4.0,1,4.0,4.0,0.0,4.0,1,0.0,0.0,0.0,0.0,1,0.0,0.0,0.0,0.0,1,0.0,0.0,0.0,0.0,1,0.0,0.0,0.0,0.0,1,1,0,0,1,0,0,WT,WT,WT
GTTGTTGTCTGGAACG,BCOR,0.0,0.0,0.0,0.0,1,0.0,0.0,0.0,0.0,1,2.0,2.0,0.0,2.0,1,2.0,2.0,0.0,2.0,1,0.0,0.0,0.0,0.0,1,0.0,0.0,0.0,0.0,1,0,1,0,0,1,0,MUT,MUT,MUT
GTTTAGCGTAACCTTA,BCOR,2.5,2.5,2.5,5.0,2,2.5,2.5,2.5,5.0,2,0.5,0.5,0.5,1.0,2,0.5,0.5,0.5,1.0,2,0.0,0.0,0.0,0.0,2,0.0,0.0,0.0,0.0,2,1,1,0,1,1,0,MUT,MUT,MUT
GTTTCACCACAAGCGT,BCOR,1.5,1.0,1.5,6.0,4,1.5,1.0,1.5,6.0,4,0.25,0.0,0.4330127018922193,1.0,4,0.25,0.0,0.4330127018922193,1.0,4,0.0,0.0,0.0,0.0,4,0.0,0.0,0.0,0.0,4,3,1,0,3,1,0,MUT,MUT,MUT
GTTTGCATCGCGCATT,BCOR,3.0,3.0,0.0,3.0,1,3.0,3.0,0.0,3.0,1,0.0,0.0,0.0,0.0,1,0.0,0.0,0.0,0.0,1,0.0,0.0,0.0,0.0,1,0.0,0.0,0.0,0.0,1,1,0,0,1,0,0,WT,WT,WT
GTTTGGGAGGATTATG,BCOR,0.0,0.0,0.0,0.0,3,0.0,0.0,0.0,0.0,3,1.3333333333333333,1.0,0.4714045207910317,4.0,3,1.3333333333333333,1.0,0.4714045207910317,4.0,3,0.0,0.0,0.0,0.0,3,0.0,0.0,0.0,0.0,3,0,3,0,0,3,0,MUT,MUT,MUT
GTTTGTAGTTGGGTTT,BCOR,1.0,1.0,0.0,1.0,1,1.0,1.0,0.0,1.0,1,0.0,0.0,0.0,0.0,1,0.0,0.0,0.0,0.0,1,0.0,0.0,0.0,0.0,1,0.0,0.0,0.0,0.0,1,1,0,0,1,0,0,WT,WT,WT
GTTTGTCCACATGCTT,BCOR,2.4,1.0,3.826225293941798,12.0,5,2.4,1.0,3.826225293941798,12.0,5,0.8,0.0,1.1661903789690602,4.0,5,0.8,0.0,1.1661903789690602,4.0,5,0.0,0.0,0.0,0.0,5,0.0,0.0,0.0,0.0,5,3,2,0,3,2,0,MUT,MUT,MUT
GTTTGTCCAGGCGAAA,BCOR,1.0,1.0,0.0,1.0,1,1.0,1.0,0.0,1.0,1,0.0,0.0,0.0,0.0,1,0.0,0.0,0.0,0.0,1,0.0,0.0,0.0,0.0,1,0.0,0.0,0.0,0.0,1,1,0,0,1,0,0,WT,WT,WT
TAAAGGCTCGATTAAG,BCOR,0.5,0.5,0.5,1.0,2,0.5,0.5,0.5,1.0,2,0.5,0.5,0.5,1.0,2,0.5,0.5,0.5,1.0,2,0.0,0.0,0.0,0.0,2,0.0,0.0,0.0,0.0,2,1,1,0,1,1,0,MUT,MUT,MUT
TAAAGGGAGGGAGGAT,BCOR,0.0,0.0,0.0,0.0,1,0.0,0.0,0.0,0.0,1,1.0,1.0,0.0,1.0,1,1.0,1.0,0.0,1.0,1,0.0,0.0,0.0,0.0,1,0.0,0.0,0.0,0.0,1,0,1,0,0,1,0,MUT,MUT,MUT
TAAATCGAGGATTATG,BCOR,3.0,3.0,0.0,3.0,1,3.0,3.0,0.0,3.0,1,0.0,0.0,0.0,0.0,1,0.0,0.0,0.0,0.0,1,0.0,0.0,0.0,0.0,1,0.0,0.0,0.0,0.0,1,1,0,0,1,0,0,WT,WT,WT
TAACAGGGTCCTCATC,BCOR,1.5,1.5,1.5,3.0,2,1.5,1.5,1.5,3.0,2,0.5,0.5,0.5,1.0,2,0.5,0.5,0.5,1.0,2,0.0,0.0,0.0,0.0,2,0.0,0.0,0.0,0.0,2,1,1,0,1,1,0,MUT,MUT,MUT
TAACAGGGTGTTTCGG,BCOR,2.0,2.0,2.0,4.0,2,2.0,2.0,2.0,4.0,2,3.5,3.5,3.5,7.0,2,3.5,3.5,3.5,7.0,2,0.0,0.0,0.0,0.0,2,0.0,0.0,0.0,0.0,2,1,1,0,1,1,0,MUT,MUT,MUT
TAACCACGTAGCCAAA,BCOR,1.0,1.0,0.0,1.0,1,1.0,1.0,0.0,1.0,1,0.0,0.0,0.0,0.0,1,0.0,0.0,0.0,0.0,1,0.0,0.0,0.0,0.0,1,0.0,0.0,0.0,0.0,1,1,0,0,1,0,0,WT,WT,WT
TAACCCTCAAACTGGC,BCOR,9.0,9.0,0.0,9.0,1,9.0,9.0,0.0,9.0,1,0.0,0.0,0.0,0.0,1,0.0,0.0,0.0,0.0,1,0.0,0.0,0.0,0.0,1,0.0,0.0,0.0,0.0,1,1,0,0,1,0,0,WT,WT,WT
TAACCTTAGCACTAGG,BCOR,0.5,0.5,0.5,1.0,2,0.5,0.5,0.5,1.0,2,0.5,0.5,0.5,1.0,2,0.5,0.5,0.5,1.0,2,0.0,0.0,0.0,0.0,2,0.0,0.0,0.0,0.0,2,1,1,0,1,1,0,MUT,MUT,MUT
TAAGCTTTCCCAGACT,BCOR,2.5,2.5,2.5,5.0,2,2.5,2.5,2.5,5.0,2,1.5,1.5,1.5,3.0,2,1.5,1.5,1.5,3.0,2,0.0,0.0,0.0,0.0,2,0.0,0.0,0.0,0.0,2,1,1,0,1,1,0,MUT,MUT,MUT
TAAGGTTCAATGAAGA,BCOR,1.0,1.0,0.0,1.0,1,1.0,1.0,0.0,1.0,1,0.0,0.0,0.0,0.0,1,0.0,0.0,0.0,0.0,1,0.0,0.0,0.0,0.0,1,0.0,0.0,0.0,0.0,1,1,0,0,1,0,0,WT,WT,WT
TAATAGCCAATGGGAG,BCOR,0.0,0.0,0.0,0.0,3,0.0,0.0,0.0,0.0,3,3.3333333333333335,3.0,1.247219128924647,10.0,3,3.3333333333333335,3.0,1.247219128924647,10.0,3,0.0,0.0,0.0,0.0,3,0.0,0.0,0.0,0.0,3,0,3,0,0,3,0,MUT,MUT,MUT
TAATAGGTCAAACTTC,BCOR,2.0,2.0,2.0,4.0,2,2.0,2.0,2.0,4.0,2,1.0,1.0,1.0,2.0,2,1.0,1.0,1.0,2.0,2,0.0,0.0,0.0,0.0,2,0.0,0.0,0.0,0.0,2,1,1,0,1,1,0,MUT,MUT,MUT
TAATGTGAGCATTTCG,BCOR,3.0,3.0,0.0,3.0,1,3.0,3.0,0.0,3.0,1,0.0,0.0,0.0,0.0,1,0.0,0.0,0.0,0.0,1,0.0,0.0,0.0,0.0,1,0.0,0.0,0.0,0.0,1,1,0,0,1,0,0,WT,WT,WT
TACAACAAGACAAAGG,BCOR,2.0,2.0,0.0,2.0,1,2.0,2.0,0.0,2.0,1,0.0,0.0,0.0,0.0,1,0.0,0.0,0.0,0.0,1,0.0,0.0,0.0,0.0,1,0.0,0.0,0.0,0.0,1,1,0,0,1,0,0,WT,WT,WT
TACAGAATCCTGACTA,BCOR,0.0,0.0,0.0,0.0,1,0.0,0.0,0.0,0.0,1,1.0,1.0,0.0,1.0,1,1.0,1.0,0.0,1.0,1,0.0,0.0,0.0,0.0,1,0.0,0.0,0.0,0.0,1,0,1,0,0,1,0,MUT,MUT,MUT
TACCGGGCAATGTGGC,BCOR,0.0,0.0,0.0,0.0,1,0.0,0.0,0.0,0.0,1,3.0,3.0,0.0,3.0,1,3.0,3.0,0.0,3.0,1,0.0,0.0,0.0,0.0,1,0.0,0.0,0.0,0.0,1,0,1,0,0,1,0,MUT,MUT,MUT
TACCTTTGTTTGTGAC,BCOR,0.0,0.0,0.0,0.0,1,0.0,0.0,0.0,0.0,1,2.0,2.0,0.0,2.0,1,2.0,2.0,0.0,2.0,1,0.0,0.0,0.0,0.0,1,0.0,0.0,0.0,0.0,1,0,1,0,0,1,0,MUT,MUT,MUT
TACGGGCAGTGTCCAC,BCOR,0.0,0.0,0.0,0.0,1,0.0,0.0,0.0,0.0,1,6.0,6.0,0.0,6.0,1,6.0,6.0,0.0,6.0,1,0.0,0.0,0.0,0.0,1,0.0,0.0,0.0,0.0,1,0,1,0,0,1,0,MUT,MUT,MUT
TACGGGTCAACTTAGG,BCOR,1.6666666666666667,2.0,1.247219128924647,5.0,3,1.6666666666666667,2.0,1.247219128924647,5.0,3,1.0,0.0,1.4142135623730951,3.0,3,1.0,0.0,1.4142135623730951,3.0,3,0.0,0.0,0.0,0.0,3,0.0,0.0,0.0,0.0,3,2,1,0,2,1,0,MUT,MUT,MUT
TACGTCCAGCAACTTT,BCOR,0.0,0.0,0.0,0.0,3,0.0,0.0,0.0,0.0,3,2.6666666666666665,2.0,0.9428090415820634,8.0,3,2.6666666666666665,2.0,0.9428090415820634,8.0,3,0.0,0.0,0.0,0.0,3,0.0,0.0,0.0,0.0,3,0,3,0,0,3,0,MUT,MUT,MUT
TACGTTAGTCCTGACA,BCOR,0.3333333333333333,0.0,0.4714045207910317,1.0,3,0.3333333333333333,0.0,0.4714045207910317,1.0,3,1.6666666666666667,1.0,1.699673171197595,5.0,3,1.6666666666666667,1.0,1.699673171197595,5.0,3,0.0,0.0,0.0,0.0,3,0.0,0.0,0.0,0.0,3,1,2,0,1,2,0,MUT,MUT,MUT
TAGAGGTTCATGCGGA,BCOR,1.0,1.0,0.0,1.0,1,1.0,1.0,0.0,1.0,1,2.0,2.0,0.0,2.0,1,2.0,2.0,0.0,2.0,1,0.0,0.0,0.0,0.0,1,0.0,0.0,0.0,0.0,1,0,0,1,0,0,1,Unprofiled,Unprofiled,Unprofiled
TAGCCAGAGGGTTACG,BCOR,0.0,0.0,0.0,0.0,1,0.0,0.0,0.0,0.0,1,4.0,4.0,0.0,4.0,1,4.0,4.0,0.0,4.0,1,0.0,0.0,0.0,0.0,1,0.0,0.0,0.0,0.0,1,0,1,0,0,1,0,MUT,MUT,MUT
TAGCCTGGTTAATCCA,BCOR,1.0,1.0,0.0,1.0,1,1.0,1.0,0.0,1.0,1,0.0,0.0,0.0,0.0,1,0.0,0.0,0.0,0.0,1,0.0,0.0,0.0,0.0,1,0.0,0.0,0.0,0.0,1,1,0,0,1,0,0,WT,WT,WT
TAGCGGTCAACAAAGA,BCOR,1.25,0.5,1.6393596310755,5.0,4,1.25,0.5,1.6393596310755,5.0,4,1.0,1.0,1.0,4.0,4,1.0,1.0,1.0,4.0,4,0.0,0.0,0.0,0.0,4,0.0,0.0,0.0,0.0,4,2,2,0,2,2,0,MUT,MUT,MUT
TAGCTTTAGGCTTAAA,BCOR,3.0,3.0,0.0,3.0,1,3.0,3.0,0.0,3.0,1,0.0,0.0,0.0,0.0,1,0.0,0.0,0.0,0.0,1,0.0,0.0,0.0,0.0,1,0.0,0.0,0.0,0.0,1,1,0,0,1,0,0,WT,WT,WT
TAGGCGCAGCCATAAA,BCOR,2.0,2.0,0.0,2.0,1,2.0,2.0,0.0,2.0,1,0.0,0.0,0.0,0.0,1,0.0,0.0,0.0,0.0,1,0.0,0.0,0.0,0.0,1,0.0,0.0,0.0,0.0,1,1,0,0,1,0,0,WT,WT,WT
TAGGTTAAGCATCCCG,BCOR,5.0,5.0,0.0,5.0,1,5.0,5.0,0.0,5.0,1,0.0,0.0,0.0,0.0,1,0.0,0.0,0.0,0.0,1,0.0,0.0,0.0,0.0,1,0.0,0.0,0.0,0.0,1,1,0,0,1,0,0,WT,WT,WT
TAGTAGTCAGGCCTCT,BCOR,2.0,2.0,0.0,2.0,1,2.0,2.0,0.0,2.0,1,0.0,0.0,0.0,0.0,1,0.0,0.0,0.0,0.0,1,0.0,0.0,0.0,0.0,1,0.0,0.0,0.0,0.0,1,1,0,0,1,0,0,WT,WT,WT
TAGTCCTCATTACTCA,BCOR,0.8,0.0,1.6000000000000003,4.0,5,0.8,0.0,1.6000000000000003,4.0,5,1.2,1.0,0.7483314773547883,6.0,5,1.2,1.0,0.7483314773547883,6.0,5,0.0,0.0,0.0,0.0,5,0.0,0.0,0.0,0.0,5,1,4,0,1,4,0,MUT,MUT,MUT
TAGTGCACATCCCAAT,BCOR,0.0,0.0,0.0,0.0,2,0.0,0.0,0.0,0.0,2,3.5,3.5,0.5,7.0,2,3.5,3.5,0.5,7.0,2,0.0,0.0,0.0,0.0,2,0.0,0.0,0.0,0.0,2,0,2,0,0,2,0,MUT,MUT,MUT
TAGTGGCCAGGCTGTG,BCOR,0.0,0.0,0.0,0.0,1,0.0,0.0,0.0,0.0,1,2.0,2.0,0.0,2.0,1,2.0,2.0,0.0,2.0,1,0.0,0.0,0.0,0.0,1,0.0,0.0,0.0,0.0,1,0,1,0,0,1,0,MUT,MUT,MUT
TATCGAGCACCAACAA,BCOR,0.0,0.0,0.0,0.0,1,0.0,0.0,0.0,0.0,1,2.0,2.0,0.0,2.0,1,2.0,2.0,0.0,2.0,1,0.0,0.0,0.0,0.0,1,0.0,0.0,0.0,0.0,1,0,1,0,0,1,0,MUT,MUT,MUT
TATGAGCAGTTATTGC,BCOR,1.5,1.0,2.0615528128088303,9.0,6,1.5,1.0,2.0615528128088303,9.0,6,0.8333333333333334,0.0,1.4624940645653537,5.0,6,0.8333333333333334,0.0,1.4624940645653537,5.0,6,0.0,0.0,0.0,0.0,6,0.0,0.0,0.0,0.0,6,4,2,0,4,2,0,MUT,MUT,MUT
TATGTCCCAATTGCGA,BCOR,0.0,0.0,0.0,0.0,1,0.0,0.0,0.0,0.0,1,1.0,1.0,0.0,1.0,1,1.0,1.0,0.0,1.0,1,0.0,0.0,0.0,0.0,1,0.0,0.0,0.0,0.0,1,0,1,0,0,1,0,MUT,MUT,MUT
TATGTCCCAGATTGCA,BCOR,2.5,2.5,2.5,5.0,2,2.5,2.5,2.5,5.0,2,1.0,1.0,1.0,2.0,2,1.0,1.0,1.0,2.0,2,0.0,0.0,0.0,0.0,2,0.0,0.0,0.0,0.0,2,1,1,0,1,1,0,MUT,MUT,MUT
TATTAGGAGTTACACT,BCOR,0.0,0.0,0.0,0.0,1,0.0,0.0,0.0,0.0,1,1.0,1.0,0.0,1.0,1,1.0,1.0,0.0,1.0,1,0.0,0.0,0.0,0.0,1,0.0,0.0,0.0,0.0,1,0,1,0,0,1,0,MUT,MUT,MUT
TCAACCATCATGAATG,BCOR,0.0,0.0,0.0,0.0,2,0.0,0.0,0.0,0.0,2,2.5,2.5,0.5,5.0,2,2.5,2.5,0.5,5.0,2,0.0,0.0,0.0,0.0,2,0.0,0.0,0.0,0.0,2,0,2,0,0,2,0,MUT,MUT,MUT
TCAACCTCACAATGGC,BCOR,2.0,2.0,2.0,4.0,2,2.0,2.0,2.0,4.0,2,0.5,0.5,0.5,1.0,2,0.5,0.5,0.5,1.0,2,0.0,0.0,0.0,0.0,2,0.0,0.0,0.0,0.0,2,1,1,0,1,1,0,MUT,MUT,MUT
TCAACTAGTGCGCAAG,BCOR,0.0,0.0,0.0,0.0,1,0.0,0.0,0.0,0.0,1,4.0,4.0,0.0,4.0,1,4.0,4.0,0.0,4.0,1,0.0,0.0,0.0,0.0,1,0.0,0.0,0.0,0.0,1,0,1,0,0,1,0,MUT,MUT,MUT
TCAACTGTCTAACCTG,BCOR,0.0,0.0,0.0,0.0,1,0.0,0.0,0.0,0.0,1,1.0,1.0,0.0,1.0,1,1.0,1.0,0.0,1.0,1,0.0,0.0,0.0,0.0,1,0.0,0.0,0.0,0.0,1,0,1,0,0,1,0,MUT,MUT,MUT
TCAAGCGAGTTTACCG,BCOR,0.0,0.0,0.0,0.0,1,0.0,0.0,0.0,0.0,1,1.0,1.0,0.0,1.0,1,1.0,1.0,0.0,1.0,1,0.0,0.0,0.0,0.0,1,0.0,0.0,0.0,0.0,1,0,1,0,0,1,0,MUT,MUT,MUT
TCAATGGCATACTTGC,BCOR,1.0,1.0,0.0,1.0,1,1.0,1.0,0.0,1.0,1,0.0,0.0,0.0,0.0,1,0.0,0.0,0.0,0.0,1,0.0,0.0,0.0,0.0,1,0.0,0.0,0.0,0.0,1,1,0,0,1,0,0,WT,WT,WT
TCACCCACAAACTTGG,BCOR,0.0,0.0,0.0,0.0,1,0.0,0.0,0.0,0.0,1,2.0,2.0,0.0,2.0,1,2.0,2.0,0.0,2.0,1,0.0,0.0,0.0,0.0,1,0.0,0.0,0.0,0.0,1,0,1,0,0,1,0,MUT,MUT,MUT
TCACCCTGTGGACCCT,BCOR,2.0,2.0,0.0,2.0,1,2.0,2.0,0.0,2.0,1,0.0,0.0,0.0,0.0,1,0.0,0.0,0.0,0.0,1,0.0,0.0,0.0,0.0,1,0.0,0.0,0.0,0.0,1,1,0,0,1,0,0,WT,WT,WT
TCACTCGCACTAACGA,BCOR,0.875,0.0,1.6909686573085854,7.0,8,0.875,0.0,1.6909686573085854,7.0,8,3.625,3.0,2.394655507583502,29.0,8,3.625,3.0,2.394655507583502,29.0,8,0.0,0.0,0.0,0.0,8,0.0,0.0,0.0,0.0,8,0,6,2,0,6,2,MUT,MUT,MUT
TCACTCGCATTTCTTC,BCOR,0.0,0.0,0.0,0.0,1,0.0,0.0,0.0,0.0,1,2.0,2.0,0.0,2.0,1,2.0,2.0,0.0,2.0,1,0.0,0.0,0.0,0.0,1,0.0,0.0,0.0,0.0,1,0,1,0,0,1,0,MUT,MUT,MUT
TCAGGCAAGAAAGGCA,BCOR,0.6,0.0,1.2000000000000002,3.0,5,0.6,0.0,1.2000000000000002,3.0,5,1.4,1.0,1.019803902718557,7.0,5,1.4,1.0,1.019803902718557,7.0,5,0.0,0.0,0.0,0.0,5,0.0,0.0,0.0,0.0,5,1,4,0,1,4,0,MUT,MUT,MUT
TCAGGCTTCGCAGCAA,BCOR,2.0,2.0,0.0,2.0,1,2.0,2.0,0.0,2.0,1,0.0,0.0,0.0,0.0,1,0.0,0.0,0.0,0.0,1,0.0,0.0,0.0,0.0,1,0.0,0.0,0.0,0.0,1,1,0,0,1,0,0,WT,WT,WT
TCCACTAAGAGCAACT,BCOR,2.0,2.0,0.0,2.0,1,2.0,2.0,0.0,2.0,1,0.0,0.0,0.0,0.0,1,0.0,0.0,0.0,0.0,1,0.0,0.0,0.0,0.0,1,0.0,0.0,0.0,0.0,1,1,0,0,1,0,0,WT,WT,WT
TCCAGGAAGCGCTACT,BCOR,1.0,1.0,1.0,2.0,2,1.0,1.0,1.0,2.0,2,1.0,1.0,1.0,2.0,2,1.0,1.0,1.0,2.0,2,0.0,0.0,0.0,0.0,2,0.0,0.0,0.0,0.0,2,1,1,0,1,1,0,MUT,MUT,MUT
TCCATTTGTCCGTGAC,BCOR,1.0,1.0,1.0,2.0,2,1.0,1.0,1.0,2.0,2,1.5,1.5,1.5,3.0,2,1.5,1.5,1.5,3.0,2,0.0,0.0,0.0,0.0,2,0.0,0.0,0.0,0.0,2,1,1,0,1,1,0,MUT,MUT,MUT
TCCCGTTGTATGGTAG,BCOR,5.0,5.0,0.0,5.0,1,5.0,5.0,0.0,5.0,1,0.0,0.0,0.0,0.0,1,0.0,0.0,0.0,0.0,1,0.0,0.0,0.0,0.0,1,0.0,0.0,0.0,0.0,1,1,0,0,1,0,0,WT,WT,WT
TCCCGTTGTTGAGGAC,BCOR,2.0,2.0,0.0,2.0,1,2.0,2.0,0.0,2.0,1,0.0,0.0,0.0,0.0,1,0.0,0.0,0.0,0.0,1,0.0,0.0,0.0,0.0,1,0.0,0.0,0.0,0.0,1,1,0,0,1,0,0,WT,WT,WT
TCCGTTAAGATAGCCG,BCOR,3.5,3.5,3.5,7.0,2,3.5,3.5,3.5,7.0,2,1.5,1.5,1.5,3.0,2,1.5,1.5,1.5,3.0,2,0.0,0.0,0.0,0.0,2,0.0,0.0,0.0,0.0,2,1,1,0,1,1,0,MUT,MUT,MUT
TCGTCAATCGGTCAAG,BCOR,2.0,2.0,0.0,2.0,1,2.0,2.0,0.0,2.0,1,0.0,0.0,0.0,0.0,1,0.0,0.0,0.0,0.0,1,0.0,0.0,0.0,0.0,1,0.0,0.0,0.0,0.0,1,1,0,0,1,0,0,WT,WT,WT
TCGTCCCTCAATACAG,BCOR,0.0,0.0,0.0,0.0,1,0.0,0.0,0.0,0.0,1,4.0,4.0,0.0,4.0,1,4.0,4.0,0.0,4.0,1,0.0,0.0,0.0,0.0,1,0.0,0.0,0.0,0.0,1,0,1,0,0,1,0,MUT,MUT,MUT
TCGTTAAGTCTCACTC,BCOR,0.5,0.5,0.5,1.0,2,0.5,0.5,0.5,1.0,2,1.0,1.0,1.0,2.0,2,1.0,1.0,1.0,2.0,2,0.0,0.0,0.0,0.0,2,0.0,0.0,0.0,0.0,2,1,1,0,1,1,0,MUT,MUT,MUT
TCTAACAGTCCTTATT,BCOR,0.0,0.0,0.0,0.0,1,0.0,0.0,0.0,0.0,1,1.0,1.0,0.0,1.0,1,1.0,1.0,0.0,1.0,1,0.0,0.0,0.0,0.0,1,0.0,0.0,0.0,0.0,1,0,1,0,0,1,0,MUT,MUT,MUT
TCTACCTTCCCTCGCT,BCOR,1.5,1.5,1.5,3.0,2,1.5,1.5,1.5,3.0,2,1.0,1.0,1.0,2.0,2,1.0,1.0,1.0,2.0,2,0.0,0.0,0.0,0.0,2,0.0,0.0,0.0,0.0,2,1,1,0,1,1,0,MUT,MUT,MUT
TCTGGGCGTAAAGGCC,BCOR,2.0,2.0,0.0,2.0,1,2.0,2.0,0.0,2.0,1,0.0,0.0,0.0,0.0,1,0.0,0.0,0.0,0.0,1,0.0,0.0,0.0,0.0,1,0.0,0.0,0.0,0.0,1,1,0,0,1,0,0,WT,WT,WT
TCTGTAAGTCCTGAGC,BCOR,0.0,0.0,0.0,0.0,1,0.0,0.0,0.0,0.0,1,1.0,1.0,0.0,1.0,1,1.0,1.0,0.0,1.0,1,0.0,0.0,0.0,0.0,1,0.0,0.0,0.0,0.0,1,0,1,0,0,1,0,MUT,MUT,MUT
TCTGTGATCATAATGG,BCOR,1.0,1.0,0.0,1.0,1,1.0,1.0,0.0,1.0,1,0.0,0.0,0.0,0.0,1,0.0,0.0,0.0,0.0,1,0.0,0.0,0.0,0.0,1,0.0,0.0,0.0,0.0,1,1,0,0,1,0,0,WT,WT,WT
TCTGTGATCGGTTCCG,BCOR,2.0,2.0,0.0,2.0,1,2.0,2.0,0.0,2.0,1,0.0,0.0,0.0,0.0,1,0.0,0.0,0.0,0.0,1,0.0,0.0,0.0,0.0,1,0.0,0.0,0.0,0.0,1,1,0,0,1,0,0,WT,WT,WT
TCTTACTGTCAACTAC,BCOR,2.0,2.0,0.0,2.0,1,2.0,2.0,0.0,2.0,1,0.0,0.0,0.0,0.0,1,0.0,0.0,0.0,0.0,1,0.0,0.0,0.0,0.0,1,0.0,0.0,0.0,0.0,1,1,0,0,1,0,0,WT,WT,WT
TGAAACTCATTTGTTG,BCOR,6.0,6.0,0.0,6.0,1,6.0,6.0,0.0,6.0,1,0.0,0.0,0.0,0.0,1,0.0,0.0,0.0,0.0,1,0.0,0.0,0.0,0.0,1,0.0,0.0,0.0,0.0,1,1,0,0,1,0,0,WT,WT,WT
TGAACAGGTTTCAGGT,BCOR,1.0,1.0,1.0,2.0,2,1.0,1.0,1.0,2.0,2,2.0,2.0,2.0,4.0,2,2.0,2.0,2.0,4.0,2,0.0,0.0,0.0,0.0,2,0.0,0.0,0.0,0.0,2,1,1,0,1,1,0,MUT,MUT,MUT
TGAACCTGTAGCTATC,BCOR,0.0,0.0,0.0,0.0,2,0.0,0.0,0.0,0.0,2,1.5,1.5,0.5,3.0,2,1.5,1.5,0.5,3.0,2,0.0,0.0,0.0,0.0,2,0.0,0.0,0.0,0.0,2,0,2,0,0,2,0,MUT,MUT,MUT
TGAAGGAAGTCGAAGT,BCOR,2.0,0.0,2.8284271247461903,6.0,3,2.0,0.0,2.8284271247461903,6.0,3,1.0,1.0,0.816496580927726,3.0,3,1.0,1.0,0.816496580927726,3.0,3,0.0,0.0,0.0,0.0,3,0.0,0.0,0.0,0.0,3,1,2,0,1,2,0,MUT,MUT,MUT
TGACATAAGTTATGGA,BCOR,2.0,2.0,0.0,2.0,1,2.0,2.0,0.0,2.0,1,0.0,0.0,0.0,0.0,1,0.0,0.0,0.0,0.0,1,0.0,0.0,0.0,0.0,1,0.0,0.0,0.0,0.0,1,1,0,0,1,0,0,WT,WT,WT
TGACATGCATCCTTGG,BCOR,4.5,4.5,2.5,9.0,2,4.5,4.5,2.5,9.0,2,0.0,0.0,0.0,0.0,2,0.0,0.0,0.0,0.0,2,0.0,0.0,0.0,0.0,2,0.0,0.0,0.0,0.0,2,2,0,0,2,0,0,WT,WT,WT
TGACGAAGTAATGCGA,BCOR,1.0,1.0,0.0,1.0,1,1.0,1.0,0.0,1.0,1,0.0,0.0,0.0,0.0,1,0.0,0.0,0.0,0.0,1,0.0,0.0,0.0,0.0,1,0.0,0.0,0.0,0.0,1,1,0,0,1,0,0,WT,WT,WT
TGACTACGTCGCAACC,BCOR,3.0,3.0,0.0,3.0,1,3.0,3.0,0.0,3.0,1,0.0,0.0,0.0,0.0,1,0.0,0.0,0.0,0.0,1,0.0,0.0,0.0,0.0,1,0.0,0.0,0.0,0.0,1,1,0,0,1,0,0,WT,WT,WT
TGACTACGTGACCTGC,BCOR,2.4,1.5,2.0099751242241783,24.0,10,2.4,1.5,2.0099751242241783,24.0,10,0.2,0.0,0.6000000000000001,2.0,10,0.2,0.0,0.6000000000000001,2.0,10,0.0,0.0,0.0,0.0,10,0.0,0.0,0.0,0.0,10,9,1,0,9,1,0,MUT,MUT,MUT
TGACTACGTTGTCAGT,BCOR,0.0,0.0,0.0,0.0,1,0.0,0.0,0.0,0.0,1,2.0,2.0,0.0,2.0,1,2.0,2.0,0.0,2.0,1,0.0,0.0,0.0,0.0,1,0.0,0.0,0.0,0.0,1,0,1,0,0,1,0,MUT,MUT,MUT
TGAGTCGAGTCATAAG,BCOR,1.0,1.0,0.0,1.0,1,1.0,1.0,0.0,1.0,1,0.0,0.0,0.0,0.0,1,0.0,0.0,0.0,0.0,1,0.0,0.0,0.0,0.0,1,0.0,0.0,0.0,0.0,1,1,0,0,1,0,0,WT,WT,WT
TGATCTTAGACTAATG,BCOR,2.0,2.0,0.0,2.0,1,2.0,2.0,0.0,2.0,1,0.0,0.0,0.0,0.0,1,0.0,0.0,0.0,0.0,1,0.0,0.0,0.0,0.0,1,0.0,0.0,0.0,0.0,1,1,0,0,1,0,0,WT,WT,WT
TGATTACTCCTTAGGC,BCOR,6.0,6.0,0.0,6.0,1,6.0,6.0,0.0,6.0,1,0.0,0.0,0.0,0.0,1,0.0,0.0,0.0,0.0,1,0.0,0.0,0.0,0.0,1,0.0,0.0,0.0,0.0,1,1,0,0,1,0,0,WT,WT,WT
TGCATTAGTTAAGCCT,BCOR,0.5,0.5,0.5,1.0,2,0.5,0.5,0.5,1.0,2,1.0,1.0,1.0,2.0,2,1.0,1.0,1.0,2.0,2,0.0,0.0,0.0,0.0,2,0.0,0.0,0.0,0.0,2,1,1,0,1,1,0,MUT,MUT,MUT
TGCCCTGAGTCACCTA,BCOR,7.0,7.0,0.0,7.0,1,7.0,7.0,0.0,7.0,1,0.0,0.0,0.0,0.0,1,0.0,0.0,0.0,0.0,1,0.0,0.0,0.0,0.0,1,0.0,0.0,0.0,0.0,1,1,0,0,1,0,0,WT,WT,WT
TGCCTTAAGTTACATC,BCOR,0.0,0.0,0.0,0.0,1,0.0,0.0,0.0,0.0,1,2.0,2.0,0.0,2.0,1,2.0,2.0,0.0,2.0,1,0.0,0.0,0.0,0.0,1,0.0,0.0,0.0,0.0,1,0,1,0,0,1,0,MUT,MUT,MUT
TGCGCATTCAGGCATG,BCOR,0.0,0.0,0.0,0.0,1,0.0,0.0,0.0,0.0,1,3.0,3.0,0.0,3.0,1,3.0,3.0,0.0,3.0,1,0.0,0.0,0.0,0.0,1,0.0,0.0,0.0,0.0,1,0,1,0,0,1,0,MUT,MUT,MUT
TGCGCATTCGATATAG,BCOR,0.0,0.0,0.0,0.0,1,0.0,0.0,0.0,0.0,1,6.0,6.0,0.0,6.0,1,6.0,6.0,0.0,6.0,1,0.0,0.0,0.0,0.0,1,0.0,0.0,0.0,0.0,1,0,1,0,0,1,0,MUT,MUT,MUT
TGCGCCTCAGGCCTCT,BCOR,6.0,6.0,0.0,6.0,1,6.0,6.0,0.0,6.0,1,0.0,0.0,0.0,0.0,1,0.0,0.0,0.0,0.0,1,0.0,0.0,0.0,0.0,1,0.0,0.0,0.0,0.0,1,1,0,0,1,0,0,WT,WT,WT
TGCGCTTAGTCCTGCG,BCOR,3.0,3.0,0.0,3.0,1,3.0,3.0,0.0,3.0,1,0.0,0.0,0.0,0.0,1,0.0,0.0,0.0,0.0,1,0.0,0.0,0.0,0.0,1,0.0,0.0,0.0,0.0,1,1,0,0,1,0,0,WT,WT,WT
TGCGGAATCAGGTTAA,BCOR,0.0,0.0,0.0,0.0,1,0.0,0.0,0.0,0.0,1,2.0,2.0,0.0,2.0,1,2.0,2.0,0.0,2.0,1,0.0,0.0,0.0,0.0,1,0.0,0.0,0.0,0.0,1,0,1,0,0,1,0,MUT,MUT,MUT
TGCGGTTTCTTAATGC,BCOR,0.0,0.0,0.0,0.0,1,0.0,0.0,0.0,0.0,1,1.0,1.0,0.0,1.0,1,1.0,1.0,0.0,1.0,1,0.0,0.0,0.0,0.0,1,0.0,0.0,0.0,0.0,1,0,1,0,0,1,0,MUT,MUT,MUT
TGGAAACTCAGTTTAC,BCOR,0.0,0.0,0.0,0.0,1,0.0,0.0,0.0,0.0,1,2.0,2.0,0.0,2.0,1,2.0,2.0,0.0,2.0,1,0.0,0.0,0.0,0.0,1,0.0,0.0,0.0,0.0,1,0,1,0,0,1,0,MUT,MUT,MUT
TGGACCAAGGTCAAAC,BCOR,1.5,1.5,1.5,3.0,2,1.5,1.5,1.5,3.0,2,1.5,1.5,1.5,3.0,2,1.5,1.5,1.5,3.0,2,0.0,0.0,0.0,0.0,2,0.0,0.0,0.0,0.0,2,1,1,0,1,1,0,MUT,MUT,MUT
TGGACCAAGTGAGTCG,BCOR,2.3333333333333335,2.0,2.0548046676563256,7.0,3,2.3333333333333335,2.0,2.0548046676563256,7.0,3,2.3333333333333335,0.0,3.2998316455372216,7.0,3,2.3333333333333335,0.0,3.2998316455372216,7.0,3,0.0,0.0,0.0,0.0,3,0.0,0.0,0.0,0.0,3,2,1,0,2,1,0,MUT,MUT,MUT
TGGCCAGCAAACTTGG,BCOR,1.0,1.0,0.0,1.0,1,1.0,1.0,0.0,1.0,1,0.0,0.0,0.0,0.0,1,0.0,0.0,0.0,0.0,1,0.0,0.0,0.0,0.0,1,0.0,0.0,0.0,0.0,1,1,0,0,1,0,0,WT,WT,WT
TGGCCAGCAAGAAATG,BCOR,3.0,3.0,0.0,3.0,1,3.0,3.0,0.0,3.0,1,0.0,0.0,0.0,0.0,1,0.0,0.0,0.0,0.0,1,0.0,0.0,0.0,0.0,1,0.0,0.0,0.0,0.0,1,1,0,0,1,0,0,WT,WT,WT
TGGGCGTAGGAAGCAA,BCOR,1.0,1.0,0.0,1.0,1,1.0,1.0,0.0,1.0,1,0.0,0.0,0.0,0.0,1,0.0,0.0,0.0,0.0,1,0.0,0.0,0.0,0.0,1,0.0,0.0,0.0,0.0,1,1,0,0,1,0,0,WT,WT,WT
TGGGTCCGTGCATCGC,BCOR,0.0,0.0,0.0,0.0,4,0.0,0.0,0.0,0.0,4,2.75,2.5,1.7853571071357126,11.0,4,2.75,2.5,1.7853571071357126,11.0,4,0.0,0.0,0.0,0.0,4,0.0,0.0,0.0,0.0,4,0,4,0,0,4,0,MUT,MUT,MUT
TGGGTCCGTGTTTCGG,BCOR,3.5,3.5,3.5,7.0,2,3.5,3.5,3.5,7.0,2,2.5,2.5,2.5,5.0,2,2.5,2.5,2.5,5.0,2,0.0,0.0,0.0,0.0,2,0.0,0.0,0.0,0.0,2,1,1,0,1,1,0,MUT,MUT,MUT
TGGTAAGGTCCACAAT,BCOR,0.0,0.0,0.0,0.0,1,0.0,0.0,0.0,0.0,1,1.0,1.0,0.0,1.0,1,1.0,1.0,0.0,1.0,1,0.0,0.0,0.0,0.0,1,0.0,0.0,0.0,0.0,1,0,1,0,0,1,0,MUT,MUT,MUT
TGGTGCGCATGTGGGT,BCOR,0.0,0.0,0.0,0.0,1,0.0,0.0,0.0,0.0,1,3.0,3.0,0.0,3.0,1,3.0,3.0,0.0,3.0,1,0.0,0.0,0.0,0.0,1,0.0,0.0,0.0,0.0,1,0,1,0,0,1,0,MUT,MUT,MUT
TGGTTAGCAGCCTGAG,BCOR,2.0,2.0,0.0,2.0,1,2.0,2.0,0.0,2.0,1,0.0,0.0,0.0,0.0,1,0.0,0.0,0.0,0.0,1,0.0,0.0,0.0,0.0,1,0.0,0.0,0.0,0.0,1,1,0,0,1,0,0,WT,WT,WT
TGTAACTTCACCAGCT,BCOR,2.0,2.0,0.0,2.0,1,2.0,2.0,0.0,2.0,1,0.0,0.0,0.0,0.0,1,0.0,0.0,0.0,0.0,1,0.0,0.0,0.0,0.0,1,0.0,0.0,0.0,0.0,1,1,0,0,1,0,0,WT,WT,WT
TGTACCTCAAGGCCAT,BCOR,3.3333333333333335,0.0,4.714045207910316,10.0,3,3.3333333333333335,0.0,4.714045207910316,10.0,3,1.0,1.0,0.816496580927726,3.0,3,1.0,1.0,0.816496580927726,3.0,3,0.0,0.0,0.0,0.0,3,0.0,0.0,0.0,0.0,3,1,2,0,1,2,0,MUT,MUT,MUT
TGTCGAGAGGAAGCAA,BCOR,2.0,2.0,0.0,2.0,1,2.0,2.0,0.0,2.0,1,0.0,0.0,0.0,0.0,1,0.0,0.0,0.0,0.0,1,0.0,0.0,0.0,0.0,1,0.0,0.0,0.0,0.0,1,1,0,0,1,0,0,WT,WT,WT
TGTCTTGAGACGCATG,BCOR,0.6153846153846154,0.0,1.002954216185023,8.0,13,0.6153846153846154,0.0,1.002954216185023,8.0,13,1.5384615384615385,1.0,1.78089798504465,20.0,13,1.5384615384615385,1.0,1.78089798504465,20.0,13,0.0,0.0,0.0,0.0,13,0.0,0.0,0.0,0.0,13,4,9,0,4,9,0,MUT,MUT,MUT
TGTCTTGAGCACGTTC,BCOR,1.6666666666666667,0.0,2.357022603955158,5.0,3,1.6666666666666667,0.0,2.357022603955158,5.0,3,1.0,1.0,0.816496580927726,3.0,3,1.0,1.0,0.816496580927726,3.0,3,0.0,0.0,0.0,0.0,3,0.0,0.0,0.0,0.0,3,1,2,0,1,2,0,MUT,MUT,MUT
TGTCTTGAGGTCACTC,BCOR,0.0,0.0,0.0,0.0,1,0.0,0.0,0.0,0.0,1,1.0,1.0,0.0,1.0,1,1.0,1.0,0.0,1.0,1,0.0,0.0,0.0,0.0,1,0.0,0.0,0.0,0.0,1,0,1,0,0,1,0,MUT,MUT,MUT
TGTGCTGGTTTGAGCT,BCOR,0.3333333333333333,0.0,0.4714045207910317,1.0,3,0.3333333333333333,0.0,0.4714045207910317,1.0,3,1.0,1.0,0.816496580927726,3.0,3,1.0,1.0,0.816496580927726,3.0,3,0.0,0.0,0.0,0.0,3,0.0,0.0,0.0,0.0,3,1,2,0,1,2,0,MUT,MUT,MUT
TGTTCACCATGCGGAT,BCOR,2.0,2.0,0.0,2.0,1,2.0,2.0,0.0,2.0,1,0.0,0.0,0.0,0.0,1,0.0,0.0,0.0,0.0,1,0.0,0.0,0.0,0.0,1,0.0,0.0,0.0,0.0,1,1,0,0,1,0,0,WT,WT,WT
TGTTCCTTCCTGGATC,BCOR,3.0,3.0,0.0,3.0,1,3.0,3.0,0.0,3.0,1,0.0,0.0,0.0,0.0,1,0.0,0.0,0.0,0.0,1,0.0,0.0,0.0,0.0,1,0.0,0.0,0.0,0.0,1,1,0,0,1,0,0,WT,WT,WT
TGTTGACGTGCTCCTT,BCOR,0.0,0.0,0.0,0.0,1,0.0,0.0,0.0,0.0,1,2.0,2.0,0.0,2.0,1,2.0,2.0,0.0,2.0,1,0.0,0.0,0.0,0.0,1,0.0,0.0,0.0,0.0,1,0,1,0,0,1,0,MUT,MUT,MUT
TGTTGGTGTAAAGCGC,BCOR,4.0,4.0,0.0,4.0,1,4.0,4.0,0.0,4.0,1,0.0,0.0,0.0,0.0,1,0.0,0.0,0.0,0.0,1,0.0,0.0,0.0,0.0,1,0.0,0.0,0.0,0.0,1,1,0,0,1,0,0,WT,WT,WT
TGTTGTCCAAGCTATG,BCOR,0.0,0.0,0.0,0.0,1,0.0,0.0,0.0,0.0,1,2.0,2.0,0.0,2.0,1,2.0,2.0,0.0,2.0,1,0.0,0.0,0.0,0.0,1,0.0,0.0,0.0,0.0,1,0,1,0,0,1,0,MUT,MUT,MUT
TTACTTGCAATCTCTA,BCOR,0.0,0.0,0.0,0.0,1,0.0,0.0,0.0,0.0,1,2.0,2.0,0.0,2.0,1,2.0,2.0,0.0,2.0,1,0.0,0.0,0.0,0.0,1,0.0,0.0,0.0,0.0,1,0,1,0,0,1,0,MUT,MUT,MUT
TTAGGTGCAACATAGT,BCOR,5.0,5.0,0.0,5.0,1,5.0,5.0,0.0,5.0,1,0.0,0.0,0.0,0.0,1,0.0,0.0,0.0,0.0,1,0.0,0.0,0.0,0.0,1,0.0,0.0,0.0,0.0,1,1,0,0,1,0,0,WT,WT,WT
TTAGTCGTCGAGGCGT,BCOR,1.0,1.0,0.0,1.0,1,1.0,1.0,0.0,1.0,1,0.0,0.0,0.0,0.0,1,0.0,0.0,0.0,0.0,1,0.0,0.0,0.0,0.0,1,0.0,0.0,0.0,0.0,1,1,0,0,1,0,0,WT,WT,WT
TTATAGCTCTCAGCAC,BCOR,1.0,1.0,0.0,1.0,1,1.0,1.0,0.0,1.0,1,0.0,0.0,0.0,0.0,1,0.0,0.0,0.0,0.0,1,0.0,0.0,0.0,0.0,1,0.0,0.0,0.0,0.0,1,1,0,0,1,0,0,WT,WT,WT
TTATGTCAGCAACTTT,BCOR,0.3333333333333333,0.0,0.4714045207910317,1.0,3,0.3333333333333333,0.0,0.4714045207910317,1.0,3,1.0,1.0,0.816496580927726,3.0,3,1.0,1.0,0.816496580927726,3.0,3,0.0,0.0,0.0,0.0,3,0.0,0.0,0.0,0.0,3,1,2,0,1,2,0,MUT,MUT,MUT
TTATTGGGTACTTACA,BCOR,0.0,0.0,0.0,0.0,1,0.0,0.0,0.0,0.0,1,2.0,2.0,0.0,2.0,1,2.0,2.0,0.0,2.0,1,0.0,0.0,0.0,0.0,1,0.0,0.0,0.0,0.0,1,0,1,0,0,1,0,MUT,MUT,MUT
TTCAACTAGGTTTCGC,BCOR,1.5,1.5,1.5,3.0,2,1.5,1.5,1.5,3.0,2,2.5,2.5,2.5,5.0,2,2.5,2.5,2.5,5.0,2,0.0,0.0,0.0,0.0,2,0.0,0.0,0.0,0.0,2,1,1,0,1,1,0,MUT,MUT,MUT
TTCAAGCGTACGCACC,BCOR,3.0,3.0,0.0,3.0,1,3.0,3.0,0.0,3.0,1,0.0,0.0,0.0,0.0,1,0.0,0.0,0.0,0.0,1,0.0,0.0,0.0,0.0,1,0.0,0.0,0.0,0.0,1,1,0,0,1,0,0,WT,WT,WT
TTCATGCCACGATTAG,BCOR,0.0,0.0,0.0,0.0,1,0.0,0.0,0.0,0.0,1,8.0,8.0,0.0,8.0,1,8.0,8.0,0.0,8.0,1,0.0,0.0,0.0,0.0,1,0.0,0.0,0.0,0.0,1,0,1,0,0,1,0,MUT,MUT,MUT
TTCCTCAGTGAACGAC,BCOR,0.0,0.0,0.0,0.0,2,0.0,0.0,0.0,0.0,2,2.5,2.5,1.5,5.0,2,2.5,2.5,1.5,5.0,2,0.0,0.0,0.0,0.0,2,0.0,0.0,0.0,0.0,2,0,2,0,0,2,0,MUT,MUT,MUT
TTCCTCCCAGGCTTAA,BCOR,0.0,0.0,0.0,0.0,2,0.0,0.0,0.0,0.0,2,2.5,2.5,1.5,5.0,2,2.5,2.5,1.5,5.0,2,0.0,0.0,0.0,0.0,2,0.0,0.0,0.0,0.0,2,0,2,0,0,2,0,MUT,MUT,MUT
TTCCTCTAGTCCTCAA,BCOR,0.0,0.0,0.0,0.0,1,0.0,0.0,0.0,0.0,1,7.0,7.0,0.0,7.0,1,7.0,7.0,0.0,7.0,1,0.0,0.0,0.0,0.0,1,0.0,0.0,0.0,0.0,1,0,1,0,0,1,0,MUT,MUT,MUT
TTCGATAGTAATCCTA,BCOR,1.0,1.0,0.0,1.0,1,1.0,1.0,0.0,1.0,1,0.0,0.0,0.0,0.0,1,0.0,0.0,0.0,0.0,1,0.0,0.0,0.0,0.0,1,0.0,0.0,0.0,0.0,1,1,0,0,1,0,0,WT,WT,WT
TTCGATGTCCATCCTT,BCOR,0.0,0.0,0.0,0.0,2,0.0,0.0,0.0,0.0,2,3.0,3.0,0.0,6.0,2,3.0,3.0,0.0,6.0,2,0.0,0.0,0.0,0.0,2,0.0,0.0,0.0,0.0,2,0,2,0,0,2,0,MUT,MUT,MUT
TTCGATTAGATGATTG,BCOR,1.5,1.5,1.5,3.0,2,1.5,1.5,1.5,3.0,2,1.0,1.0,1.0,2.0,2,1.0,1.0,1.0,2.0,2,0.0,0.0,0.0,0.0,2,0.0,0.0,0.0,0.0,2,1,1,0,1,1,0,MUT,MUT,MUT
TTCGCCTGTTTGTAGC,BCOR,4.0,4.0,0.0,4.0,1,4.0,4.0,0.0,4.0,1,0.0,0.0,0.0,0.0,1,0.0,0.0,0.0,0.0,1,0.0,0.0,0.0,0.0,1,0.0,0.0,0.0,0.0,1,1,0,0,1,0,0,WT,WT,WT
TTCGCGCCAACTTAGG,BCOR,0.0,0.0,0.0,0.0,1,0.0,0.0,0.0,0.0,1,5.0,5.0,0.0,5.0,1,5.0,5.0,0.0,5.0,1,0.0,0.0,0.0,0.0,1,0.0,0.0,0.0,0.0,1,0,1,0,0,1,0,MUT,MUT,MUT
TTCGCGCCATACTGAG,BCOR,0.0,0.0,0.0,0.0,1,0.0,0.0,0.0,0.0,1,2.0,2.0,0.0,2.0,1,2.0,2.0,0.0,2.0,1,0.0,0.0,0.0,0.0,1,0.0,0.0,0.0,0.0,1,0,1,0,0,1,0,MUT,MUT,MUT
TTCGGTCAGCGAGGGA,BCOR,1.0,1.0,0.0,1.0,1,1.0,1.0,0.0,1.0,1,0.0,0.0,0.0,0.0,1,0.0,0.0,0.0,0.0,1,0.0,0.0,0.0,0.0,1,0.0,0.0,0.0,0.0,1,1,0,0,1,0,0,WT,WT,WT
TTCTGTGAGCCTTAAT,BCOR,2.0,2.0,0.0,2.0,1,2.0,2.0,0.0,2.0,1,0.0,0.0,0.0,0.0,1,0.0,0.0,0.0,0.0,1,0.0,0.0,0.0,0.0,1,0.0,0.0,0.0,0.0,1,1,0,0,1,0,0,WT,WT,WT
TTGCGCAGTACACCCA,BCOR,0.25,0.0,0.4330127018922193,1.0,4,0.25,0.0,0.4330127018922193,1.0,4,3.25,3.0,2.8613807855648994,13.0,4,3.25,3.0,2.8613807855648994,13.0,4,0.0,0.0,0.0,0.0,4,0.0,0.0,0.0,0.0,4,1,3,0,1,3,0,MUT,MUT,MUT
TTGCGCAGTCAAACTC,BCOR,0.0,0.0,0.0,0.0,1,0.0,0.0,0.0,0.0,1,7.0,7.0,0.0,7.0,1,7.0,7.0,0.0,7.0,1,0.0,0.0,0.0,0.0,1,0.0,0.0,0.0,0.0,1,0,1,0,0,1,0,MUT,MUT,MUT
TTGGCCAGTACCGTTG,BCOR,1.5,1.5,1.5,3.0,2,1.5,1.5,1.5,3.0,2,0.5,0.5,0.5,1.0,2,0.5,0.5,0.5,1.0,2,0.0,0.0,0.0,0.0,2,0.0,0.0,0.0,0.0,2,1,1,0,1,1,0,MUT,MUT,MUT
TTGGCCAGTTGAGTCT,BCOR,0.0,0.0,0.0,0.0,1,0.0,0.0,0.0,0.0,1,1.0,1.0,0.0,1.0,1,1.0,1.0,0.0,1.0,1,0.0,0.0,0.0,0.0,1,0.0,0.0,0.0,0.0,1,0,1,0,0,1,0,MUT,MUT,MUT
TTGGTCATCCTCACGG,BCOR,0.0,0.0,0.0,0.0,1,0.0,0.0,0.0,0.0,1,4.0,4.0,0.0,4.0,1,4.0,4.0,0.0,4.0,1,0.0,0.0,0.0,0.0,1,0.0,0.0,0.0,0.0,1,0,1,0,0,1,0,MUT,MUT,MUT
TTGTCAGTCGATTCTG,BCOR,0.0,0.0,0.0,0.0,1,0.0,0.0,0.0,0.0,1,1.0,1.0,0.0,1.0,1,1.0,1.0,0.0,1.0,1,0.0,0.0,0.0,0.0,1,0.0,0.0,0.0,0.0,1,0,1,0,0,1,0,MUT,MUT,MUT
TTTAACGGTAATGGTG,BCOR,0.0,0.0,0.0,0.0,1,0.0,0.0,0.0,0.0,1,1.0,1.0,0.0,1.0,1,1.0,1.0,0.0,1.0,1,0.0,0.0,0.0,0.0,1,0.0,0.0,0.0,0.0,1,0,1,0,0,1,0,MUT,MUT,MUT
TTTCAAGGTGCATCGC,BCOR,1.0,1.0,0.0,1.0,1,1.0,1.0,0.0,1.0,1,0.0,0.0,0.0,0.0,1,0.0,0.0,0.0,0.0,1,0.0,0.0,0.0,0.0,1,0.0,0.0,0.0,0.0,1,1,0,0,1,0,0,WT,WT,WT
TTTGCGCAGAACCTCC,BCOR,0.0,0.0,0.0,0.0,3,0.0,0.0,0.0,0.0,3,1.3333333333333333,1.0,0.4714045207910317,4.0,3,1.3333333333333333,1.0,0.4714045207910317,4.0,3,0.0,0.0,0.0,0.0,3,0.0,0.0,0.0,0.0,3,0,3,0,0,3,0,MUT,MUT,MUT
TTTGCTGAGATAGCTA,BCOR,1.0,1.0,0.0,1.0,1,1.0,1.0,0.0,1.0,1,0.0,0.0,0.0,0.0,1,0.0,0.0,0.0,0.0,1,0.0,0.0,0.0,0.0,1,0.0,0.0,0.0,0.0,1,1,0,0,1,0,0,WT,WT,WT
TTTGCTGAGGTAACTA,BCOR,0.0,0.0,0.0,0.0,2,0.0,0.0,0.0,0.0,2,3.0,3.0,2.0,6.0,2,3.0,3.0,2.0,6.0,2,0.0,0.0,0.0,0.0,2,0.0,0.0,0.0,0.0,2,0,2,0,0,2,0,MUT,MUT,MUT
AAAGTGCTCTAATGAG,CDKN1B,9.0,9.0,0.0,9.0,1,9.0,9.0,0.0,9.0,1,0.0,0.0,0.0,0.0,1,0.0,0.0,0.0,0.0,1,0.0,0.0,0.0,0.0,1,0.0,0.0,0.0,0.0,1,1,0,0,1,0,0,WT,WT,WT
AACGTTAAGGTGAGAA,CDKN1B,6.0,6.0,0.0,6.0,1,6.0,6.0,0.0,6.0,1,0.0,0.0,0.0,0.0,1,0.0,0.0,0.0,0.0,1,0.0,0.0,0.0,0.0,1,0.0,0.0,0.0,0.0,1,1,0,0,1,0,0,WT,WT,WT
AACTCGCTCCCACATA,CDKN1B,2.0,2.0,0.0,2.0,1,2.0,2.0,0.0,2.0,1,0.0,0.0,0.0,0.0,1,0.0,0.0,0.0,0.0,1,0.0,0.0,0.0,0.0,1,0.0,0.0,0.0,0.0,1,1,0,0,1,0,0,WT,WT,WT
AAGTGAACAAGCTAAT,CDKN1B,2.0,2.0,0.0,2.0,1,2.0,2.0,0.0,2.0,1,0.0,0.0,0.0,0.0,1,0.0,0.0,0.0,0.0,1,0.0,0.0,0.0,0.0,1,0.0,0.0,0.0,0.0,1,1,0,0,1,0,0,WT,WT,WT
ACAGCACCACGCAATA,CDKN1B,5.0,5.0,0.0,10.0,2,5.0,5.0,0.0,10.0,2,0.0,0.0,0.0,0.0,2,0.0,0.0,0.0,0.0,2,0.0,0.0,0.0,0.0,2,0.0,0.0,0.0,0.0,2,2,0,0,2,0,0,WT,WT,WT
ACTCACTCATGAGGGA,CDKN1B,0.0,0.0,0.0,0.0,1,0.0,0.0,0.0,0.0,1,7.0,7.0,0.0,7.0,1,7.0,7.0,0.0,7.0,1,0.0,0.0,0.0,0.0,1,0.0,0.0,0.0,0.0,1,0,1,0,0,1,0,MUT,MUT,MUT
ACTCGCCCATGAAGCC,CDKN1B,0.0,0.0,0.0,0.0,1,0.0,0.0,0.0,0.0,1,1.0,1.0,0.0,1.0,1,1.0,1.0,0.0,1.0,1,0.0,0.0,0.0,0.0,1,0.0,0.0,0.0,0.0,1,0,1,0,0,1,0,MUT,MUT,MUT
AGAAATGCACTAGTCT,CDKN1B,0.0,0.0,0.0,0.0,1,0.0,0.0,0.0,0.0,1,14.0,14.0,0.0,14.0,1,14.0,14.0,0.0,14.0,1,0.0,0.0,0.0,0.0,1,0.0,0.0,0.0,0.0,1,0,1,0,0,1,0,MUT,MUT,MUT
AGACAAACAGAAAGGT,CDKN1B,7.0,7.0,0.0,7.0,1,7.0,7.0,0.0,7.0,1,0.0,0.0,0.0,0.0,1,0.0,0.0,0.0,0.0,1,0.0,0.0,0.0,0.0,1,0.0,0.0,0.0,0.0,1,1,0,0,1,0,0,WT,WT,WT
AGCGGCTAGATAGCTA,CDKN1B,0.0,0.0,0.0,0.0,1,0.0,0.0,0.0,0.0,1,8.0,8.0,0.0,8.0,1,8.0,8.0,0.0,8.0,1,0.0,0.0,0.0,0.0,1,0.0,0.0,0.0,0.0,1,0,1,0,0,1,0,MUT,MUT,MUT
AGGCTATAGTTTCCAG,CDKN1B,4.0,4.0,0.0,4.0,1,4.0,4.0,0.0,4.0,1,0.0,0.0,0.0,0.0,1,0.0,0.0,0.0,0.0,1,0.0,0.0,0.0,0.0,1,0.0,0.0,0.0,0.0,1,1,0,0,1,0,0,WT,WT,WT
AGTCACACAAGGCGTT,CDKN1B,12.0,12.0,0.0,12.0,1,12.0,12.0,0.0,12.0,1,0.0,0.0,0.0,0.0,1,0.0,0.0,0.0,0.0,1,0.0,0.0,0.0,0.0,1,0.0,0.0,0.0,0.0,1,1,0,0,1,0,0,WT,WT,WT
AGTCGTTGTAGCGGAT,CDKN1B,0.0,0.0,0.0,0.0,1,0.0,0.0,0.0,0.0,1,1.0,1.0,0.0,1.0,1,1.0,1.0,0.0,1.0,1,0.0,0.0,0.0,0.0,1,0.0,0.0,0.0,0.0,1,0,1,0,0,1,0,MUT,MUT,MUT
ATAAAGGCATGGCCGA,CDKN1B,8.0,8.0,0.0,8.0,1,8.0,8.0,0.0,8.0,1,0.0,0.0,0.0,0.0,1,0.0,0.0,0.0,0.0,1,0.0,0.0,0.0,0.0,1,0.0,0.0,0.0,0.0,1,1,0,0,1,0,0,WT,WT,WT
ATCATCAGTTTGTTTC,CDKN1B,0.0,0.0,0.0,0.0,1,0.0,0.0,0.0,0.0,1,1.0,1.0,0.0,1.0,1,1.0,1.0,0.0,1.0,1,0.0,0.0,0.0,0.0,1,0.0,0.0,0.0,0.0,1,0,1,0,0,1,0,MUT,MUT,MUT
ATGAAAGCACTTTGTA,CDKN1B,9.0,9.0,0.0,9.0,1,9.0,9.0,0.0,9.0,1,0.0,0.0,0.0,0.0,1,0.0,0.0,0.0,0.0,1,0.0,0.0,0.0,0.0,1,0.0,0.0,0.0,0.0,1,1,0,0,1,0,0,WT,WT,WT
ATGCGTCTCTAACTAC,CDKN1B,0.0,0.0,0.0,0.0,1,0.0,0.0,0.0,0.0,1,3.0,3.0,0.0,3.0,1,3.0,3.0,0.0,3.0,1,0.0,0.0,0.0,0.0,1,0.0,0.0,0.0,0.0,1,0,1,0,0,1,0,MUT,MUT,MUT
ATTACGTTCACAAAGC,CDKN1B,0.0,0.0,0.0,0.0,1,0.0,0.0,0.0,0.0,1,1.0,1.0,0.0,1.0,1,1.0,1.0,0.0,1.0,1,0.0,0.0,0.0,0.0,1,0.0,0.0,0.0,0.0,1,0,1,0,0,1,0,MUT,MUT,MUT
ATTGGCGAGCCAAACG,CDKN1B,5.0,5.0,0.0,5.0,1,5.0,5.0,0.0,5.0,1,0.0,0.0,0.0,0.0,1,0.0,0.0,0.0,0.0,1,0.0,0.0,0.0,0.0,1,0.0,0.0,0.0,0.0,1,1,0,0,1,0,0,WT,WT,WT
ATTTGTCAGCGCTCCA,CDKN1B,1.0,1.0,0.0,1.0,1,1.0,1.0,0.0,1.0,1,0.0,0.0,0.0,0.0,1,0.0,0.0,0.0,0.0,1,0.0,0.0,0.0,0.0,1,0.0,0.0,0.0,0.0,1,1,0,0,1,0,0,WT,WT,WT
ATTTGTCAGGGATGAA,CDKN1B,3.0,3.0,0.0,3.0,1,3.0,3.0,0.0,3.0,1,0.0,0.0,0.0,0.0,1,0.0,0.0,0.0,0.0,1,0.0,0.0,0.0,0.0,1,0.0,0.0,0.0,0.0,1,1,0,0,1,0,0,WT,WT,WT
CAACCGGCAATAGCTG,CDKN1B,16.0,16.0,0.0,16.0,1,16.0,16.0,0.0,16.0,1,0.0,0.0,0.0,0.0,1,0.0,0.0,0.0,0.0,1,0.0,0.0,0.0,0.0,1,0.0,0.0,0.0,0.0,1,1,0,0,1,0,0,WT,WT,WT
CAACTAAAGGTCTTGC,CDKN1B,3.0,3.0,0.0,3.0,1,3.0,3.0,0.0,3.0,1,0.0,0.0,0.0,0.0,1,0.0,0.0,0.0,0.0,1,0.0,0.0,0.0,0.0,1,0.0,0.0,0.0,0.0,1,1,0,0,1,0,0,WT,WT,WT
CACAGATAGGTTGTGG,CDKN1B,0.0,0.0,0.0,0.0,1,0.0,0.0,0.0,0.0,1,1.0,1.0,0.0,1.0,1,1.0,1.0,0.0,1.0,1,0.0,0.0,0.0,0.0,1,0.0,0.0,0.0,0.0,1,0,1,0,0,1,0,MUT,MUT,MUT
CACCTGGTCAGGTAAC,CDKN1B,0.0,0.0,0.0,0.0,1,0.0,0.0,0.0,0.0,1,4.0,4.0,0.0,4.0,1,4.0,4.0,0.0,4.0,1,0.0,0.0,0.0,0.0,1,0.0,0.0,0.0,0.0,1,0,1,0,0,1,0,MUT,MUT,MUT
CACTAACGTAATCCTA,CDKN1B,1.0,1.0,0.0,1.0,1,1.0,1.0,0.0,1.0,1,0.0,0.0,0.0,0.0,1,0.0,0.0,0.0,0.0,1,0.0,0.0,0.0,0.0,1,0.0,0.0,0.0,0.0,1,1,0,0,1,0,0,WT,WT,WT
CACTTGATCATGAATG,CDKN1B,0.0,0.0,0.0,0.0,1,0.0,0.0,0.0,0.0,1,6.0,6.0,0.0,6.0,1,6.0,6.0,0.0,6.0,1,0.0,0.0,0.0,0.0,1,0.0,0.0,0.0,0.0,1,0,1,0,0,1,0,MUT,MUT,MUT
CAGGTAAGTTAAGCTC,CDKN1B,0.0,0.0,0.0,0.0,1,0.0,0.0,0.0,0.0,1,7.0,7.0,0.0,7.0,1,7.0,7.0,0.0,7.0,1,0.0,0.0,0.0,0.0,1,0.0,0.0,0.0,0.0,1,0,1,0,0,1,0,MUT,MUT,MUT
CATGAAGGTGACATGA,CDKN1B,2.0,2.0,0.0,2.0,1,2.0,2.0,0.0,2.0,1,0.0,0.0,0.0,0.0,1,0.0,0.0,0.0,0.0,1,0.0,0.0,0.0,0.0,1,0.0,0.0,0.0,0.0,1,1,0,0,1,0,0,WT,WT,WT
CATGGTTGTATATTCG,CDKN1B,0.0,0.0,0.0,0.0,1,0.0,0.0,0.0,0.0,1,1.0,1.0,0.0,1.0,1,1.0,1.0,0.0,1.0,1,0.0,0.0,0.0,0.0,1,0.0,0.0,0.0,0.0,1,0,1,0,0,1,0,MUT,MUT,MUT
CATTTAGGTCGGTTTG,CDKN1B,0.0,0.0,0.0,0.0,1,0.0,0.0,0.0,0.0,1,4.0,4.0,0.0,4.0,1,4.0,4.0,0.0,4.0,1,0.0,0.0,0.0,0.0,1,0.0,0.0,0.0,0.0,1,0,1,0,0,1,0,MUT,MUT,MUT
CCACTAATCGAAGGCC,CDKN1B,2.0,2.0,0.0,2.0,1,2.0,2.0,0.0,2.0,1,0.0,0.0,0.0,0.0,1,0.0,0.0,0.0,0.0,1,0.0,0.0,0.0,0.0,1,0.0,0.0,0.0,0.0,1,1,0,0,1,0,0,WT,WT,WT
CCCTAAGGTTTCCTCA,CDKN1B,1.0,1.0,0.0,1.0,1,1.0,1.0,0.0,1.0,1,0.0,0.0,0.0,0.0,1,0.0,0.0,0.0,0.0,1,0.0,0.0,0.0,0.0,1,0.0,0.0,0.0,0.0,1,1,0,0,1,0,0,WT,WT,WT
CCGAAAGTCCGGACAA,CDKN1B,10.0,10.0,0.0,10.0,1,10.0,10.0,0.0,10.0,1,0.0,0.0,0.0,0.0,1,0.0,0.0,0.0,0.0,1,0.0,0.0,0.0,0.0,1,0.0,0.0,0.0,0.0,1,1,0,0,1,0,0,WT,WT,WT
CCTAACGGTTAAGCTC,CDKN1B,1.0,1.0,0.0,1.0,1,1.0,1.0,0.0,1.0,1,0.0,0.0,0.0,0.0,1,0.0,0.0,0.0,0.0,1,0.0,0.0,0.0,0.0,1,0.0,0.0,0.0,0.0,1,1,0,0,1,0,0,WT,WT,WT
CCTATTGAGGATCCCT,CDKN1B,1.0,1.0,0.0,1.0,1,1.0,1.0,0.0,1.0,1,0.0,0.0,0.0,0.0,1,0.0,0.0,0.0,0.0,1,0.0,0.0,0.0,0.0,1,0.0,0.0,0.0,0.0,1,1,0,0,1,0,0,WT,WT,WT
CGACTCCCAGCACGTG,CDKN1B,3.0,3.0,0.0,3.0,1,3.0,3.0,0.0,3.0,1,0.0,0.0,0.0,0.0,1,0.0,0.0,0.0,0.0,1,0.0,0.0,0.0,0.0,1,0.0,0.0,0.0,0.0,1,1,0,0,1,0,0,WT,WT,WT
CGCAATTGTCCACAAT,CDKN1B,0.0,0.0,0.0,0.0,1,0.0,0.0,0.0,0.0,1,2.0,2.0,0.0,2.0,1,2.0,2.0,0.0,2.0,1,0.0,0.0,0.0,0.0,1,0.0,0.0,0.0,0.0,1,0,1,0,0,1,0,MUT,MUT,MUT
CGCAGGTAGTTGACCC,CDKN1B,4.0,4.0,0.0,4.0,1,4.0,4.0,0.0,4.0,1,0.0,0.0,0.0,0.0,1,0.0,0.0,0.0,0.0,1,0.0,0.0,0.0,0.0,1,0.0,0.0,0.0,0.0,1,1,0,0,1,0,0,WT,WT,WT
CGGGTTGCAGTGAGGA,CDKN1B,2.0,2.0,0.0,2.0,1,2.0,2.0,0.0,2.0,1,0.0,0.0,0.0,0.0,1,0.0,0.0,0.0,0.0,1,0.0,0.0,0.0,0.0,1,0.0,0.0,0.0,0.0,1,1,0,0,1,0,0,WT,WT,WT
CTAACCGGTGGGTGTG,CDKN1B,0.0,0.0,0.0,0.0,1,0.0,0.0,0.0,0.0,1,6.0,6.0,0.0,6.0,1,6.0,6.0,0.0,6.0,1,0.0,0.0,0.0,0.0,1,0.0,0.0,0.0,0.0,1,0,1,0,0,1,0,MUT,MUT,MUT
CTAAGTGCACATACCT,CDKN1B,4.0,4.0,0.0,4.0,1,4.0,4.0,0.0,4.0,1,0.0,0.0,0.0,0.0,1,0.0,0.0,0.0,0.0,1,0.0,0.0,0.0,0.0,1,0.0,0.0,0.0,0.0,1,1,0,0,1,0,0,WT,WT,WT
CTACATCCATGCGCCT,CDKN1B,0.0,0.0,0.0,0.0,2,0.0,0.0,0.0,0.0,2,2.0,2.0,0.0,4.0,2,2.0,2.0,0.0,4.0,2,0.0,0.0,0.0,0.0,2,0.0,0.0,0.0,0.0,2,0,2,0,0,2,0,MUT,MUT,MUT
CTCAACATCAGGTAGT,CDKN1B,6.5,6.5,4.5,13.0,2,6.5,6.5,4.5,13.0,2,0.0,0.0,0.0,0.0,2,0.0,0.0,0.0,0.0,2,0.0,0.0,0.0,0.0,2,0.0,0.0,0.0,0.0,2,2,0,0,2,0,0,WT,WT,WT
CTTGACTCATTGCCGC,CDKN1B,0.0,0.0,0.0,0.0,1,0.0,0.0,0.0,0.0,1,3.0,3.0,0.0,3.0,1,3.0,3.0,0.0,3.0,1,0.0,0.0,0.0,0.0,1,0.0,0.0,0.0,0.0,1,0,1,0,0,1,0,MUT,MUT,MUT
CTTTGGATCTCAGCAC,CDKN1B,0.0,0.0,0.0,0.0,2,0.0,0.0,0.0,0.0,2,2.5,2.5,0.5,5.0,2,2.5,2.5,0.5,5.0,2,0.0,0.0,0.0,0.0,2,0.0,0.0,0.0,0.0,2,0,2,0,0,2,0,MUT,MUT,MUT
CTTTGGTCATCATGTC,CDKN1B,0.0,0.0,0.0,0.0,1,0.0,0.0,0.0,0.0,1,4.0,4.0,0.0,4.0,1,4.0,4.0,0.0,4.0,1,0.0,0.0,0.0,0.0,1,0.0,0.0,0.0,0.0,1,0,1,0,0,1,0,MUT,MUT,MUT
GACCAGGGTTGTTTAG,CDKN1B,0.0,0.0,0.0,0.0,2,0.0,0.0,0.0,0.0,2,6.5,6.5,1.5,13.0,2,6.5,6.5,1.5,13.0,2,0.0,0.0,0.0,0.0,2,0.0,0.0,0.0,0.0,2,0,2,0,0,2,0,MUT,MUT,MUT
GACCCAAAGCTTCCTT,CDKN1B,0.0,0.0,0.0,0.0,1,0.0,0.0,0.0,0.0,1,1.0,1.0,0.0,1.0,1,1.0,1.0,0.0,1.0,1,0.0,0.0,0.0,0.0,1,0.0,0.0,0.0,0.0,1,0,1,0,0,1,0,MUT,MUT,MUT
GACCTTCAGGAACCAT,CDKN1B,7.0,7.0,0.0,7.0,1,7.0,7.0,0.0,7.0,1,0.0,0.0,0.0,0.0,1,0.0,0.0,0.0,0.0,1,0.0,0.0,0.0,0.0,1,0.0,0.0,0.0,0.0,1,1,0,0,1,0,0,WT,WT,WT
GACGTAAGTCCCTCAT,CDKN1B,0.0,0.0,0.0,0.0,1,0.0,0.0,0.0,0.0,1,4.0,4.0,0.0,4.0,1,4.0,4.0,0.0,4.0,1,0.0,0.0,0.0,0.0,1,0.0,0.0,0.0,0.0,1,0,1,0,0,1,0,MUT,MUT,MUT
GATCGATAGAAACTCA,CDKN1B,10.0,10.0,0.0,10.0,1,10.0,10.0,0.0,10.0,1,0.0,0.0,0.0,0.0,1,0.0,0.0,0.0,0.0,1,0.0,0.0,0.0,0.0,1,0.0,0.0,0.0,0.0,1,1,0,0,1,0,0,WT,WT,WT
GATTGTGCAATTGAGT,CDKN1B,0.0,0.0,0.0,0.0,1,0.0,0.0,0.0,0.0,1,1.0,1.0,0.0,1.0,1,1.0,1.0,0.0,1.0,1,0.0,0.0,0.0,0.0,1,0.0,0.0,0.0,0.0,1,0,1,0,0,1,0,MUT,MUT,MUT
GCACTAACACCAACAA,CDKN1B,8.0,8.0,0.0,8.0,1,8.0,8.0,0.0,8.0,1,0.0,0.0,0.0,0.0,1,0.0,0.0,0.0,0.0,1,0.0,0.0,0.0,0.0,1,0.0,0.0,0.0,0.0,1,1,0,0,1,0,0,WT,WT,WT
GCACTAACAGGCTAAC,CDKN1B,0.0,0.0,0.0,0.0,1,0.0,0.0,0.0,0.0,1,9.0,9.0,0.0,9.0,1,9.0,9.0,0.0,9.0,1,0.0,0.0,0.0,0.0,1,0.0,0.0,0.0,0.0,1,0,1,0,0,1,0,MUT,MUT,MUT
GCATTTAGTGGGTGTG,CDKN1B,5.0,5.0,0.0,5.0,1,5.0,5.0,0.0,5.0,1,0.0,0.0,0.0,0.0,1,0.0,0.0,0.0,0.0,1,0.0,0.0,0.0,0.0,1,0.0,0.0,0.0,0.0,1,1,0,0,1,0,0,WT,WT,WT
GCGCAATCAATCCACT,CDKN1B,4.0,4.0,0.0,4.0,1,4.0,4.0,0.0,4.0,1,0.0,0.0,0.0,0.0,1,0.0,0.0,0.0,0.0,1,0.0,0.0,0.0,0.0,1,0.0,0.0,0.0,0.0,1,1,0,0,1,0,0,WT,WT,WT
GCTACAACAAATCACG,CDKN1B,0.0,0.0,0.0,0.0,1,0.0,0.0,0.0,0.0,1,8.0,8.0,0.0,8.0,1,8.0,8.0,0.0,8.0,1,0.0,0.0,0.0,0.0,1,0.0,0.0,0.0,0.0,1,0,1,0,0,1,0,MUT,MUT,MUT
GCTTGAACAGGCTGTG,CDKN1B,0.0,0.0,0.0,0.0,1,0.0,0.0,0.0,0.0,1,2.0,2.0,0.0,2.0,1,2.0,2.0,0.0,2.0,1,0.0,0.0,0.0,0.0,1,0.0,0.0,0.0,0.0,1,0,1,0,0,1,0,MUT,MUT,MUT
GGAGTCGGTCCTTCGT,CDKN1B,9.0,9.0,0.0,9.0,1,9.0,9.0,0.0,9.0,1,0.0,0.0,0.0,0.0,1,0.0,0.0,0.0,0.0,1,0.0,0.0,0.0,0.0,1,0.0,0.0,0.0,0.0,1,1,0,0,1,0,0,WT,WT,WT
GGATTATCATAGCCGG,CDKN1B,3.0,3.0,0.0,3.0,1,3.0,3.0,0.0,3.0,1,0.0,0.0,0.0,0.0,1,0.0,0.0,0.0,0.0,1,0.0,0.0,0.0,0.0,1,0.0,0.0,0.0,0.0,1,1,0,0,1,0,0,WT,WT,WT
GGCGCAAGTAACGTTC,CDKN1B,10.0,10.0,0.0,10.0,1,10.0,10.0,0.0,10.0,1,0.0,0.0,0.0,0.0,1,0.0,0.0,0.0,0.0,1,0.0,0.0,0.0,0.0,1,0.0,0.0,0.0,0.0,1,1,0,0,1,0,0,WT,WT,WT
GGCTATTGTTGAGCTT,CDKN1B,6.0,6.0,0.0,6.0,1,6.0,6.0,0.0,6.0,1,0.0,0.0,0.0,0.0,1,0.0,0.0,0.0,0.0,1,0.0,0.0,0.0,0.0,1,0.0,0.0,0.0,0.0,1,1,0,0,1,0,0,WT,WT,WT
GGGCTTAAGATGCAAC,CDKN1B,0.0,0.0,0.0,0.0,1,0.0,0.0,0.0,0.0,1,1.0,1.0,0.0,1.0,1,1.0,1.0,0.0,1.0,1,0.0,0.0,0.0,0.0,1,0.0,0.0,0.0,0.0,1,0,1,0,0,1,0,MUT,MUT,MUT
GGGTTAGTCCTGAGGA,CDKN1B,0.0,0.0,0.0,0.0,4,0.0,0.0,0.0,0.0,4,3.0,3.0,1.5811388300841898,12.0,4,3.0,3.0,1.5811388300841898,12.0,4,0.0,0.0,0.0,0.0,4,0.0,0.0,0.0,0.0,4,0,4,0,0,4,0,MUT,MUT,MUT
GGTTAATCATTGTGTC,CDKN1B,1.0,1.0,0.0,1.0,1,1.0,1.0,0.0,1.0,1,0.0,0.0,0.0,0.0,1,0.0,0.0,0.0,0.0,1,0.0,0.0,0.0,0.0,1,0.0,0.0,0.0,0.0,1,1,0,0,1,0,0,WT,WT,WT
GTGGACATCGATTCTG,CDKN1B,0.0,0.0,0.0,0.0,1,0.0,0.0,0.0,0.0,1,16.0,16.0,0.0,16.0,1,16.0,16.0,0.0,16.0,1,0.0,0.0,0.0,0.0,1,0.0,0.0,0.0,0.0,1,0,1,0,0,1,0,MUT,MUT,MUT
TAACTTGGTAGCGGAT,CDKN1B,3.0,3.0,0.0,3.0,1,3.0,3.0,0.0,3.0,1,0.0,0.0,0.0,0.0,1,0.0,0.0,0.0,0.0,1,0.0,0.0,0.0,0.0,1,0.0,0.0,0.0,0.0,1,1,0,0,1,0,0,WT,WT,WT
TACCGGGCAATGTGGC,CDKN1B,0.0,0.0,0.0,0.0,1,0.0,0.0,0.0,0.0,1,9.0,9.0,0.0,9.0,1,9.0,9.0,0.0,9.0,1,0.0,0.0,0.0,0.0,1,0.0,0.0,0.0,0.0,1,0,1,0,0,1,0,MUT,MUT,MUT
TACGGGTCAACTTAGG,CDKN1B,0.0,0.0,0.0,0.0,1,0.0,0.0,0.0,0.0,1,3.0,3.0,0.0,3.0,1,3.0,3.0,0.0,3.0,1,0.0,0.0,0.0,0.0,1,0.0,0.0,0.0,0.0,1,0,1,0,0,1,0,MUT,MUT,MUT
TACGTTAGTCCTGACA,CDKN1B,0.0,0.0,0.0,0.0,1,0.0,0.0,0.0,0.0,1,1.0,1.0,0.0,1.0,1,1.0,1.0,0.0,1.0,1,0.0,0.0,0.0,0.0,1,0.0,0.0,0.0,0.0,1,0,1,0,0,1,0,MUT,MUT,MUT
TAGCTTCCATTTATCG,CDKN1B,1.0,1.0,0.0,1.0,1,1.0,1.0,0.0,1.0,1,0.0,0.0,0.0,0.0,1,0.0,0.0,0.0,0.0,1,0.0,0.0,0.0,0.0,1,0.0,0.0,0.0,0.0,1,1,0,0,1,0,0,WT,WT,WT
TATATCCAGCATCCCG,CDKN1B,2.0,2.0,0.0,2.0,1,2.0,2.0,0.0,2.0,1,0.0,0.0,0.0,0.0,1,0.0,0.0,0.0,0.0,1,0.0,0.0,0.0,0.0,1,0.0,0.0,0.0,0.0,1,1,0,0,1,0,0,WT,WT,WT
TATCCTGAGACTAATG,CDKN1B,1.0,1.0,0.0,1.0,1,1.0,1.0,0.0,1.0,1,0.0,0.0,0.0,0.0,1,0.0,0.0,0.0,0.0,1,0.0,0.0,0.0,0.0,1,0.0,0.0,0.0,0.0,1,1,0,0,1,0,0,WT,WT,WT
TCACTCGCACTAACGA,CDKN1B,0.0,0.0,0.0,0.0,1,0.0,0.0,0.0,0.0,1,8.0,8.0,0.0,8.0,1,8.0,8.0,0.0,8.0,1,0.0,0.0,0.0,0.0,1,0.0,0.0,0.0,0.0,1,0,1,0,0,1,0,MUT,MUT,MUT
TCAGGCAAGAAAGGCA,CDKN1B,0.0,0.0,0.0,0.0,1,0.0,0.0,0.0,0.0,1,3.0,3.0,0.0,3.0,1,3.0,3.0,0.0,3.0,1,0.0,0.0,0.0,0.0,1,0.0,0.0,0.0,0.0,1,0,1,0,0,1,0,MUT,MUT,MUT
TCCAGGAAGCGCTACT,CDKN1B,10.0,10.0,0.0,10.0,1,10.0,10.0,0.0,10.0,1,0.0,0.0,0.0,0.0,1,0.0,0.0,0.0,0.0,1,0.0,0.0,0.0,0.0,1,0.0,0.0,0.0,0.0,1,1,0,0,1,0,0,WT,WT,WT
TCCCGTTGTATGGTAG,CDKN1B,0.0,0.0,0.0,0.0,1,0.0,0.0,0.0,0.0,1,7.0,7.0,0.0,7.0,1,7.0,7.0,0.0,7.0,1,0.0,0.0,0.0,0.0,1,0.0,0.0,0.0,0.0,1,0,1,0,0,1,0,MUT,MUT,MUT
TCGCTCGAGATATTGG,CDKN1B,1.0,1.0,0.0,1.0,1,1.0,1.0,0.0,1.0,1,0.0,0.0,0.0,0.0,1,0.0,0.0,0.0,0.0,1,0.0,0.0,0.0,0.0,1,0.0,0.0,0.0,0.0,1,1,0,0,1,0,0,WT,WT,WT
TCGCTCGAGCTCAACC,CDKN1B,0.0,0.0,0.0,0.0,1,0.0,0.0,0.0,0.0,1,6.0,6.0,0.0,6.0,1,6.0,6.0,0.0,6.0,1,0.0,0.0,0.0,0.0,1,0.0,0.0,0.0,0.0,1,0,1,0,0,1,0,MUT,MUT,MUT
TCTGTGATCATAATGG,CDKN1B,1.0,1.0,0.0,1.0,1,1.0,1.0,0.0,1.0,1,0.0,0.0,0.0,0.0,1,0.0,0.0,0.0,0.0,1,0.0,0.0,0.0,0.0,1,0.0,0.0,0.0,0.0,1,1,0,0,1,0,0,WT,WT,WT
TGAACAGGTTTCAGGT,CDKN1B,0.0,0.0,0.0,0.0,1,0.0,0.0,0.0,0.0,1,3.0,3.0,0.0,3.0,1,3.0,3.0,0.0,3.0,1,0.0,0.0,0.0,0.0,1,0.0,0.0,0.0,0.0,1,0,1,0,0,1,0,MUT,MUT,MUT
TGACTACGTGACCTGC,CDKN1B,0.0,0.0,0.0,0.0,1,0.0,0.0,0.0,0.0,1,6.0,6.0,0.0,6.0,1,6.0,6.0,0.0,6.0,1,0.0,0.0,0.0,0.0,1,0.0,0.0,0.0,0.0,1,0,1,0,0,1,0,MUT,MUT,MUT
TGACTACGTTGTCAGT,CDKN1B,0.0,0.0,0.0,0.0,1,0.0,0.0,0.0,0.0,1,2.0,2.0,0.0,2.0,1,2.0,2.0,0.0,2.0,1,0.0,0.0,0.0,0.0,1,0.0,0.0,0.0,0.0,1,0,1,0,0,1,0,MUT,MUT,MUT
TGCAGCAAGGCGCAGT,CDKN1B,2.0,2.0,0.0,2.0,1,2.0,2.0,0.0,2.0,1,0.0,0.0,0.0,0.0,1,0.0,0.0,0.0,0.0,1,0.0,0.0,0.0,0.0,1,0.0,0.0,0.0,0.0,1,1,0,0,1,0,0,WT,WT,WT
TGTACCTCAAGGCCAT,CDKN1B,0.0,0.0,0.0,0.0,1,0.0,0.0,0.0,0.0,1,4.0,4.0,0.0,4.0,1,4.0,4.0,0.0,4.0,1,0.0,0.0,0.0,0.0,1,0.0,0.0,0.0,0.0,1,0,1,0,0,1,0,MUT,MUT,MUT
TGTCTTGAGACGCATG,CDKN1B,2.0,2.0,0.0,2.0,1,2.0,2.0,0.0,2.0,1,0.0,0.0,0.0,0.0,1,0.0,0.0,0.0,0.0,1,0.0,0.0,0.0,0.0,1,0.0,0.0,0.0,0.0,1,1,0,0,1,0,0,WT,WT,WT
TGTGAGGTCCAGAACG,CDKN1B,0.0,0.0,0.0,0.0,1,0.0,0.0,0.0,0.0,1,1.0,1.0,0.0,1.0,1,1.0,1.0,0.0,1.0,1,0.0,0.0,0.0,0.0,1,0.0,0.0,0.0,0.0,1,0,1,0,0,1,0,MUT,MUT,MUT
TTACTTGCAGATAACT,CDKN1B,0.0,0.0,0.0,0.0,1,0.0,0.0,0.0,0.0,1,1.0,1.0,0.0,1.0,1,1.0,1.0,0.0,1.0,1,0.0,0.0,0.0,0.0,1,0.0,0.0,0.0,0.0,1,0,1,0,0,1,0,MUT,MUT,MUT
TTCGCCTGTTTGTAGC,CDKN1B,5.0,5.0,0.0,5.0,1,5.0,5.0,0.0,5.0,1,0.0,0.0,0.0,0.0,1,0.0,0.0,0.0,0.0,1,0.0,0.0,0.0,0.0,1,0.0,0.0,0.0,0.0,1,1,0,0,1,0,0,WT,WT,WT
TTCTCACTCTTAAGGA,CDKN1B,1.0,1.0,0.0,1.0,1,1.0,1.0,0.0,1.0,1,0.0,0.0,0.0,0.0,1,0.0,0.0,0.0,0.0,1,0.0,0.0,0.0,0.0,1,0.0,0.0,0.0,0.0,1,1,0,0,1,0,0,WT,WT,WT
TTGCGCAGTACACCCA,CDKN1B,0.0,0.0,0.0,0.0,1,0.0,0.0,0.0,0.0,1,2.0,2.0,0.0,2.0,1,2.0,2.0,0.0,2.0,1,0.0,0.0,0.0,0.0,1,0.0,0.0,0.0,0.0,1,0,1,0,0,1,0,MUT,MUT,MUT
TTTGCTGAGATAGCTA,CDKN1B,2.0,2.0,0.0,2.0,1,2.0,2.0,0.0,2.0,1,0.0,0.0,0.0,0.0,1,0.0,0.0,0.0,0.0,1,0.0,0.0,0.0,0.0,1,0.0,0.0,0.0,0.0,1,1,0,0,1,0,0,WT,WT,WT
TTTGCTGAGGTAACTA,CDKN1B,1.0,1.0,0.0,1.0,1,1.0,1.0,0.0,1.0,1,0.0,0.0,0.0,0.0,1,0.0,0.0,0.0,0.0,1,0.0,0.0,0.0,0.0,1,0.0,0.0,0.0,0.0,1,1,0,0,1,0,0,WT,WT,WT
AAACAAGCAAGCGAAG,IDH2_Mut1,1.0,1.0,0.0,1.0,1,1.0,1.0,0.0,1.0,1,0.0,0.0,0.0,0.0,1,0.0,0.0,0.0,0.0,1,0.0,0.0,0.0,0.0,1,0.0,0.0,0.0,0.0,1,1,0,0,1,0,0,WT,WT,WT
AACCTCATCTAGCCTA,IDH2_Mut1,1.5,1.5,0.5,3.0,2,1.5,1.5,0.5,3.0,2,0.0,0.0,0.0,0.0,2,0.0,0.0,0.0,0.0,2,0.0,0.0,0.0,0.0,2,0.0,0.0,0.0,0.0,2,2,0,0,2,0,0,WT,WT,WT
AACGTTAAGCTTGAAA,IDH2_Mut1,3.5,3.5,2.5,7.0,2,3.5,3.5,2.5,7.0,2,0.0,0.0,0.0,0.0,2,0.0,0.0,0.0,0.0,2,0.0,0.0,0.0,0.0,2,0.0,0.0,0.0,0.0,2,2,0,0,2,0,0,WT,WT,WT
AACGTTAAGGTGAGAA,IDH2_Mut1,2.5,2.5,0.5,5.0,2,2.5,2.5,0.5,5.0,2,0.0,0.0,0.0,0.0,2,0.0,0.0,0.0,0.0,2,0.0,0.0,0.0,0.0,2,0.0,0.0,0.0,0.0,2,2,0,0,2,0,0,WT,WT,WT
AAGAATCGTTGCCTGA,IDH2_Mut1,3.0,3.0,2.0,6.0,2,3.0,3.0,2.0,6.0,2,0.0,0.0,0.0,0.0,2,0.0,0.0,0.0,0.0,2,0.0,0.0,0.0,0.0,2,0.0,0.0,0.0,0.0,2,2,0,0,2,0,0,WT,WT,WT
AAGGACAAGGCTACTC,IDH2_Mut1,0.0,0.0,0.0,0.0,1,0.0,0.0,0.0,0.0,1,2.0,2.0,0.0,2.0,1,2.0,2.0,0.0,2.0,1,0.0,0.0,0.0,0.0,1,0.0,0.0,0.0,0.0,1,0,1,0,0,1,0,MUT,MUT,MUT
AAGTGAACAAGCTAAT,IDH2_Mut1,0.0,0.0,0.0,0.0,2,0.0,0.0,0.0,0.0,2,1.5,1.5,0.5,3.0,2,1.5,1.5,0.5,3.0,2,0.0,0.0,0.0,0.0,2,0.0,0.0,0.0,0.0,2,0,2,0,0,2,0,MUT,MUT,MUT
AATGACCAGTTACCTG,IDH2_Mut1,4.0,4.0,1.632993161855452,12.0,3,4.0,4.0,1.632993161855452,12.0,3,0.0,0.0,0.0,0.0,3,0.0,0.0,0.0,0.0,3,0.0,0.0,0.0,0.0,3,0.0,0.0,0.0,0.0,3,3,0,0,3,0,0,WT,WT,WT
ACAGGTAGTTGTGACT,IDH2_Mut1,3.0,3.0,0.0,3.0,1,3.0,3.0,0.0,3.0,1,0.0,0.0,0.0,0.0,1,0.0,0.0,0.0,0.0,1,0.0,0.0,0.0,0.0,1,0.0,0.0,0.0,0.0,1,1,0,0,1,0,0,WT,WT,WT
ACAGTTGCACCAACAA,IDH2_Mut1,4.0,4.0,0.0,4.0,1,4.0,4.0,0.0,4.0,1,0.0,0.0,0.0,0.0,1,0.0,0.0,0.0,0.0,1,0.0,0.0,0.0,0.0,1,0.0,0.0,0.0,0.0,1,1,0,0,1,0,0,WT,WT,WT
ACGTGCAAGCCACTCG,IDH2_Mut1,0.0,0.0,0.0,0.0,1,0.0,0.0,0.0,0.0,1,4.0,4.0,0.0,4.0,1,4.0,4.0,0.0,4.0,1,0.0,0.0,0.0,0.0,1,0.0,0.0,0.0,0.0,1,0,1,0,0,1,0,MUT,MUT,MUT
AGACAAACAAATAACC,IDH2_Mut1,2.0,2.0,0.0,2.0,1,2.0,2.0,0.0,2.0,1,0.0,0.0,0.0,0.0,1,0.0,0.0,0.0,0.0,1,0.0,0.0,0.0,0.0,1,0.0,0.0,0.0,0.0,1,1,0,0,1,0,0,WT,WT,WT
AGACTCCTCGATTGAA,IDH2_Mut1,0.0,0.0,0.0,0.0,1,0.0,0.0,0.0,0.0,1,1.0,1.0,0.0,1.0,1,1.0,1.0,0.0,1.0,1,0.0,0.0,0.0,0.0,1,0.0,0.0,0.0,0.0,1,0,1,0,0,1,0,MUT,MUT,MUT
AGCAGGCTCCAATGAA,IDH2_Mut1,8.0,8.0,0.0,8.0,1,8.0,8.0,0.0,8.0,1,0.0,0.0,0.0,0.0,1,0.0,0.0,0.0,0.0,1,0.0,0.0,0.0,0.0,1,0.0,0.0,0.0,0.0,1,1,0,0,1,0,0,WT,WT,WT
AGGGTTAGTCAGGGCA,IDH2_Mut1,0.0,0.0,0.0,0.0,1,0.0,0.0,0.0,0.0,1,6.0,6.0,0.0,6.0,1,6.0,6.0,0.0,6.0,1,0.0,0.0,0.0,0.0,1,0.0,0.0,0.0,0.0,1,0,1,0,0,1,0,MUT,MUT,MUT
AGTCACACAAGGCGTT,IDH2_Mut1,3.0,3.0,0.0,3.0,1,3.0,3.0,0.0,3.0,1,0.0,0.0,0.0,0.0,1,0.0,0.0,0.0,0.0,1,0.0,0.0,0.0,0.0,1,0.0,0.0,0.0,0.0,1,1,0,0,1,0,0,WT,WT,WT
AGTGATCAGCGAATCG,IDH2_Mut1,0.0,0.0,0.0,0.0,1,0.0,0.0,0.0,0.0,1,17.0,17.0,0.0,17.0,1,17.0,17.0,0.0,17.0,1,0.0,0.0,0.0,0.0,1,0.0,0.0,0.0,0.0,1,0,1,0,0,1,0,MUT,MUT,MUT
AGTGATGGTGTTAGAG,IDH2_Mut1,0.0,0.0,0.0,0.0,1,0.0,0.0,0.0,0.0,1,1.0,1.0,0.0,1.0,1,1.0,1.0,0.0,1.0,1,0.0,0.0,0.0,0.0,1,0.0,0.0,0.0,0.0,1,0,1,0,0,1,0,MUT,MUT,MUT
AGTGGCGGTTGCGGCT,IDH2_Mut1,0.0,0.0,0.0,0.0,1,0.0,0.0,0.0,0.0,1,13.0,13.0,0.0,13.0,1,13.0,13.0,0.0,13.0,1,0.0,0.0,0.0,0.0,1,0.0,0.0,0.0,0.0,1,0,1,0,0,1,0,MUT,MUT,MUT
ATCATCAGTGGTGCAG,IDH2_Mut1,0.0,0.0,0.0,0.0,1,0.0,0.0,0.0,0.0,1,1.0,1.0,0.0,1.0,1,1.0,1.0,0.0,1.0,1,0.0,0.0,0.0,0.0,1,0.0,0.0,0.0,0.0,1,0,1,0,0,1,0,MUT,MUT,MUT
ATCGCTTCAACTAGTG,IDH2_Mut1,0.0,0.0,0.0,0.0,1,0.0,0.0,0.0,0.0,1,10.0,10.0,0.0,10.0,1,10.0,10.0,0.0,10.0,1,0.0,0.0,0.0,0.0,1,0.0,0.0,0.0,0.0,1,0,1,0,0,1,0,MUT,MUT,MUT
ATGAGGAAGAAACCCG,IDH2_Mut1,1.0,1.0,0.0,1.0,1,1.0,1.0,0.0,1.0,1,0.0,0.0,0.0,0.0,1,0.0,0.0,0.0,0.0,1,0.0,0.0,0.0,0.0,1,0.0,0.0,0.0,0.0,1,1,0,0,1,0,0,WT,WT,WT
ATGGCTTGTAAGGCTA,IDH2_Mut1,2.0,2.0,0.0,2.0,1,2.0,2.0,0.0,2.0,1,0.0,0.0,0.0,0.0,1,0.0,0.0,0.0,0.0,1,0.0,0.0,0.0,0.0,1,0.0,0.0,0.0,0.0,1,1,0,0,1,0,0,WT,WT,WT
CAACTAAAGGGTTTCC,IDH2_Mut1,0.0,0.0,0.0,0.0,1,0.0,0.0,0.0,0.0,1,3.0,3.0,0.0,3.0,1,3.0,3.0,0.0,3.0,1,0.0,0.0,0.0,0.0,1,0.0,0.0,0.0,0.0,1,0,1,0,0,1,0,MUT,MUT,MUT
CACTAACGTAATCCTA,IDH2_Mut1,0.0,0.0,0.0,0.0,1,0.0,0.0,0.0,0.0,1,2.0,2.0,0.0,2.0,1,2.0,2.0,0.0,2.0,1,0.0,0.0,0.0,0.0,1,0.0,0.0,0.0,0.0,1,0,1,0,0,1,0,MUT,MUT,MUT
CACTATGTCCTTATGG,IDH2_Mut1,1.0,1.0,0.0,1.0,1,1.0,1.0,0.0,1.0,1,0.0,0.0,0.0,0.0,1,0.0,0.0,0.0,0.0,1,0.0,0.0,0.0,0.0,1,0.0,0.0,0.0,0.0,1,1,0,0,1,0,0,WT,WT,WT
CACTCCCTCACTGTCA,IDH2_Mut1,0.0,0.0,0.0,0.0,1,0.0,0.0,0.0,0.0,1,2.0,2.0,0.0,2.0,1,2.0,2.0,0.0,2.0,1,0.0,0.0,0.0,0.0,1,0.0,0.0,0.0,0.0,1,0,1,0,0,1,0,MUT,MUT,MUT
CACTTGATCATGAATG,IDH2_Mut1,0.0,0.0,0.0,0.0,1,0.0,0.0,0.0,0.0,1,5.0,5.0,0.0,5.0,1,5.0,5.0,0.0,5.0,1,0.0,0.0,0.0,0.0,1,0.0,0.0,0.0,0.0,1,0,1,0,0,1,0,MUT,MUT,MUT
CAGGTAAGTTAAGCTC,IDH2_Mut1,3.0,3.0,0.0,3.0,1,3.0,3.0,0.0,3.0,1,0.0,0.0,0.0,0.0,1,0.0,0.0,0.0,0.0,1,0.0,0.0,0.0,0.0,1,0.0,0.0,0.0,0.0,1,1,0,0,1,0,0,WT,WT,WT
CAGGTATAGTCAATGA,IDH2_Mut1,1.0,1.0,0.0,1.0,1,1.0,1.0,0.0,1.0,1,0.0,0.0,0.0,0.0,1,0.0,0.0,0.0,0.0,1,0.0,0.0,0.0,0.0,1,0.0,0.0,0.0,0.0,1,1,0,0,1,0,0,WT,WT,WT
CATGAAGGTGACATGA,IDH2_Mut1,0.0,0.0,0.0,0.0,1,0.0,0.0,0.0,0.0,1,1.0,1.0,0.0,1.0,1,1.0,1.0,0.0,1.0,1,0.0,0.0,0.0,0.0,1,0.0,0.0,0.0,0.0,1,0,1,0,0,1,0,MUT,MUT,MUT
CCAAACTGTTCCTTTG,IDH2_Mut1,0.0,0.0,0.0,0.0,1,0.0,0.0,0.0,0.0,1,3.0,3.0,0.0,3.0,1,3.0,3.0,0.0,3.0,1,0.0,0.0,0.0,0.0,1,0.0,0.0,0.0,0.0,1,0,1,0,0,1,0,MUT,MUT,MUT
CCACTAATCGAAGGCC,IDH2_Mut1,2.25,2.5,0.82915619758885,9.0,4,2.25,2.5,0.82915619758885,9.0,4,0.0,0.0,0.0,0.0,4,0.0,0.0,0.0,0.0,4,0.0,0.0,0.0,0.0,4,0.0,0.0,0.0,0.0,4,4,0,0,4,0,0,WT,WT,WT
CCATGGTTCCTCAAGC,IDH2_Mut1,1.0,1.0,0.0,1.0,1,1.0,1.0,0.0,1.0,1,0.0,0.0,0.0,0.0,1,0.0,0.0,0.0,0.0,1,0.0,0.0,0.0,0.0,1,0.0,0.0,0.0,0.0,1,1,0,0,1,0,0,WT,WT,WT
CCATTAAGTCCCTCAT,IDH2_Mut1,0.0,0.0,0.0,0.0,1,0.0,0.0,0.0,0.0,1,4.0,4.0,0.0,4.0,1,4.0,4.0,0.0,4.0,1,0.0,0.0,0.0,0.0,1,0.0,0.0,0.0,0.0,1,0,1,0,0,1,0,MUT,MUT,MUT
CCCTGTGAGCGAGCTA,IDH2_Mut1,2.0,2.0,0.0,2.0,1,2.0,2.0,0.0,2.0,1,0.0,0.0,0.0,0.0,1,0.0,0.0,0.0,0.0,1,0.0,0.0,0.0,0.0,1,0.0,0.0,0.0,0.0,1,1,0,0,1,0,0,WT,WT,WT
CCGCTTACAAATAACC,IDH2_Mut1,3.0,3.0,0.0,3.0,1,3.0,3.0,0.0,3.0,1,0.0,0.0,0.0,0.0,1,0.0,0.0,0.0,0.0,1,0.0,0.0,0.0,0.0,1,0.0,0.0,0.0,0.0,1,1,0,0,1,0,0,WT,WT,WT
CCTAACTCATAACCAG,IDH2_Mut1,0.0,0.0,0.0,0.0,1,0.0,0.0,0.0,0.0,1,2.0,2.0,0.0,2.0,1,2.0,2.0,0.0,2.0,1,0.0,0.0,0.0,0.0,1,0.0,0.0,0.0,0.0,1,0,1,0,0,1,0,MUT,MUT,MUT
CCTTGAATCGGTAAGT,IDH2_Mut1,0.0,0.0,0.0,0.0,1,0.0,0.0,0.0,0.0,1,1.0,1.0,0.0,1.0,1,1.0,1.0,0.0,1.0,1,0.0,0.0,0.0,0.0,1,0.0,0.0,0.0,0.0,1,0,1,0,0,1,0,MUT,MUT,MUT
CGATTTAGTTTGCTCC,IDH2_Mut1,1.0,1.0,0.0,1.0,1,1.0,1.0,0.0,1.0,1,0.0,0.0,0.0,0.0,1,0.0,0.0,0.0,0.0,1,0.0,0.0,0.0,0.0,1,0.0,0.0,0.0,0.0,1,1,0,0,1,0,0,WT,WT,WT
CGCAACTTCGAGCTAG,IDH2_Mut1,2.0,2.0,0.0,2.0,1,2.0,2.0,0.0,2.0,1,0.0,0.0,0.0,0.0,1,0.0,0.0,0.0,0.0,1,0.0,0.0,0.0,0.0,1,0.0,0.0,0.0,0.0,1,1,0,0,1,0,0,WT,WT,WT
CGCAATTGTCACAGAA,IDH2_Mut1,0.0,0.0,0.0,0.0,1,0.0,0.0,0.0,0.0,1,4.0,4.0,0.0,4.0,1,4.0,4.0,0.0,4.0,1,0.0,0.0,0.0,0.0,1,0.0,0.0,0.0,0.0,1,0,1,0,0,1,0,MUT,MUT,MUT
CGCAGGTAGTTGACCC,IDH2_Mut1,0.0,0.0,0.0,0.0,2,0.0,0.0,0.0,0.0,2,3.0,3.0,1.0,6.0,2,3.0,3.0,1.0,6.0,2,0.0,0.0,0.0,0.0,2,0.0,0.0,0.0,0.0,2,0,2,0,0,2,0,MUT,MUT,MUT
CGTTCGTAGGTTTCCA,IDH2_Mut1,1.5,1.5,0.5,3.0,2,1.5,1.5,0.5,3.0,2,0.0,0.0,0.0,0.0,2,0.0,0.0,0.0,0.0,2,0.0,0.0,0.0,0.0,2,0.0,0.0,0.0,0.0,2,2,0,0,2,0,0,WT,WT,WT
CGTTGTCAGTGTCCAC,IDH2_Mut1,3.0,3.0,0.0,3.0,1,3.0,3.0,0.0,3.0,1,0.0,0.0,0.0,0.0,1,0.0,0.0,0.0,0.0,1,0.0,0.0,0.0,0.0,1,0.0,0.0,0.0,0.0,1,1,0,0,1,0,0,WT,WT,WT
CTAAGTGCACATACCT,IDH2_Mut1,1.0,1.0,1.0,2.0,2,1.0,1.0,1.0,2.0,2,0.5,0.5,0.5,1.0,2,0.5,0.5,0.5,1.0,2,0.0,0.0,0.0,0.0,2,0.0,0.0,0.0,0.0,2,1,1,0,1,1,0,MUT,MUT,MUT
CTCAAATTCGAGGCAC,IDH2_Mut1,4.0,4.0,0.0,4.0,1,4.0,4.0,0.0,4.0,1,0.0,0.0,0.0,0.0,1,0.0,0.0,0.0,0.0,1,0.0,0.0,0.0,0.0,1,0.0,0.0,0.0,0.0,1,1,0,0,1,0,0,WT,WT,WT
CTGTGCAGTTCACCTC,IDH2_Mut1,7.0,7.0,0.0,7.0,1,7.0,7.0,0.0,7.0,1,0.0,0.0,0.0,0.0,1,0.0,0.0,0.0,0.0,1,0.0,0.0,0.0,0.0,1,0.0,0.0,0.0,0.0,1,1,0,0,1,0,0,WT,WT,WT
CTTAACGTCGCTATAT,IDH2_Mut1,0.0,0.0,0.0,0.0,1,0.0,0.0,0.0,0.0,1,1.0,1.0,0.0,1.0,1,1.0,1.0,0.0,1.0,1,0.0,0.0,0.0,0.0,1,0.0,0.0,0.0,0.0,1,0,1,0,0,1,0,MUT,MUT,MUT
CTTGCGCCATGGCTAA,IDH2_Mut1,3.0,3.0,0.0,3.0,1,3.0,3.0,0.0,3.0,1,0.0,0.0,0.0,0.0,1,0.0,0.0,0.0,0.0,1,0.0,0.0,0.0,0.0,1,0.0,0.0,0.0,0.0,1,1,0,0,1,0,0,WT,WT,WT
CTTTGGTCATCATGTC,IDH2_Mut1,1.0,1.0,1.0,2.0,2,1.0,1.0,1.0,2.0,2,1.5,1.5,1.5,3.0,2,1.5,1.5,1.5,3.0,2,0.0,0.0,0.0,0.0,2,0.0,0.0,0.0,0.0,2,1,1,0,1,1,0,MUT,MUT,MUT
GAAGAATAGTCAAACA,IDH2_Mut1,0.0,0.0,0.0,0.0,1,0.0,0.0,0.0,0.0,1,3.0,3.0,0.0,3.0,1,3.0,3.0,0.0,3.0,1,0.0,0.0,0.0,0.0,1,0.0,0.0,0.0,0.0,1,0,1,0,0,1,0,MUT,MUT,MUT
GACCCAAAGGATCCCT,IDH2_Mut1,2.0,2.0,1.0,4.0,2,2.0,2.0,1.0,4.0,2,0.0,0.0,0.0,0.0,2,0.0,0.0,0.0,0.0,2,0.0,0.0,0.0,0.0,2,0.0,0.0,0.0,0.0,2,2,0,0,2,0,0,WT,WT,WT
GATAAAGCAGGTTTCT,IDH2_Mut1,0.0,0.0,0.0,0.0,1,0.0,0.0,0.0,0.0,1,5.0,5.0,0.0,5.0,1,5.0,5.0,0.0,5.0,1,0.0,0.0,0.0,0.0,1,0.0,0.0,0.0,0.0,1,0,1,0,0,1,0,MUT,MUT,MUT
GATGGCTCATTGCCGC,IDH2_Mut1,2.0,2.0,0.0,2.0,1,2.0,2.0,0.0,2.0,1,0.0,0.0,0.0,0.0,1,0.0,0.0,0.0,0.0,1,0.0,0.0,0.0,0.0,1,0.0,0.0,0.0,0.0,1,1,0,0,1,0,0,WT,WT,WT
GATTGCTGTAGCCTTG,IDH2_Mut1,8.0,8.0,0.0,8.0,1,8.0,8.0,0.0,8.0,1,0.0,0.0,0.0,0.0,1,0.0,0.0,0.0,0.0,1,0.0,0.0,0.0,0.0,1,0.0,0.0,0.0,0.0,1,1,0,0,1,0,0,WT,WT,WT
GCAAACTAGACAAAGG,IDH2_Mut1,0.0,0.0,0.0,0.0,1,0.0,0.0,0.0,0.0,1,8.0,8.0,0.0,8.0,1,8.0,8.0,0.0,8.0,1,0.0,0.0,0.0,0.0,1,0.0,0.0,0.0,0.0,1,0,1,0,0,1,0,MUT,MUT,MUT
GCACTAACAGGCTAAC,IDH2_Mut1,0.0,0.0,0.0,0.0,1,0.0,0.0,0.0,0.0,1,1.0,1.0,0.0,1.0,1,1.0,1.0,0.0,1.0,1,0.0,0.0,0.0,0.0,1,0.0,0.0,0.0,0.0,1,0,1,0,0,1,0,MUT,MUT,MUT
GCCATTTCACCATACT,IDH2_Mut1,9.0,9.0,0.0,9.0,1,9.0,9.0,0.0,9.0,1,0.0,0.0,0.0,0.0,1,0.0,0.0,0.0,0.0,1,0.0,0.0,0.0,0.0,1,0.0,0.0,0.0,0.0,1,1,0,0,1,0,0,WT,WT,WT
GCCCATAGTTGAGTCT,IDH2_Mut1,5.0,5.0,0.0,5.0,1,5.0,5.0,0.0,5.0,1,0.0,0.0,0.0,0.0,1,0.0,0.0,0.0,0.0,1,0.0,0.0,0.0,0.0,1,0.0,0.0,0.0,0.0,1,1,0,0,1,0,0,WT,WT,WT
GCGCACACATAGCGAC,IDH2_Mut1,0.0,0.0,0.0,0.0,1,0.0,0.0,0.0,0.0,1,3.0,3.0,0.0,3.0,1,3.0,3.0,0.0,3.0,1,0.0,0.0,0.0,0.0,1,0.0,0.0,0.0,0.0,1,0,1,0,0,1,0,MUT,MUT,MUT
GCGCTTAGTTGGCCAC,IDH2_Mut1,3.0,3.0,1.0,6.0,2,3.0,3.0,1.0,6.0,2,0.0,0.0,0.0,0.0,2,0.0,0.0,0.0,0.0,2,0.0,0.0,0.0,0.0,2,0.0,0.0,0.0,0.0,2,2,0,0,2,0,0,WT,WT,WT
GCGGATTCATAAGCCA,IDH2_Mut1,0.0,0.0,0.0,0.0,1,0.0,0.0,0.0,0.0,1,6.0,6.0,0.0,6.0,1,6.0,6.0,0.0,6.0,1,0.0,0.0,0.0,0.0,1,0.0,0.0,0.0,0.0,1,0,1,0,0,1,0,MUT,MUT,MUT
GCGTTACTCGCGTTAC,IDH2_Mut1,0.0,0.0,0.0,0.0,1,0.0,0.0,0.0,0.0,1,3.0,3.0,0.0,3.0,1,3.0,3.0,0.0,3.0,1,0.0,0.0,0.0,0.0,1,0.0,0.0,0.0,0.0,1,0,1,0,0,1,0,MUT,MUT,MUT
GCTCAGGCAATTAGCG,IDH2_Mut1,0.0,0.0,0.0,0.0,1,0.0,0.0,0.0,0.0,1,4.0,4.0,0.0,4.0,1,4.0,4.0,0.0,4.0,1,0.0,0.0,0.0,0.0,1,0.0,0.0,0.0,0.0,1,0,1,0,0,1,0,MUT,MUT,MUT
GCTTAGGAGGTGAGAA,IDH2_Mut1,0.75,0.0,1.299038105676658,3.0,4,0.75,0.0,1.299038105676658,3.0,4,1.5,1.5,1.118033988749895,6.0,4,1.5,1.5,1.118033988749895,6.0,4,0.0,0.0,0.0,0.0,4,0.0,0.0,0.0,0.0,4,1,3,0,1,3,0,MUT,MUT,MUT
GGAGTCTCAATCAAAC,IDH2_Mut1,3.0,3.0,3.0,6.0,2,3.0,3.0,3.0,6.0,2,1.5,1.5,1.5,3.0,2,1.5,1.5,1.5,3.0,2,0.0,0.0,0.0,0.0,2,0.0,0.0,0.0,0.0,2,1,1,0,1,1,0,MUT,MUT,MUT
GGATGGCTCGCTTGAC,IDH2_Mut1,3.0,3.0,0.0,3.0,1,3.0,3.0,0.0,3.0,1,0.0,0.0,0.0,0.0,1,0.0,0.0,0.0,0.0,1,0.0,0.0,0.0,0.0,1,0.0,0.0,0.0,0.0,1,1,0,0,1,0,0,WT,WT,WT
GGATTATCATAGCCGG,IDH2_Mut1,3.0,3.0,2.0,6.0,2,3.0,3.0,2.0,6.0,2,0.0,0.0,0.0,0.0,2,0.0,0.0,0.0,0.0,2,0.0,0.0,0.0,0.0,2,0.0,0.0,0.0,0.0,2,2,0,0,2,0,0,WT,WT,WT
GGATTGAGTTGTTGGT,IDH2_Mut1,0.0,0.0,0.0,0.0,1,0.0,0.0,0.0,0.0,1,1.0,1.0,0.0,1.0,1,1.0,1.0,0.0,1.0,1,0.0,0.0,0.0,0.0,1,0.0,0.0,0.0,0.0,1,0,1,0,0,1,0,MUT,MUT,MUT
GGCAGGTTCTTGATCG,IDH2_Mut1,4.0,4.0,0.0,4.0,1,4.0,4.0,0.0,4.0,1,0.0,0.0,0.0,0.0,1,0.0,0.0,0.0,0.0,1,0.0,0.0,0.0,0.0,1,0.0,0.0,0.0,0.0,1,1,0,0,1,0,0,WT,WT,WT
GGCCATCGTAGCTTTA,IDH2_Mut1,0.0,0.0,0.0,0.0,1,0.0,0.0,0.0,0.0,1,14.0,14.0,0.0,14.0,1,14.0,14.0,0.0,14.0,1,0.0,0.0,0.0,0.0,1,0.0,0.0,0.0,0.0,1,0,1,0,0,1,0,MUT,MUT,MUT
GGCCTATTCGTCCCGA,IDH2_Mut1,0.0,0.0,0.0,0.0,1,0.0,0.0,0.0,0.0,1,1.0,1.0,0.0,1.0,1,1.0,1.0,0.0,1.0,1,0.0,0.0,0.0,0.0,1,0.0,0.0,0.0,0.0,1,0,1,0,0,1,0,MUT,MUT,MUT
GGCGAAACAGTTATGG,IDH2_Mut1,13.0,13.0,0.0,13.0,1,13.0,13.0,0.0,13.0,1,0.0,0.0,0.0,0.0,1,0.0,0.0,0.0,0.0,1,0.0,0.0,0.0,0.0,1,0.0,0.0,0.0,0.0,1,1,0,0,1,0,0,WT,WT,WT
GGCGCAAGTAACGTTC,IDH2_Mut1,0.0,0.0,0.0,0.0,1,0.0,0.0,0.0,0.0,1,1.0,1.0,0.0,1.0,1,1.0,1.0,0.0,1.0,1,0.0,0.0,0.0,0.0,1,0.0,0.0,0.0,0.0,1,0,1,0,0,1,0,MUT,MUT,MUT
GGCGTAATCGCGGAAC,IDH2_Mut1,0.0,0.0,0.0,0.0,1,0.0,0.0,0.0,0.0,1,7.0,7.0,0.0,7.0,1,7.0,7.0,0.0,7.0,1,0.0,0.0,0.0,0.0,1,0.0,0.0,0.0,0.0,1,0,1,0,0,1,0,MUT,MUT,MUT
GGGCTAATCCCAGTAC,IDH2_Mut1,0.0,0.0,0.0,0.0,1,0.0,0.0,0.0,0.0,1,8.0,8.0,0.0,8.0,1,8.0,8.0,0.0,8.0,1,0.0,0.0,0.0,0.0,1,0.0,0.0,0.0,0.0,1,0,1,0,0,1,0,MUT,MUT,MUT
GGGCTTAAGATGCAAC,IDH2_Mut1,8.0,8.0,0.0,8.0,1,8.0,8.0,0.0,8.0,1,0.0,0.0,0.0,0.0,1,0.0,0.0,0.0,0.0,1,0.0,0.0,0.0,0.0,1,0.0,0.0,0.0,0.0,1,1,0,0,1,0,0,WT,WT,WT
GGGCTTAAGTCGAAAC,IDH2_Mut1,0.0,0.0,0.0,0.0,1,0.0,0.0,0.0,0.0,1,1.0,1.0,0.0,1.0,1,1.0,1.0,0.0,1.0,1,0.0,0.0,0.0,0.0,1,0.0,0.0,0.0,0.0,1,0,1,0,0,1,0,MUT,MUT,MUT
GGGTGAGAGGATGGTT,IDH2_Mut1,4.0,4.0,0.0,4.0,1,4.0,4.0,0.0,4.0,1,0.0,0.0,0.0,0.0,1,0.0,0.0,0.0,0.0,1,0.0,0.0,0.0,0.0,1,0.0,0.0,0.0,0.0,1,1,0,0,1,0,0,WT,WT,WT
GGGTGGAAGTAGCTAA,IDH2_Mut1,1.5,1.5,0.5,3.0,2,1.5,1.5,0.5,3.0,2,0.0,0.0,0.0,0.0,2,0.0,0.0,0.0,0.0,2,0.0,0.0,0.0,0.0,2,0.0,0.0,0.0,0.0,2,2,0,0,2,0,0,WT,WT,WT
GGGTTAGTCCTGAGGA,IDH2_Mut1,1.0,0.5,1.224744871391589,8.0,8,1.0,0.5,1.224744871391589,8.0,8,0.875,0.5,1.0532687216470449,7.0,8,0.875,0.5,1.0532687216470449,7.0,8,0.0,0.0,0.0,0.0,8,0.0,0.0,0.0,0.0,8,4,4,0,4,4,0,MUT,MUT,MUT
GTAAAGCTCGTGATTT,IDH2_Mut1,2.0,2.0,0.0,2.0,1,2.0,2.0,0.0,2.0,1,0.0,0.0,0.0,0.0,1,0.0,0.0,0.0,0.0,1,0.0,0.0,0.0,0.0,1,0.0,0.0,0.0,0.0,1,1,0,0,1,0,0,WT,WT,WT
GTATTACTCACGGACA,IDH2_Mut1,0.0,0.0,0.0,0.0,1,0.0,0.0,0.0,0.0,1,4.0,4.0,0.0,4.0,1,4.0,4.0,0.0,4.0,1,0.0,0.0,0.0,0.0,1,0.0,0.0,0.0,0.0,1,0,1,0,0,1,0,MUT,MUT,MUT
GTCACTCAGTACGGGC,IDH2_Mut1,0.0,0.0,0.0,0.0,1,0.0,0.0,0.0,0.0,1,4.0,4.0,0.0,4.0,1,4.0,4.0,0.0,4.0,1,0.0,0.0,0.0,0.0,1,0.0,0.0,0.0,0.0,1,0,1,0,0,1,0,MUT,MUT,MUT
GTCCCTCTCGGTAACG,IDH2_Mut1,0.0,0.0,0.0,0.0,1,0.0,0.0,0.0,0.0,1,7.0,7.0,0.0,7.0,1,7.0,7.0,0.0,7.0,1,0.0,0.0,0.0,0.0,1,0.0,0.0,0.0,0.0,1,0,1,0,0,1,0,MUT,MUT,MUT
GTGTGAGTCCTGACTA,IDH2_Mut1,4.0,4.0,0.0,4.0,1,4.0,4.0,0.0,4.0,1,0.0,0.0,0.0,0.0,1,0.0,0.0,0.0,0.0,1,0.0,0.0,0.0,0.0,1,0.0,0.0,0.0,0.0,1,1,0,0,1,0,0,WT,WT,WT
GTTTATCAGTCAATAG,IDH2_Mut1,0.0,0.0,0.0,0.0,1,0.0,0.0,0.0,0.0,1,3.0,3.0,0.0,3.0,1,3.0,3.0,0.0,3.0,1,0.0,0.0,0.0,0.0,1,0.0,0.0,0.0,0.0,1,0,1,0,0,1,0,MUT,MUT,MUT
GTTTGTCCACATGCTT,IDH2_Mut1,2.5,2.5,2.5,5.0,2,2.5,2.5,2.5,5.0,2,1.0,1.0,1.0,2.0,2,1.0,1.0,1.0,2.0,2,0.0,0.0,0.0,0.0,2,0.0,0.0,0.0,0.0,2,1,1,0,1,1,0,MUT,MUT,MUT
TAACCACGTAGCCAAA,IDH2_Mut1,2.0,2.0,0.0,2.0,1,2.0,2.0,0.0,2.0,1,0.0,0.0,0.0,0.0,1,0.0,0.0,0.0,0.0,1,0.0,0.0,0.0,0.0,1,0.0,0.0,0.0,0.0,1,1,0,0,1,0,0,WT,WT,WT
TAACCTTAGCACTAGG,IDH2_Mut1,0.0,0.0,0.0,0.0,1,0.0,0.0,0.0,0.0,1,1.0,1.0,0.0,1.0,1,1.0,1.0,0.0,1.0,1,0.0,0.0,0.0,0.0,1,0.0,0.0,0.0,0.0,1,0,1,0,0,1,0,MUT,MUT,MUT
TAACTGTTCATTTAGC,IDH2_Mut1,0.0,0.0,0.0,0.0,1,0.0,0.0,0.0,0.0,1,4.0,4.0,0.0,4.0,1,4.0,4.0,0.0,4.0,1,0.0,0.0,0.0,0.0,1,0.0,0.0,0.0,0.0,1,0,1,0,0,1,0,MUT,MUT,MUT
TAACTTGGTGACCTAT,IDH2_Mut1,0.0,0.0,0.0,0.0,1,0.0,0.0,0.0,0.0,1,1.0,1.0,0.0,1.0,1,1.0,1.0,0.0,1.0,1,0.0,0.0,0.0,0.0,1,0.0,0.0,0.0,0.0,1,0,1,0,0,1,0,MUT,MUT,MUT
TAATAGGTCAAACTTC,IDH2_Mut1,1.0,1.0,0.0,1.0,1,1.0,1.0,0.0,1.0,1,0.0,0.0,0.0,0.0,1,0.0,0.0,0.0,0.0,1,0.0,0.0,0.0,0.0,1,0.0,0.0,0.0,0.0,1,1,0,0,1,0,0,WT,WT,WT
TACCGGGCAATGTGGC,IDH2_Mut1,0.0,0.0,0.0,0.0,1,0.0,0.0,0.0,0.0,1,1.0,1.0,0.0,1.0,1,1.0,1.0,0.0,1.0,1,0.0,0.0,0.0,0.0,1,0.0,0.0,0.0,0.0,1,0,1,0,0,1,0,MUT,MUT,MUT
TACGTCCAGCAACTTT,IDH2_Mut1,0.0,0.0,0.0,0.0,1,0.0,0.0,0.0,0.0,1,9.0,9.0,0.0,9.0,1,9.0,9.0,0.0,9.0,1,0.0,0.0,0.0,0.0,1,0.0,0.0,0.0,0.0,1,0,1,0,0,1,0,MUT,MUT,MUT
TACGTTAGTCCTGACA,IDH2_Mut1,2.3333333333333335,2.0,2.0548046676563256,7.0,3,2.3333333333333335,2.0,2.0548046676563256,7.0,3,1.3333333333333333,0.0,1.8856180831641267,4.0,3,1.3333333333333333,0.0,1.8856180831641267,4.0,3,0.0,0.0,0.0,0.0,3,0.0,0.0,0.0,0.0,3,2,1,0,2,1,0,MUT,MUT,MUT
TAGGCGCAGCCATAAA,IDH2_Mut1,2.0,2.0,0.0,2.0,1,2.0,2.0,0.0,2.0,1,0.0,0.0,0.0,0.0,1,0.0,0.0,0.0,0.0,1,0.0,0.0,0.0,0.0,1,0.0,0.0,0.0,0.0,1,1,0,0,1,0,0,WT,WT,WT
TAGTGCACATCCCAAT,IDH2_Mut1,0.0,0.0,0.0,0.0,2,0.0,0.0,0.0,0.0,2,1.5,1.5,0.5,3.0,2,1.5,1.5,0.5,3.0,2,0.0,0.0,0.0,0.0,2,0.0,0.0,0.0,0.0,2,0,2,0,0,2,0,MUT,MUT,MUT
TATGAGCAGTTATTGC,IDH2_Mut1,1.0,1.0,0.0,1.0,1,1.0,1.0,0.0,1.0,1,0.0,0.0,0.0,0.0,1,0.0,0.0,0.0,0.0,1,0.0,0.0,0.0,0.0,1,0.0,0.0,0.0,0.0,1,1,0,0,1,0,0,WT,WT,WT
TCAATTGGTCACTATA,IDH2_Mut1,0.0,0.0,0.0,0.0,1,0.0,0.0,0.0,0.0,1,1.0,1.0,0.0,1.0,1,1.0,1.0,0.0,1.0,1,0.0,0.0,0.0,0.0,1,0.0,0.0,0.0,0.0,1,0,1,0,0,1,0,MUT,MUT,MUT
TCACTCGCACTAACGA,IDH2_Mut1,3.5,3.5,1.118033988749895,14.0,4,3.5,3.5,1.118033988749895,14.0,4,0.0,0.0,0.0,0.0,4,0.0,0.0,0.0,0.0,4,0.0,0.0,0.0,0.0,4,0.0,0.0,0.0,0.0,4,4,0,0,4,0,0,WT,WT,WT
TCAGGCTTCGCAGCAA,IDH2_Mut1,0.0,0.0,0.0,0.0,1,0.0,0.0,0.0,0.0,1,3.0,3.0,0.0,3.0,1,3.0,3.0,0.0,3.0,1,0.0,0.0,0.0,0.0,1,0.0,0.0,0.0,0.0,1,0,1,0,0,1,0,MUT,MUT,MUT
TCCACCTGTATTCGTA,IDH2_Mut1,3.0,3.0,0.0,3.0,1,3.0,3.0,0.0,3.0,1,0.0,0.0,0.0,0.0,1,0.0,0.0,0.0,0.0,1,0.0,0.0,0.0,0.0,1,0.0,0.0,0.0,0.0,1,1,0,0,1,0,0,WT,WT,WT
TCCCGTTGTATGGTAG,IDH2_Mut1,0.0,0.0,0.0,0.0,1,0.0,0.0,0.0,0.0,1,1.0,1.0,0.0,1.0,1,1.0,1.0,0.0,1.0,1,0.0,0.0,0.0,0.0,1,0.0,0.0,0.0,0.0,1,0,1,0,0,1,0,MUT,MUT,MUT
TCTTCATGTGCGATAA,IDH2_Mut1,1.0,1.0,0.0,1.0,1,1.0,1.0,0.0,1.0,1,0.0,0.0,0.0,0.0,1,0.0,0.0,0.0,0.0,1,0.0,0.0,0.0,0.0,1,0.0,0.0,0.0,0.0,1,1,0,0,1,0,0,WT,WT,WT
TGAAACTCATTTGTTG,IDH2_Mut1,2.0,2.0,0.0,2.0,1,2.0,2.0,0.0,2.0,1,0.0,0.0,0.0,0.0,1,0.0,0.0,0.0,0.0,1,0.0,0.0,0.0,0.0,1,0.0,0.0,0.0,0.0,1,1,0,0,1,0,0,WT,WT,WT
TGACCTATCATAATGG,IDH2_Mut1,2.0,2.0,0.0,2.0,1,2.0,2.0,0.0,2.0,1,0.0,0.0,0.0,0.0,1,0.0,0.0,0.0,0.0,1,0.0,0.0,0.0,0.0,1,0.0,0.0,0.0,0.0,1,1,0,0,1,0,0,WT,WT,WT
TGCATCCAGTTTGGTT,IDH2_Mut1,0.0,0.0,0.0,0.0,1,0.0,0.0,0.0,0.0,1,1.0,1.0,0.0,1.0,1,1.0,1.0,0.0,1.0,1,0.0,0.0,0.0,0.0,1,0.0,0.0,0.0,0.0,1,0,1,0,0,1,0,MUT,MUT,MUT
TGCATTAGTTAAGCCT,IDH2_Mut1,0.0,0.0,0.0,0.0,1,0.0,0.0,0.0,0.0,1,4.0,4.0,0.0,4.0,1,4.0,4.0,0.0,4.0,1,0.0,0.0,0.0,0.0,1,0.0,0.0,0.0,0.0,1,0,1,0,0,1,0,MUT,MUT,MUT
TGCCTCCTCACAGGGC,IDH2_Mut1,0.0,0.0,0.0,0.0,1,0.0,0.0,0.0,0.0,1,12.0,12.0,0.0,12.0,1,12.0,12.0,0.0,12.0,1,0.0,0.0,0.0,0.0,1,0.0,0.0,0.0,0.0,1,0,1,0,0,1,0,MUT,MUT,MUT
TGTAACTTCACCAGCT,IDH2_Mut1,2.0,2.0,0.0,2.0,1,2.0,2.0,0.0,2.0,1,0.0,0.0,0.0,0.0,1,0.0,0.0,0.0,0.0,1,0.0,0.0,0.0,0.0,1,0.0,0.0,0.0,0.0,1,1,0,0,1,0,0,WT,WT,WT
TGTCATCCAATTAGAC,IDH2_Mut1,0.0,0.0,0.0,0.0,1,0.0,0.0,0.0,0.0,1,2.0,2.0,0.0,2.0,1,2.0,2.0,0.0,2.0,1,0.0,0.0,0.0,0.0,1,0.0,0.0,0.0,0.0,1,0,1,0,0,1,0,MUT,MUT,MUT
TGTCTTGAGACGCATG,IDH2_Mut1,0.0,0.0,0.0,0.0,4,0.0,0.0,0.0,0.0,4,3.75,2.5,3.2691742076555053,15.0,4,3.75,2.5,3.2691742076555053,15.0,4,0.0,0.0,0.0,0.0,4,0.0,0.0,0.0,0.0,4,0,4,0,0,4,0,MUT,MUT,MUT
TGTGTGACAAGCTAAT,IDH2_Mut1,5.0,5.0,0.0,5.0,1,5.0,5.0,0.0,5.0,1,0.0,0.0,0.0,0.0,1,0.0,0.0,0.0,0.0,1,0.0,0.0,0.0,0.0,1,0.0,0.0,0.0,0.0,1,1,0,0,1,0,0,WT,WT,WT
TGTTGAGCAGAAAGGT,IDH2_Mut1,3.0,3.0,0.0,3.0,1,3.0,3.0,0.0,3.0,1,0.0,0.0,0.0,0.0,1,0.0,0.0,0.0,0.0,1,0.0,0.0,0.0,0.0,1,0.0,0.0,0.0,0.0,1,1,0,0,1,0,0,WT,WT,WT
TTCGAACGTATGGTAG,IDH2_Mut1,4.0,4.0,0.0,4.0,1,4.0,4.0,0.0,4.0,1,0.0,0.0,0.0,0.0,1,0.0,0.0,0.0,0.0,1,0.0,0.0,0.0,0.0,1,0.0,0.0,0.0,0.0,1,1,0,0,1,0,0,WT,WT,WT
AAACAAGCAAGCGAAG,IDH2_Mut2,1.0,1.0,0.0,1.0,1,1.0,1.0,0.0,1.0,1,0.0,0.0,0.0,0.0,1,0.0,0.0,0.0,0.0,1,0.0,0.0,0.0,0.0,1,0.0,0.0,0.0,0.0,1,1,0,0,1,0,0,WT,WT,WT
AACCTCATCTAGCCTA,IDH2_Mut2,1.5,1.5,0.5,3.0,2,1.5,1.5,0.5,3.0,2,0.0,0.0,0.0,0.0,2,0.0,0.0,0.0,0.0,2,0.0,0.0,0.0,0.0,2,0.0,0.0,0.0,0.0,2,2,0,0,2,0,0,WT,WT,WT
AACGTTAAGCTTGAAA,IDH2_Mut2,3.5,3.5,2.5,7.0,2,3.5,3.5,2.5,7.0,2,0.0,0.0,0.0,0.0,2,0.0,0.0,0.0,0.0,2,0.0,0.0,0.0,0.0,2,0.0,0.0,0.0,0.0,2,2,0,0,2,0,0,WT,WT,WT
AACGTTAAGGTGAGAA,IDH2_Mut2,2.5,2.5,0.5,5.0,2,2.5,2.5,0.5,5.0,2,0.0,0.0,0.0,0.0,2,0.0,0.0,0.0,0.0,2,0.0,0.0,0.0,0.0,2,0.0,0.0,0.0,0.0,2,2,0,0,2,0,0,WT,WT,WT
AAGAATCGTTGCCTGA,IDH2_Mut2,3.0,3.0,2.0,6.0,2,3.0,3.0,2.0,6.0,2,0.0,0.0,0.0,0.0,2,0.0,0.0,0.0,0.0,2,0.0,0.0,0.0,0.0,2,0.0,0.0,0.0,0.0,2,2,0,0,2,0,0,WT,WT,WT
AATGACCAGTTACCTG,IDH2_Mut2,3.0,3.0,2.23606797749979,12.0,4,3.0,3.0,2.23606797749979,12.0,4,0.25,0.0,0.4330127018922193,1.0,4,0.25,0.0,0.4330127018922193,1.0,4,0.0,0.0,0.0,0.0,4,0.0,0.0,0.0,0.0,4,3,1,0,3,1,0,MUT,MUT,MUT
ACAGGTAGTTGTGACT,IDH2_Mut2,3.0,3.0,0.0,3.0,1,3.0,3.0,0.0,3.0,1,0.0,0.0,0.0,0.0,1,0.0,0.0,0.0,0.0,1,0.0,0.0,0.0,0.0,1,0.0,0.0,0.0,0.0,1,1,0,0,1,0,0,WT,WT,WT
ACAGTTGCACCAACAA,IDH2_Mut2,4.0,4.0,0.0,4.0,1,4.0,4.0,0.0,4.0,1,0.0,0.0,0.0,0.0,1,0.0,0.0,0.0,0.0,1,0.0,0.0,0.0,0.0,1,0.0,0.0,0.0,0.0,1,1,0,0,1,0,0,WT,WT,WT
AGACAAACAAATAACC,IDH2_Mut2,2.0,2.0,0.0,2.0,1,2.0,2.0,0.0,2.0,1,0.0,0.0,0.0,0.0,1,0.0,0.0,0.0,0.0,1,0.0,0.0,0.0,0.0,1,0.0,0.0,0.0,0.0,1,1,0,0,1,0,0,WT,WT,WT
AGCAGGCTCCAATGAA,IDH2_Mut2,2.6666666666666665,0.0,3.7712361663282534,8.0,3,2.6666666666666665,0.0,3.7712361663282534,8.0,3,5.333333333333333,6.0,4.109609335312651,16.0,3,5.333333333333333,6.0,4.109609335312651,16.0,3,0.0,0.0,0.0,0.0,3,0.0,0.0,0.0,0.0,3,1,2,0,1,2,0,MUT,MUT,MUT
AGGGTTAGTCAGGGCA,IDH2_Mut2,0.0,0.0,0.0,0.0,1,0.0,0.0,0.0,0.0,1,10.0,10.0,0.0,10.0,1,10.0,10.0,0.0,10.0,1,0.0,0.0,0.0,0.0,1,0.0,0.0,0.0,0.0,1,0,1,0,0,1,0,MUT,MUT,MUT
AGTCACACAAGGCGTT,IDH2_Mut2,3.0,3.0,0.0,3.0,1,3.0,3.0,0.0,3.0,1,0.0,0.0,0.0,0.0,1,0.0,0.0,0.0,0.0,1,0.0,0.0,0.0,0.0,1,0.0,0.0,0.0,0.0,1,1,0,0,1,0,0,WT,WT,WT
ATAACCAAGGCTTTAT,IDH2_Mut2,0.0,0.0,0.0,0.0,1,0.0,0.0,0.0,0.0,1,1.0,1.0,0.0,1.0,1,1.0,1.0,0.0,1.0,1,0.0,0.0,0.0,0.0,1,0.0,0.0,0.0,0.0,1,0,1,0,0,1,0,MUT,MUT,MUT
ATGAGGAAGAAACCCG,IDH2_Mut2,1.0,1.0,0.0,1.0,1,1.0,1.0,0.0,1.0,1,0.0,0.0,0.0,0.0,1,0.0,0.0,0.0,0.0,1,0.0,0.0,0.0,0.0,1,0.0,0.0,0.0,0.0,1,1,0,0,1,0,0,WT,WT,WT
ATGGCTTGTAAGGCTA,IDH2_Mut2,2.0,2.0,0.0,2.0,1,2.0,2.0,0.0,2.0,1,0.0,0.0,0.0,0.0,1,0.0,0.0,0.0,0.0,1,0.0,0.0,0.0,0.0,1,0.0,0.0,0.0,0.0,1,1,0,0,1,0,0,WT,WT,WT
ATTGGCGAGCCAAACG,IDH2_Mut2,0.0,0.0,0.0,0.0,1,0.0,0.0,0.0,0.0,1,2.0,2.0,0.0,2.0,1,2.0,2.0,0.0,2.0,1,0.0,0.0,0.0,0.0,1,0.0,0.0,0.0,0.0,1,0,1,0,0,1,0,MUT,MUT,MUT
CAATGCCTCACTTCGA,IDH2_Mut2,0.0,0.0,0.0,0.0,1,0.0,0.0,0.0,0.0,1,6.0,6.0,0.0,6.0,1,6.0,6.0,0.0,6.0,1,0.0,0.0,0.0,0.0,1,0.0,0.0,0.0,0.0,1,0,1,0,0,1,0,MUT,MUT,MUT
CACTATGTCCTTATGG,IDH2_Mut2,1.0,1.0,0.0,1.0,1,1.0,1.0,0.0,1.0,1,0.0,0.0,0.0,0.0,1,0.0,0.0,0.0,0.0,1,0.0,0.0,0.0,0.0,1,0.0,0.0,0.0,0.0,1,1,0,0,1,0,0,WT,WT,WT
CAGGTAAGTTAAGCTC,IDH2_Mut2,3.0,3.0,0.0,3.0,1,3.0,3.0,0.0,3.0,1,0.0,0.0,0.0,0.0,1,0.0,0.0,0.0,0.0,1,0.0,0.0,0.0,0.0,1,0.0,0.0,0.0,0.0,1,1,0,0,1,0,0,WT,WT,WT
CAGGTATAGTCAATGA,IDH2_Mut2,1.0,1.0,0.0,1.0,1,1.0,1.0,0.0,1.0,1,0.0,0.0,0.0,0.0,1,0.0,0.0,0.0,0.0,1,0.0,0.0,0.0,0.0,1,0.0,0.0,0.0,0.0,1,1,0,0,1,0,0,WT,WT,WT
CATTGAAAGGTCAAAC,IDH2_Mut2,0.0,0.0,0.0,0.0,1,0.0,0.0,0.0,0.0,1,3.0,3.0,0.0,3.0,1,3.0,3.0,0.0,3.0,1,0.0,0.0,0.0,0.0,1,0.0,0.0,0.0,0.0,1,0,1,0,0,1,0,MUT,MUT,MUT
CATTTCGAGTTTCGCA,IDH2_Mut2,0.0,0.0,0.0,0.0,1,0.0,0.0,0.0,0.0,1,1.0,1.0,0.0,1.0,1,1.0,1.0,0.0,1.0,1,0.0,0.0,0.0,0.0,1,0.0,0.0,0.0,0.0,1,0,1,0,0,1,0,MUT,MUT,MUT
CCACTAATCGAAGGCC,IDH2_Mut2,1.8,2.0,1.1661903789690602,9.0,5,1.8,2.0,1.1661903789690602,9.0,5,0.2,0.0,0.4,1.0,5,0.2,0.0,0.4,1.0,5,0.0,0.0,0.0,0.0,5,0.0,0.0,0.0,0.0,5,4,1,0,4,1,0,MUT,MUT,MUT
CCATGGTTCCTCAAGC,IDH2_Mut2,1.0,1.0,0.0,1.0,1,1.0,1.0,0.0,1.0,1,0.0,0.0,0.0,0.0,1,0.0,0.0,0.0,0.0,1,0.0,0.0,0.0,0.0,1,0.0,0.0,0.0,0.0,1,1,0,0,1,0,0,WT,WT,WT
CCCTGTGAGCGAGCTA,IDH2_Mut2,2.0,2.0,0.0,2.0,1,2.0,2.0,0.0,2.0,1,0.0,0.0,0.0,0.0,1,0.0,0.0,0.0,0.0,1,0.0,0.0,0.0,0.0,1,0.0,0.0,0.0,0.0,1,1,0,0,1,0,0,WT,WT,WT
CCGCTTACAAATAACC,IDH2_Mut2,3.0,3.0,0.0,3.0,1,3.0,3.0,0.0,3.0,1,0.0,0.0,0.0,0.0,1,0.0,0.0,0.0,0.0,1,0.0,0.0,0.0,0.0,1,0.0,0.0,0.0,0.0,1,1,0,0,1,0,0,WT,WT,WT
CCTAGGTTCATGCGTC,IDH2_Mut2,0.0,0.0,0.0,0.0,1,0.0,0.0,0.0,0.0,1,2.0,2.0,0.0,2.0,1,2.0,2.0,0.0,2.0,1,0.0,0.0,0.0,0.0,1,0.0,0.0,0.0,0.0,1,0,1,0,0,1,0,MUT,MUT,MUT
CGACACAAGGTATTTC,IDH2_Mut2,0.0,0.0,0.0,0.0,1,0.0,0.0,0.0,0.0,1,1.0,1.0,0.0,1.0,1,1.0,1.0,0.0,1.0,1,0.0,0.0,0.0,0.0,1,0.0,0.0,0.0,0.0,1,0,1,0,0,1,0,MUT,MUT,MUT
CGATTTAGTTTGCTCC,IDH2_Mut2,1.0,1.0,0.0,1.0,1,1.0,1.0,0.0,1.0,1,0.0,0.0,0.0,0.0,1,0.0,0.0,0.0,0.0,1,0.0,0.0,0.0,0.0,1,0.0,0.0,0.0,0.0,1,1,0,0,1,0,0,WT,WT,WT
CGCAACTTCGAGCTAG,IDH2_Mut2,2.0,2.0,0.0,2.0,1,2.0,2.0,0.0,2.0,1,0.0,0.0,0.0,0.0,1,0.0,0.0,0.0,0.0,1,0.0,0.0,0.0,0.0,1,0.0,0.0,0.0,0.0,1,1,0,0,1,0,0,WT,WT,WT
CGCAGGTAGTTGACCC,IDH2_Mut2,0.0,0.0,0.0,0.0,2,0.0,0.0,0.0,0.0,2,10.0,10.0,6.0,20.0,2,10.0,10.0,6.0,20.0,2,0.0,0.0,0.0,0.0,2,0.0,0.0,0.0,0.0,2,0,2,0,0,2,0,MUT,MUT,MUT
CGCGATAAGAGCAATC,IDH2_Mut2,0.0,0.0,0.0,0.0,1,0.0,0.0,0.0,0.0,1,1.0,1.0,0.0,1.0,1,1.0,1.0,0.0,1.0,1,0.0,0.0,0.0,0.0,1,0.0,0.0,0.0,0.0,1,0,1,0,0,1,0,MUT,MUT,MUT
CGTTCGTAGGTTTCCA,IDH2_Mut2,1.5,1.5,0.5,3.0,2,1.5,1.5,0.5,3.0,2,0.0,0.0,0.0,0.0,2,0.0,0.0,0.0,0.0,2,0.0,0.0,0.0,0.0,2,0.0,0.0,0.0,0.0,2,2,0,0,2,0,0,WT,WT,WT
CGTTGTCAGTGTCCAC,IDH2_Mut2,3.0,3.0,0.0,3.0,1,3.0,3.0,0.0,3.0,1,0.0,0.0,0.0,0.0,1,0.0,0.0,0.0,0.0,1,0.0,0.0,0.0,0.0,1,0.0,0.0,0.0,0.0,1,1,0,0,1,0,0,WT,WT,WT
CTAAGTGCACATACCT,IDH2_Mut2,2.0,2.0,0.0,2.0,1,2.0,2.0,0.0,2.0,1,0.0,0.0,0.0,0.0,1,0.0,0.0,0.0,0.0,1,0.0,0.0,0.0,0.0,1,0.0,0.0,0.0,0.0,1,1,0,0,1,0,0,WT,WT,WT
CTCAAATTCGAGGCAC,IDH2_Mut2,2.0,2.0,2.0,4.0,2,2.0,2.0,2.0,4.0,2,2.5,2.5,2.5,5.0,2,2.5,2.5,2.5,5.0,2,0.0,0.0,0.0,0.0,2,0.0,0.0,0.0,0.0,2,1,1,0,1,1,0,MUT,MUT,MUT
CTCGACCCATAGCCGG,IDH2_Mut2,0.0,0.0,0.0,0.0,1,0.0,0.0,0.0,0.0,1,2.0,2.0,0.0,2.0,1,2.0,2.0,0.0,2.0,1,0.0,0.0,0.0,0.0,1,0.0,0.0,0.0,0.0,1,0,1,0,0,1,0,MUT,MUT,MUT
CTGTGCAGTTCACCTC,IDH2_Mut2,7.0,7.0,0.0,7.0,1,7.0,7.0,0.0,7.0,1,0.0,0.0,0.0,0.0,1,0.0,0.0,0.0,0.0,1,0.0,0.0,0.0,0.0,1,0.0,0.0,0.0,0.0,1,1,0,0,1,0,0,WT,WT,WT
CTTGCGCCATGGCTAA,IDH2_Mut2,3.0,3.0,0.0,3.0,1,3.0,3.0,0.0,3.0,1,0.0,0.0,0.0,0.0,1,0.0,0.0,0.0,0.0,1,0.0,0.0,0.0,0.0,1,0.0,0.0,0.0,0.0,1,1,0,0,1,0,0,WT,WT,WT
CTTTGGTCATCATGTC,IDH2_Mut2,2.0,2.0,0.0,2.0,1,2.0,2.0,0.0,2.0,1,0.0,0.0,0.0,0.0,1,0.0,0.0,0.0,0.0,1,0.0,0.0,0.0,0.0,1,0.0,0.0,0.0,0.0,1,1,0,0,1,0,0,WT,WT,WT
GACAAACTCCCAGTAC,IDH2_Mut2,0.0,0.0,0.0,0.0,1,0.0,0.0,0.0,0.0,1,6.0,6.0,0.0,6.0,1,6.0,6.0,0.0,6.0,1,0.0,0.0,0.0,0.0,1,0.0,0.0,0.0,0.0,1,0,1,0,0,1,0,MUT,MUT,MUT
GACCCAAAGGATCCCT,IDH2_Mut2,2.0,2.0,1.0,4.0,2,2.0,2.0,1.0,4.0,2,0.0,0.0,0.0,0.0,2,0.0,0.0,0.0,0.0,2,0.0,0.0,0.0,0.0,2,0.0,0.0,0.0,0.0,2,2,0,0,2,0,0,WT,WT,WT
GAGTAACTCACGTTAT,IDH2_Mut2,0.0,0.0,0.0,0.0,1,0.0,0.0,0.0,0.0,1,2.0,2.0,0.0,2.0,1,2.0,2.0,0.0,2.0,1,0.0,0.0,0.0,0.0,1,0.0,0.0,0.0,0.0,1,0,1,0,0,1,0,MUT,MUT,MUT
GATGGCTCATTGCCGC,IDH2_Mut2,2.0,2.0,0.0,2.0,1,2.0,2.0,0.0,2.0,1,0.0,0.0,0.0,0.0,1,0.0,0.0,0.0,0.0,1,0.0,0.0,0.0,0.0,1,0.0,0.0,0.0,0.0,1,1,0,0,1,0,0,WT,WT,WT
GATTGCTGTAGCCTTG,IDH2_Mut2,8.0,8.0,0.0,8.0,1,8.0,8.0,0.0,8.0,1,0.0,0.0,0.0,0.0,1,0.0,0.0,0.0,0.0,1,0.0,0.0,0.0,0.0,1,0.0,0.0,0.0,0.0,1,1,0,0,1,0,0,WT,WT,WT
GATTGTGCAGCTGCTC,IDH2_Mut2,0.0,0.0,0.0,0.0,1,0.0,0.0,0.0,0.0,1,1.0,1.0,0.0,1.0,1,1.0,1.0,0.0,1.0,1,0.0,0.0,0.0,0.0,1,0.0,0.0,0.0,0.0,1,0,1,0,0,1,0,MUT,MUT,MUT
GCCATTTCACCATACT,IDH2_Mut2,9.0,9.0,0.0,9.0,1,9.0,9.0,0.0,9.0,1,0.0,0.0,0.0,0.0,1,0.0,0.0,0.0,0.0,1,0.0,0.0,0.0,0.0,1,0.0,0.0,0.0,0.0,1,1,0,0,1,0,0,WT,WT,WT
GCCCATAGTTGAGTCT,IDH2_Mut2,5.0,5.0,0.0,5.0,1,5.0,5.0,0.0,5.0,1,0.0,0.0,0.0,0.0,1,0.0,0.0,0.0,0.0,1,0.0,0.0,0.0,0.0,1,0.0,0.0,0.0,0.0,1,1,0,0,1,0,0,WT,WT,WT
GCGCTTAGTTGGCCAC,IDH2_Mut2,3.0,3.0,1.0,6.0,2,3.0,3.0,1.0,6.0,2,0.0,0.0,0.0,0.0,2,0.0,0.0,0.0,0.0,2,0.0,0.0,0.0,0.0,2,0.0,0.0,0.0,0.0,2,2,0,0,2,0,0,WT,WT,WT
GCGGATTCATAAGCCA,IDH2_Mut2,0.0,0.0,0.0,0.0,1,0.0,0.0,0.0,0.0,1,3.0,3.0,0.0,3.0,1,3.0,3.0,0.0,3.0,1,0.0,0.0,0.0,0.0,1,0.0,0.0,0.0,0.0,1,0,1,0,0,1,0,MUT,MUT,MUT
GCTTAGGAGGTGAGAA,IDH2_Mut2,3.0,3.0,0.0,3.0,1,3.0,3.0,0.0,3.0,1,0.0,0.0,0.0,0.0,1,0.0,0.0,0.0,0.0,1,0.0,0.0,0.0,0.0,1,0.0,0.0,0.0,0.0,1,1,0,0,1,0,0,WT,WT,WT
GGACATAGTCATCCCT,IDH2_Mut2,0.0,0.0,0.0,0.0,1,0.0,0.0,0.0,0.0,1,1.0,1.0,0.0,1.0,1,1.0,1.0,0.0,1.0,1,0.0,0.0,0.0,0.0,1,0.0,0.0,0.0,0.0,1,0,1,0,0,1,0,MUT,MUT,MUT
GGAGTCTCAATCAAAC,IDH2_Mut2,6.0,6.0,0.0,6.0,1,6.0,6.0,0.0,6.0,1,0.0,0.0,0.0,0.0,1,0.0,0.0,0.0,0.0,1,0.0,0.0,0.0,0.0,1,0.0,0.0,0.0,0.0,1,1,0,0,1,0,0,WT,WT,WT
GGATGGCTCGCTTGAC,IDH2_Mut2,3.0,3.0,0.0,3.0,1,3.0,3.0,0.0,3.0,1,0.0,0.0,0.0,0.0,1,0.0,0.0,0.0,0.0,1,0.0,0.0,0.0,0.0,1,0.0,0.0,0.0,0.0,1,1,0,0,1,0,0,WT,WT,WT
GGATTATCATAGCCGG,IDH2_Mut2,3.0,3.0,2.0,6.0,2,3.0,3.0,2.0,6.0,2,0.0,0.0,0.0,0.0,2,0.0,0.0,0.0,0.0,2,0.0,0.0,0.0,0.0,2,0.0,0.0,0.0,0.0,2,2,0,0,2,0,0,WT,WT,WT
GGCAGGTTCTTGATCG,IDH2_Mut2,4.0,4.0,0.0,4.0,1,4.0,4.0,0.0,4.0,1,0.0,0.0,0.0,0.0,1,0.0,0.0,0.0,0.0,1,0.0,0.0,0.0,0.0,1,0.0,0.0,0.0,0.0,1,1,0,0,1,0,0,WT,WT,WT
GGCGAAACAGTTATGG,IDH2_Mut2,13.0,13.0,0.0,13.0,1,13.0,13.0,0.0,13.0,1,0.0,0.0,0.0,0.0,1,0.0,0.0,0.0,0.0,1,0.0,0.0,0.0,0.0,1,0.0,0.0,0.0,0.0,1,1,0,0,1,0,0,WT,WT,WT
GGGCTTAAGATGCAAC,IDH2_Mut2,8.0,8.0,0.0,8.0,1,8.0,8.0,0.0,8.0,1,0.0,0.0,0.0,0.0,1,0.0,0.0,0.0,0.0,1,0.0,0.0,0.0,0.0,1,0.0,0.0,0.0,0.0,1,1,0,0,1,0,0,WT,WT,WT
GGGTGAGAGGATGGTT,IDH2_Mut2,4.0,4.0,0.0,4.0,1,4.0,4.0,0.0,4.0,1,0.0,0.0,0.0,0.0,1,0.0,0.0,0.0,0.0,1,0.0,0.0,0.0,0.0,1,0.0,0.0,0.0,0.0,1,1,0,0,1,0,0,WT,WT,WT
GGGTGGAAGTAGCTAA,IDH2_Mut2,1.5,1.5,0.5,3.0,2,1.5,1.5,0.5,3.0,2,0.0,0.0,0.0,0.0,2,0.0,0.0,0.0,0.0,2,0.0,0.0,0.0,0.0,2,0.0,0.0,0.0,0.0,2,2,0,0,2,0,0,WT,WT,WT
GGGTTAGTCCTGAGGA,IDH2_Mut2,2.0,2.0,1.0,8.0,4,2.0,2.0,1.0,8.0,4,0.0,0.0,0.0,0.0,4,0.0,0.0,0.0,0.0,4,0.0,0.0,0.0,0.0,4,0.0,0.0,0.0,0.0,4,4,0,0,4,0,0,WT,WT,WT
GTAAAGCTCGTGATTT,IDH2_Mut2,2.0,2.0,0.0,2.0,1,2.0,2.0,0.0,2.0,1,0.0,0.0,0.0,0.0,1,0.0,0.0,0.0,0.0,1,0.0,0.0,0.0,0.0,1,0.0,0.0,0.0,0.0,1,1,0,0,1,0,0,WT,WT,WT
GTCAAGCCACTAACGA,IDH2_Mut2,0.0,0.0,0.0,0.0,1,0.0,0.0,0.0,0.0,1,4.0,4.0,0.0,4.0,1,4.0,4.0,0.0,4.0,1,0.0,0.0,0.0,0.0,1,0.0,0.0,0.0,0.0,1,0,1,0,0,1,0,MUT,MUT,MUT
GTCTTGCAGGTTGCAG,IDH2_Mut2,0.0,0.0,0.0,0.0,1,0.0,0.0,0.0,0.0,1,1.0,1.0,0.0,1.0,1,1.0,1.0,0.0,1.0,1,0.0,0.0,0.0,0.0,1,0.0,0.0,0.0,0.0,1,0,1,0,0,1,0,MUT,MUT,MUT
GTGTGAGTCCTGACTA,IDH2_Mut2,4.0,4.0,0.0,4.0,1,4.0,4.0,0.0,4.0,1,0.0,0.0,0.0,0.0,1,0.0,0.0,0.0,0.0,1,0.0,0.0,0.0,0.0,1,0.0,0.0,0.0,0.0,1,1,0,0,1,0,0,WT,WT,WT
GTTTCACCACAAGCGT,IDH2_Mut2,0.0,0.0,0.0,0.0,2,0.0,0.0,0.0,0.0,2,1.0,1.0,0.0,2.0,2,1.0,1.0,0.0,2.0,2,0.0,0.0,0.0,0.0,2,0.0,0.0,0.0,0.0,2,0,2,0,0,2,0,MUT,MUT,MUT
GTTTGTCCACATGCTT,IDH2_Mut2,2.5,2.5,2.5,5.0,2,2.5,2.5,2.5,5.0,2,3.0,3.0,3.0,6.0,2,3.0,3.0,3.0,6.0,2,0.0,0.0,0.0,0.0,2,0.0,0.0,0.0,0.0,2,1,1,0,1,1,0,MUT,MUT,MUT
TAACCACGTAGCCAAA,IDH2_Mut2,2.0,2.0,0.0,2.0,1,2.0,2.0,0.0,2.0,1,0.0,0.0,0.0,0.0,1,0.0,0.0,0.0,0.0,1,0.0,0.0,0.0,0.0,1,0.0,0.0,0.0,0.0,1,1,0,0,1,0,0,WT,WT,WT
TAATAGGTCAAACTTC,IDH2_Mut2,1.0,1.0,0.0,1.0,1,1.0,1.0,0.0,1.0,1,0.0,0.0,0.0,0.0,1,0.0,0.0,0.0,0.0,1,0.0,0.0,0.0,0.0,1,0.0,0.0,0.0,0.0,1,1,0,0,1,0,0,WT,WT,WT
TACGTTAGTCCTGACA,IDH2_Mut2,3.5,3.5,1.5,7.0,2,3.5,3.5,1.5,7.0,2,0.0,0.0,0.0,0.0,2,0.0,0.0,0.0,0.0,2,0.0,0.0,0.0,0.0,2,0.0,0.0,0.0,0.0,2,2,0,0,2,0,0,WT,WT,WT
TAGGCGCAGCCATAAA,IDH2_Mut2,2.0,2.0,0.0,2.0,1,2.0,2.0,0.0,2.0,1,0.0,0.0,0.0,0.0,1,0.0,0.0,0.0,0.0,1,0.0,0.0,0.0,0.0,1,0.0,0.0,0.0,0.0,1,1,0,0,1,0,0,WT,WT,WT
TATGAGCAGTTATTGC,IDH2_Mut2,1.0,1.0,0.0,1.0,1,1.0,1.0,0.0,1.0,1,0.0,0.0,0.0,0.0,1,0.0,0.0,0.0,0.0,1,0.0,0.0,0.0,0.0,1,0.0,0.0,0.0,0.0,1,1,0,0,1,0,0,WT,WT,WT
TCACTCGCACTAACGA,IDH2_Mut2,3.5,3.5,1.118033988749895,14.0,4,3.5,3.5,1.118033988749895,14.0,4,0.0,0.0,0.0,0.0,4,0.0,0.0,0.0,0.0,4,0.0,0.0,0.0,0.0,4,0.0,0.0,0.0,0.0,4,4,0,0,4,0,0,WT,WT,WT
TCCACCTGTATTCGTA,IDH2_Mut2,3.0,3.0,0.0,3.0,1,3.0,3.0,0.0,3.0,1,0.0,0.0,0.0,0.0,1,0.0,0.0,0.0,0.0,1,0.0,0.0,0.0,0.0,1,0.0,0.0,0.0,0.0,1,1,0,0,1,0,0,WT,WT,WT
TCGCCTCTCGAAGTTA,IDH2_Mut2,0.0,0.0,0.0,0.0,1,0.0,0.0,0.0,0.0,1,2.0,2.0,0.0,2.0,1,2.0,2.0,0.0,2.0,1,0.0,0.0,0.0,0.0,1,0.0,0.0,0.0,0.0,1,0,1,0,0,1,0,MUT,MUT,MUT
TCTTCATGTGCGATAA,IDH2_Mut2,1.0,1.0,0.0,1.0,1,1.0,1.0,0.0,1.0,1,0.0,0.0,0.0,0.0,1,0.0,0.0,0.0,0.0,1,0.0,0.0,0.0,0.0,1,0.0,0.0,0.0,0.0,1,1,0,0,1,0,0,WT,WT,WT
TGAAACTCATTTGTTG,IDH2_Mut2,2.0,2.0,0.0,2.0,1,2.0,2.0,0.0,2.0,1,0.0,0.0,0.0,0.0,1,0.0,0.0,0.0,0.0,1,0.0,0.0,0.0,0.0,1,0.0,0.0,0.0,0.0,1,1,0,0,1,0,0,WT,WT,WT
TGACCTATCATAATGG,IDH2_Mut2,2.0,2.0,0.0,2.0,1,2.0,2.0,0.0,2.0,1,0.0,0.0,0.0,0.0,1,0.0,0.0,0.0,0.0,1,0.0,0.0,0.0,0.0,1,0.0,0.0,0.0,0.0,1,1,0,0,1,0,0,WT,WT,WT
TGGTTTGTCAGGCATG,IDH2_Mut2,0.0,0.0,0.0,0.0,1,0.0,0.0,0.0,0.0,1,1.0,1.0,0.0,1.0,1,1.0,1.0,0.0,1.0,1,0.0,0.0,0.0,0.0,1,0.0,0.0,0.0,0.0,1,0,1,0,0,1,0,MUT,MUT,MUT
TGTAACTTCACCAGCT,IDH2_Mut2,2.0,2.0,0.0,2.0,1,2.0,2.0,0.0,2.0,1,0.0,0.0,0.0,0.0,1,0.0,0.0,0.0,0.0,1,0.0,0.0,0.0,0.0,1,0.0,0.0,0.0,0.0,1,1,0,0,1,0,0,WT,WT,WT
TGTGTGACAAGCTAAT,IDH2_Mut2,5.0,5.0,0.0,5.0,1,5.0,5.0,0.0,5.0,1,0.0,0.0,0.0,0.0,1,0.0,0.0,0.0,0.0,1,0.0,0.0,0.0,0.0,1,0.0,0.0,0.0,0.0,1,1,0,0,1,0,0,WT,WT,WT
TGTTGAGCAGAAAGGT,IDH2_Mut2,3.0,3.0,0.0,3.0,1,3.0,3.0,0.0,3.0,1,0.0,0.0,0.0,0.0,1,0.0,0.0,0.0,0.0,1,0.0,0.0,0.0,0.0,1,0.0,0.0,0.0,0.0,1,1,0,0,1,0,0,WT,WT,WT
TTCGAACGTATGGTAG,IDH2_Mut2,4.0,4.0,0.0,4.0,1,4.0,4.0,0.0,4.0,1,0.0,0.0,0.0,0.0,1,0.0,0.0,0.0,0.0,1,0.0,0.0,0.0,0.0,1,0.0,0.0,0.0,0.0,1,1,0,0,1,0,0,WT,WT,WT
TTTGCTGAGATAGCTA,IDH2_Mut2,0.0,0.0,0.0,0.0,1,0.0,0.0,0.0,0.0,1,2.0,2.0,0.0,2.0,1,2.0,2.0,0.0,2.0,1,0.0,0.0,0.0,0.0,1,0.0,0.0,0.0,0.0,1,0,1,0,0,1,0,MUT,MUT,MUT
TTTGCTGAGGTAACTA,IDH2_Mut2,0.0,0.0,0.0,0.0,1,0.0,0.0,0.0,0.0,1,4.0,4.0,0.0,4.0,1,4.0,4.0,0.0,4.0,1,0.0,0.0,0.0,0.0,1,0.0,0.0,0.0,0.0,1,0,1,0,0,1,0,MUT,MUT,MUT
AAAGCATGTACTTAGC,NOTCH1,1.0,1.0,0.0,1.0,1,1.0,1.0,0.0,1.0,1,0.0,0.0,0.0,0.0,1,0.0,0.0,0.0,0.0,1,0.0,0.0,0.0,0.0,1,0.0,0.0,0.0,0.0,1,1,0,0,1,0,0,WT,WT,WT
AAAGGCTTCACCAGCT,NOTCH1,5.0,5.0,2.449489742783178,15.0,3,5.0,5.0,2.449489742783178,15.0,3,0.0,0.0,0.0,0.0,3,0.0,0.0,0.0,0.0,3,0.0,0.0,0.0,0.0,3,0.0,0.0,0.0,0.0,3,3,0,0,3,0,0,WT,WT,WT
AAAGTAGCATGGCTAA,NOTCH1,8.0,8.0,0.0,8.0,1,8.0,8.0,0.0,8.0,1,0.0,0.0,0.0,0.0,1,0.0,0.0,0.0,0.0,1,0.0,0.0,0.0,0.0,1,0.0,0.0,0.0,0.0,1,1,0,0,1,0,0,WT,WT,WT
AAAGTCATCTTTGGTG,NOTCH1,0.0,0.0,0.0,0.0,1,0.0,0.0,0.0,0.0,1,2.0,2.0,0.0,2.0,1,2.0,2.0,0.0,2.0,1,0.0,0.0,0.0,0.0,1,0.0,0.0,0.0,0.0,1,0,1,0,0,1,0,MUT,MUT,MUT
AAAGTGCTCTAATGAG,NOTCH1,2.0,2.0,2.0,4.0,2,2.0,2.0,2.0,4.0,2,0.5,0.5,0.5,1.0,2,0.5,0.5,0.5,1.0,2,0.0,0.0,0.0,0.0,2,0.0,0.0,0.0,0.0,2,1,1,0,1,1,0,MUT,MUT,MUT
AAATCACCATGTTTCA,NOTCH1,0.0,0.0,0.0,0.0,1,0.0,0.0,0.0,0.0,1,2.0,2.0,0.0,2.0,1,2.0,2.0,0.0,2.0,1,0.0,0.0,0.0,0.0,1,0.0,0.0,0.0,0.0,1,0,1,0,0,1,0,MUT,MUT,MUT
AAATCCTTCCGCAATC,NOTCH1,2.0,2.0,0.0,2.0,1,2.0,2.0,0.0,2.0,1,0.0,0.0,0.0,0.0,1,0.0,0.0,0.0,0.0,1,0.0,0.0,0.0,0.0,1,0.0,0.0,0.0,0.0,1,1,0,0,1,0,0,WT,WT,WT
AAATGGTGTAGCGGAT,NOTCH1,3.0,3.0,0.0,3.0,1,3.0,3.0,0.0,3.0,1,0.0,0.0,0.0,0.0,1,0.0,0.0,0.0,0.0,1,0.0,0.0,0.0,0.0,1,0.0,0.0,0.0,0.0,1,1,0,0,1,0,0,WT,WT,WT
AACGGCTCAAACCCAA,NOTCH1,1.0,1.0,0.0,1.0,1,1.0,1.0,0.0,1.0,1,0.0,0.0,0.0,0.0,1,0.0,0.0,0.0,0.0,1,0.0,0.0,0.0,0.0,1,0.0,0.0,0.0,0.0,1,1,0,0,1,0,0,WT,WT,WT
AACGGCTCAAAGCCTA,NOTCH1,0.0,0.0,0.0,0.0,2,0.0,0.0,0.0,0.0,2,3.0,3.0,2.0,6.0,2,3.0,3.0,2.0,6.0,2,0.0,0.0,0.0,0.0,2,0.0,0.0,0.0,0.0,2,0,2,0,0,2,0,MUT,MUT,MUT
AACGTTAAGCTTGAAA,NOTCH1,0.8,0.0,0.9797958971132713,4.0,5,0.8,0.0,0.9797958971132713,4.0,5,2.2,2.0,2.227105745132009,11.0,5,2.2,2.0,2.227105745132009,11.0,5,0.0,0.0,0.0,0.0,5,0.0,0.0,0.0,0.0,5,2,3,0,2,3,0,MUT,MUT,MUT
AACGTTAAGGTGAGAA,NOTCH1,3.0,3.0,0.0,3.0,1,3.0,3.0,0.0,3.0,1,0.0,0.0,0.0,0.0,1,0.0,0.0,0.0,0.0,1,0.0,0.0,0.0,0.0,1,0.0,0.0,0.0,0.0,1,1,0,0,1,0,0,WT,WT,WT
AACGTTAAGTTTGCAT,NOTCH1,1.0,1.0,0.0,1.0,1,1.0,1.0,0.0,1.0,1,0.0,0.0,0.0,0.0,1,0.0,0.0,0.0,0.0,1,0.0,0.0,0.0,0.0,1,0.0,0.0,0.0,0.0,1,1,0,0,1,0,0,WT,WT,WT
AACGTTCGTGATAAAC,NOTCH1,0.0,0.0,0.0,0.0,1,0.0,0.0,0.0,0.0,1,3.0,3.0,0.0,3.0,1,3.0,3.0,0.0,3.0,1,0.0,0.0,0.0,0.0,1,0.0,0.0,0.0,0.0,1,0,1,0,0,1,0,MUT,MUT,MUT
AACTAACCACGGTTCC,NOTCH1,4.0,4.0,0.0,4.0,1,4.0,4.0,0.0,4.0,1,0.0,0.0,0.0,0.0,1,0.0,0.0,0.0,0.0,1,0.0,0.0,0.0,0.0,1,0.0,0.0,0.0,0.0,1,1,0,0,1,0,0,WT,WT,WT
AACTAAGTCGTGATGG,NOTCH1,1.0,1.0,0.0,1.0,1,1.0,1.0,0.0,1.0,1,0.0,0.0,0.0,0.0,1,0.0,0.0,0.0,0.0,1,0.0,0.0,0.0,0.0,1,0.0,0.0,0.0,0.0,1,1,0,0,1,0,0,WT,WT,WT
AACTGGCCATAGCCTT,NOTCH1,0.0,0.0,0.0,0.0,1,0.0,0.0,0.0,0.0,1,3.0,3.0,0.0,3.0,1,3.0,3.0,0.0,3.0,1,0.0,0.0,0.0,0.0,1,0.0,0.0,0.0,0.0,1,0,1,0,0,1,0,MUT,MUT,MUT
AAGAATCGTTCCAGCA,NOTCH1,4.0,4.0,0.0,4.0,1,4.0,4.0,0.0,4.0,1,0.0,0.0,0.0,0.0,1,0.0,0.0,0.0,0.0,1,0.0,0.0,0.0,0.0,1,0.0,0.0,0.0,0.0,1,1,0,0,1,0,0,WT,WT,WT
AAGAATCGTTGCCTGA,NOTCH1,0.0,0.0,0.0,0.0,1,0.0,0.0,0.0,0.0,1,1.0,1.0,0.0,1.0,1,1.0,1.0,0.0,1.0,1,0.0,0.0,0.0,0.0,1,0.0,0.0,0.0,0.0,1,0,1,0,0,1,0,MUT,MUT,MUT
AAGCCTCTCAGGTAGT,NOTCH1,0.0,0.0,0.0,0.0,1,0.0,0.0,0.0,0.0,1,10.0,10.0,0.0,10.0,1,10.0,10.0,0.0,10.0,1,0.0,0.0,0.0,0.0,1,0.0,0.0,0.0,0.0,1,0,1,0,0,1,0,MUT,MUT,MUT
AAGCCTGAGATAATCG,NOTCH1,0.0,0.0,0.0,0.0,1,0.0,0.0,0.0,0.0,1,1.0,1.0,0.0,1.0,1,1.0,1.0,0.0,1.0,1,0.0,0.0,0.0,0.0,1,0.0,0.0,0.0,0.0,1,0,1,0,0,1,0,MUT,MUT,MUT
AAGGTTGGTTATGTGC,NOTCH1,2.0,2.0,0.0,2.0,1,2.0,2.0,0.0,2.0,1,0.0,0.0,0.0,0.0,1,0.0,0.0,0.0,0.0,1,0.0,0.0,0.0,0.0,1,0.0,0.0,0.0,0.0,1,1,0,0,1,0,0,WT,WT,WT
AAGTGAACAAGCTAAT,NOTCH1,3.5,3.5,0.5,7.0,2,3.5,3.5,0.5,7.0,2,0.0,0.0,0.0,0.0,2,0.0,0.0,0.0,0.0,2,0.0,0.0,0.0,0.0,2,0.0,0.0,0.0,0.0,2,2,0,0,2,0,0,WT,WT,WT
AATCCAAAGAGCAACT,NOTCH1,1.0,1.0,0.0,1.0,1,1.0,1.0,0.0,1.0,1,0.0,0.0,0.0,0.0,1,0.0,0.0,0.0,0.0,1,0.0,0.0,0.0,0.0,1,0.0,0.0,0.0,0.0,1,1,0,0,1,0,0,WT,WT,WT
AATGACCAGTTACCTG,NOTCH1,3.5555555555555554,4.0,2.0608041101101566,32.0,9,3.6666666666666665,4.0,2.260776661041756,33.0,9,1.4444444444444444,0.0,4.085505846855608,13.0,9,1.4444444444444444,0.0,4.085505846855608,13.0,9,0.1111111111111111,0.0,0.31426968052735443,1.0,9,0.0,0.0,0.0,0.0,9,8,1,0,8,1,0,MUT,MUT,MUT
AATGCGCCAATACTGG,NOTCH1,7.0,7.0,0.0,7.0,1,7.0,7.0,0.0,7.0,1,0.0,0.0,0.0,0.0,1,0.0,0.0,0.0,0.0,1,0.0,0.0,0.0,0.0,1,0.0,0.0,0.0,0.0,1,1,0,0,1,0,0,WT,WT,WT
ACAATGTCAACAGCTA,NOTCH1,3.0,3.0,0.0,3.0,1,3.0,3.0,0.0,3.0,1,0.0,0.0,0.0,0.0,1,0.0,0.0,0.0,0.0,1,0.0,0.0,0.0,0.0,1,0.0,0.0,0.0,0.0,1,1,0,0,1,0,0,WT,WT,WT
ACACAAGGTATTCGAC,NOTCH1,1.6666666666666667,2.0,1.247219128924647,5.0,3,1.6666666666666667,2.0,1.247219128924647,5.0,3,1.0,0.0,1.4142135623730951,3.0,3,1.0,0.0,1.4142135623730951,3.0,3,0.0,0.0,0.0,0.0,3,0.0,0.0,0.0,0.0,3,2,1,0,2,1,0,MUT,MUT,MUT
ACACAATCACGGTAAC,NOTCH1,11.0,11.0,0.0,11.0,1,11.0,11.0,0.0,11.0,1,0.0,0.0,0.0,0.0,1,0.0,0.0,0.0,0.0,1,0.0,0.0,0.0,0.0,1,0.0,0.0,0.0,0.0,1,1,0,0,1,0,0,WT,WT,WT
ACACCGGCAGAATGAA,NOTCH1,3.6666666666666665,5.0,1.8856180831641267,11.0,3,3.6666666666666665,5.0,1.8856180831641267,11.0,3,0.0,0.0,0.0,0.0,3,0.0,0.0,0.0,0.0,3,0.0,0.0,0.0,0.0,3,0.0,0.0,0.0,0.0,3,3,0,0,3,0,0,WT,WT,WT
ACAGCACCACGCAATA,NOTCH1,7.0,6.5,5.612486080160912,28.0,4,6.75,6.5,5.261891294962297,27.0,4,0.75,0.0,1.299038105676658,3.0,4,0.75,0.0,1.299038105676658,3.0,4,0.0,0.0,0.0,0.0,4,0.25,0.0,0.4330127018922193,1.0,4,3,1,0,3,1,0,MUT,MUT,MUT
ACAGCCGCATTGTGAG,NOTCH1,0.0,0.0,0.0,0.0,1,0.0,0.0,0.0,0.0,1,2.0,2.0,0.0,2.0,1,2.0,2.0,0.0,2.0,1,0.0,0.0,0.0,0.0,1,0.0,0.0,0.0,0.0,1,0,1,0,0,1,0,MUT,MUT,MUT
ACAGTTGCACCAACAA,NOTCH1,2.0,2.0,2.0,4.0,2,2.0,2.0,2.0,4.0,2,0.5,0.5,0.5,1.0,2,0.5,0.5,0.5,1.0,2,0.0,0.0,0.0,0.0,2,0.0,0.0,0.0,0.0,2,1,1,0,1,1,0,MUT,MUT,MUT
ACCAATAAGGACACGC,NOTCH1,4.0,4.0,0.0,4.0,1,4.0,4.0,0.0,4.0,1,0.0,0.0,0.0,0.0,1,0.0,0.0,0.0,0.0,1,0.0,0.0,0.0,0.0,1,0.0,0.0,0.0,0.0,1,1,0,0,1,0,0,WT,WT,WT
ACGGATAGTTAATTCG,NOTCH1,0.0,0.0,0.0,0.0,1,0.0,0.0,0.0,0.0,1,2.0,2.0,0.0,2.0,1,2.0,2.0,0.0,2.0,1,0.0,0.0,0.0,0.0,1,0.0,0.0,0.0,0.0,1,0,1,0,0,1,0,MUT,MUT,MUT
ACTCACTCATGAGGGA,NOTCH1,3.0,3.0,0.0,3.0,1,3.0,3.0,0.0,3.0,1,0.0,0.0,0.0,0.0,1,0.0,0.0,0.0,0.0,1,0.0,0.0,0.0,0.0,1,0.0,0.0,0.0,0.0,1,1,0,0,1,0,0,WT,WT,WT
ACTCGCCCATGAAGCC,NOTCH1,4.0,4.0,0.0,4.0,1,4.0,4.0,0.0,4.0,1,0.0,0.0,0.0,0.0,1,0.0,0.0,0.0,0.0,1,0.0,0.0,0.0,0.0,1,0.0,0.0,0.0,0.0,1,1,0,0,1,0,0,WT,WT,WT
ACTGGGTCAACCTTGT,NOTCH1,2.0,2.0,0.0,2.0,1,2.0,2.0,0.0,2.0,1,0.0,0.0,0.0,0.0,1,0.0,0.0,0.0,0.0,1,0.0,0.0,0.0,0.0,1,0.0,0.0,0.0,0.0,1,1,0,0,1,0,0,WT,WT,WT
ACTTATGGTGCATTAC,NOTCH1,1.0,1.0,0.0,1.0,1,1.0,1.0,0.0,1.0,1,0.0,0.0,0.0,0.0,1,0.0,0.0,0.0,0.0,1,0.0,0.0,0.0,0.0,1,0.0,0.0,0.0,0.0,1,1,0,0,1,0,0,WT,WT,WT
AGAAATGCACTAGTCT,NOTCH1,3.0,3.0,0.0,3.0,1,3.0,3.0,0.0,3.0,1,0.0,0.0,0.0,0.0,1,0.0,0.0,0.0,0.0,1,0.0,0.0,0.0,0.0,1,0.0,0.0,0.0,0.0,1,1,0,0,1,0,0,WT,WT,WT
AGAAGGTCAGGAGCAA,NOTCH1,0.0,0.0,0.0,0.0,1,0.0,0.0,0.0,0.0,1,1.0,1.0,0.0,1.0,1,1.0,1.0,0.0,1.0,1,0.0,0.0,0.0,0.0,1,0.0,0.0,0.0,0.0,1,0,1,0,0,1,0,MUT,MUT,MUT
AGACAAACAAAGGGAT,NOTCH1,0.0,0.0,0.0,0.0,1,0.0,0.0,0.0,0.0,1,2.0,2.0,0.0,2.0,1,2.0,2.0,0.0,2.0,1,0.0,0.0,0.0,0.0,1,0.0,0.0,0.0,0.0,1,0,1,0,0,1,0,MUT,MUT,MUT
AGACTCCTCGATTGAA,NOTCH1,0.0,0.0,0.0,0.0,1,0.0,0.0,0.0,0.0,1,2.0,2.0,0.0,2.0,1,2.0,2.0,0.0,2.0,1,0.0,0.0,0.0,0.0,1,0.0,0.0,0.0,0.0,1,0,1,0,0,1,0,MUT,MUT,MUT
AGATTAGTCAGTAGCG,NOTCH1,0.0,0.0,0.0,0.0,1,0.0,0.0,0.0,0.0,1,2.0,2.0,0.0,2.0,1,2.0,2.0,0.0,2.0,1,0.0,0.0,0.0,0.0,1,0.0,0.0,0.0,0.0,1,0,1,0,0,1,0,MUT,MUT,MUT
AGCAGCCAGCTCGACT,NOTCH1,2.0,2.0,0.0,2.0,1,2.0,2.0,0.0,2.0,1,0.0,0.0,0.0,0.0,1,0.0,0.0,0.0,0.0,1,0.0,0.0,0.0,0.0,1,0.0,0.0,0.0,0.0,1,1,0,0,1,0,0,WT,WT,WT
AGCAGGCTCCAATGAA,NOTCH1,3.3333333333333335,3.0,1.247219128924647,10.0,3,3.3333333333333335,3.0,1.247219128924647,10.0,3,1.6666666666666667,0.0,2.357022603955158,5.0,3,1.6666666666666667,0.0,2.357022603955158,5.0,3,0.0,0.0,0.0,0.0,3,0.0,0.0,0.0,0.0,3,2,0,1,2,0,1,WT,WT,WT
AGCCCTGTCTAATTGC,NOTCH1,1.0,1.0,0.0,1.0,1,1.0,1.0,0.0,1.0,1,0.0,0.0,0.0,0.0,1,0.0,0.0,0.0,0.0,1,0.0,0.0,0.0,0.0,1,0.0,0.0,0.0,0.0,1,1,0,0,1,0,0,WT,WT,WT
AGCGAACGTTGAGGAC,NOTCH1,1.0,1.0,0.0,1.0,1,1.0,1.0,0.0,1.0,1,0.0,0.0,0.0,0.0,1,0.0,0.0,0.0,0.0,1,0.0,0.0,0.0,0.0,1,0.0,0.0,0.0,0.0,1,1,0,0,1,0,0,WT,WT,WT
AGCGACTCATCAATCC,NOTCH1,6.0,6.0,0.0,6.0,1,7.0,7.0,0.0,7.0,1,0.0,0.0,0.0,0.0,1,0.0,0.0,0.0,0.0,1,1.0,1.0,0.0,1.0,1,0.0,0.0,0.0,0.0,1,1,0,0,1,0,0,WT,WT,WT
AGCGCTAAGGGAGGCA,NOTCH1,0.5,0.5,0.5,1.0,2,0.5,0.5,0.5,1.0,2,1.5,1.5,1.5,3.0,2,1.5,1.5,1.5,3.0,2,0.0,0.0,0.0,0.0,2,0.0,0.0,0.0,0.0,2,1,1,0,1,1,0,MUT,MUT,MUT
AGCGTTTGTTGGCGAG,NOTCH1,4.0,4.0,0.0,4.0,1,4.0,4.0,0.0,4.0,1,0.0,0.0,0.0,0.0,1,0.0,0.0,0.0,0.0,1,0.0,0.0,0.0,0.0,1,0.0,0.0,0.0,0.0,1,1,0,0,1,0,0,WT,WT,WT
AGCTGCAAGGTAGACT,NOTCH1,4.0,4.0,0.0,4.0,1,4.0,4.0,0.0,4.0,1,0.0,0.0,0.0,0.0,1,0.0,0.0,0.0,0.0,1,0.0,0.0,0.0,0.0,1,0.0,0.0,0.0,0.0,1,1,0,0,1,0,0,WT,WT,WT
AGGCTTTGTGTTTGTA,NOTCH1,0.0,0.0,0.0,0.0,1,0.0,0.0,0.0,0.0,1,2.0,2.0,0.0,2.0,1,2.0,2.0,0.0,2.0,1,0.0,0.0,0.0,0.0,1,0.0,0.0,0.0,0.0,1,0,1,0,0,1,0,MUT,MUT,MUT
AGGGTCCAGGTAAGCT,NOTCH1,6.0,6.0,0.0,6.0,1,6.0,6.0,0.0,6.0,1,0.0,0.0,0.0,0.0,1,0.0,0.0,0.0,0.0,1,0.0,0.0,0.0,0.0,1,0.0,0.0,0.0,0.0,1,1,0,0,1,0,0,WT,WT,WT
AGGGTTAGTCAGGGCA,NOTCH1,3.0,3.0,0.0,3.0,1,3.0,3.0,0.0,3.0,1,0.0,0.0,0.0,0.0,1,0.0,0.0,0.0,0.0,1,0.0,0.0,0.0,0.0,1,0.0,0.0,0.0,0.0,1,1,0,0,1,0,0,WT,WT,WT
AGGTGAGCAACCCTAT,NOTCH1,2.0,2.0,0.0,2.0,1,2.0,2.0,0.0,2.0,1,0.0,0.0,0.0,0.0,1,0.0,0.0,0.0,0.0,1,0.0,0.0,0.0,0.0,1,0.0,0.0,0.0,0.0,1,1,0,0,1,0,0,WT,WT,WT
AGGTGAGCATCCCTCT,NOTCH1,5.0,5.0,0.0,5.0,1,5.0,5.0,0.0,5.0,1,0.0,0.0,0.0,0.0,1,0.0,0.0,0.0,0.0,1,0.0,0.0,0.0,0.0,1,0.0,0.0,0.0,0.0,1,1,0,0,1,0,0,WT,WT,WT
AGGTGGGAGGCAATCG,NOTCH1,4.0,4.0,0.0,4.0,1,4.0,4.0,0.0,4.0,1,0.0,0.0,0.0,0.0,1,0.0,0.0,0.0,0.0,1,0.0,0.0,0.0,0.0,1,0.0,0.0,0.0,0.0,1,1,0,0,1,0,0,WT,WT,WT
AGTAAGCTCCTCCCAC,NOTCH1,0.0,0.0,0.0,0.0,1,0.0,0.0,0.0,0.0,1,1.0,1.0,0.0,1.0,1,1.0,1.0,0.0,1.0,1,0.0,0.0,0.0,0.0,1,0.0,0.0,0.0,0.0,1,0,1,0,0,1,0,MUT,MUT,MUT
AGTCACACAAGGCGTT,NOTCH1,7.5,7.5,1.5,15.0,2,7.5,7.5,1.5,15.0,2,0.0,0.0,0.0,0.0,2,0.0,0.0,0.0,0.0,2,0.0,0.0,0.0,0.0,2,0.0,0.0,0.0,0.0,2,2,0,0,2,0,0,WT,WT,WT
AGTCGTTGTAGCGGAT,NOTCH1,1.2857142857142858,0.0,1.8294640678379568,9.0,7,1.2857142857142858,0.0,1.8294640678379568,9.0,7,0.5714285714285714,1.0,0.4948716593053935,4.0,7,0.5714285714285714,1.0,0.4948716593053935,4.0,7,0.0,0.0,0.0,0.0,7,0.0,0.0,0.0,0.0,7,3,4,0,3,4,0,MUT,MUT,MUT
AGTGATCAGCGAATCG,NOTCH1,3.0,3.0,0.0,3.0,1,3.0,3.0,0.0,3.0,1,0.0,0.0,0.0,0.0,1,0.0,0.0,0.0,0.0,1,0.0,0.0,0.0,0.0,1,0.0,0.0,0.0,0.0,1,1,0,0,1,0,0,WT,WT,WT
AGTGATGGTAGCCAAA,NOTCH1,3.0,3.0,0.0,3.0,1,3.0,3.0,0.0,3.0,1,0.0,0.0,0.0,0.0,1,0.0,0.0,0.0,0.0,1,0.0,0.0,0.0,0.0,1,0.0,0.0,0.0,0.0,1,1,0,0,1,0,0,WT,WT,WT
AGTGATGGTCCTTCGT,NOTCH1,0.0,0.0,0.0,0.0,1,0.0,0.0,0.0,0.0,1,2.0,2.0,0.0,2.0,1,2.0,2.0,0.0,2.0,1,0.0,0.0,0.0,0.0,1,0.0,0.0,0.0,0.0,1,0,1,0,0,1,0,MUT,MUT,MUT
AGTGGATTCAGCACGA,NOTCH1,0.0,0.0,0.0,0.0,1,0.0,0.0,0.0,0.0,1,5.0,5.0,0.0,5.0,1,5.0,5.0,0.0,5.0,1,0.0,0.0,0.0,0.0,1,0.0,0.0,0.0,0.0,1,0,1,0,0,1,0,MUT,MUT,MUT
AGTTACGCAGTAAGTT,NOTCH1,2.0,2.0,0.0,2.0,1,2.0,2.0,0.0,2.0,1,0.0,0.0,0.0,0.0,1,0.0,0.0,0.0,0.0,1,0.0,0.0,0.0,0.0,1,0.0,0.0,0.0,0.0,1,1,0,0,1,0,0,WT,WT,WT
AGTTAGGGTGTTAGCT,NOTCH1,0.0,0.0,0.0,0.0,1,0.0,0.0,0.0,0.0,1,3.0,3.0,0.0,3.0,1,3.0,3.0,0.0,3.0,1,0.0,0.0,0.0,0.0,1,0.0,0.0,0.0,0.0,1,0,1,0,0,1,0,MUT,MUT,MUT
ATACCCGGTAATGGAT,NOTCH1,4.0,4.0,0.0,4.0,1,4.0,4.0,0.0,4.0,1,0.0,0.0,0.0,0.0,1,0.0,0.0,0.0,0.0,1,0.0,0.0,0.0,0.0,1,0.0,0.0,0.0,0.0,1,1,0,0,1,0,0,WT,WT,WT
ATACCCGGTTACCGTG,NOTCH1,5.0,5.0,2.0,10.0,2,5.0,5.0,2.0,10.0,2,0.0,0.0,0.0,0.0,2,0.0,0.0,0.0,0.0,2,0.0,0.0,0.0,0.0,2,0.0,0.0,0.0,0.0,2,2,0,0,2,0,0,WT,WT,WT
ATAGGCTAGCTTCCTT,NOTCH1,0.0,0.0,0.0,0.0,1,0.0,0.0,0.0,0.0,1,6.0,6.0,0.0,6.0,1,6.0,6.0,0.0,6.0,1,0.0,0.0,0.0,0.0,1,0.0,0.0,0.0,0.0,1,0,1,0,0,1,0,MUT,MUT,MUT
ATCAGCACAATAGAGA,NOTCH1,4.0,4.0,0.0,4.0,1,4.0,4.0,0.0,4.0,1,0.0,0.0,0.0,0.0,1,0.0,0.0,0.0,0.0,1,0.0,0.0,0.0,0.0,1,0.0,0.0,0.0,0.0,1,1,0,0,1,0,0,WT,WT,WT
ATCATCAGTGGTGCAG,NOTCH1,0.0,0.0,0.0,0.0,1,0.0,0.0,0.0,0.0,1,4.0,4.0,0.0,4.0,1,4.0,4.0,0.0,4.0,1,0.0,0.0,0.0,0.0,1,0.0,0.0,0.0,0.0,1,0,1,0,0,1,0,MUT,MUT,MUT
ATCCTTTGTTGAGCTT,NOTCH1,2.0,2.0,0.0,2.0,1,2.0,2.0,0.0,2.0,1,0.0,0.0,0.0,0.0,1,0.0,0.0,0.0,0.0,1,0.0,0.0,0.0,0.0,1,0.0,0.0,0.0,0.0,1,1,0,0,1,0,0,WT,WT,WT
ATCGTGACAACTTAGG,NOTCH1,6.0,6.0,0.0,6.0,1,6.0,6.0,0.0,6.0,1,0.0,0.0,0.0,0.0,1,0.0,0.0,0.0,0.0,1,0.0,0.0,0.0,0.0,1,0.0,0.0,0.0,0.0,1,1,0,0,1,0,0,WT,WT,WT
ATGAAAGCATCACTCG,NOTCH1,0.0,0.0,0.0,0.0,1,0.0,0.0,0.0,0.0,1,3.0,3.0,0.0,3.0,1,3.0,3.0,0.0,3.0,1,0.0,0.0,0.0,0.0,1,0.0,0.0,0.0,0.0,1,0,1,0,0,1,0,MUT,MUT,MUT
ATGAGGCGTAAACTGG,NOTCH1,5.5,5.5,0.5,11.0,2,5.5,5.5,0.5,11.0,2,0.0,0.0,0.0,0.0,2,0.0,0.0,0.0,0.0,2,0.0,0.0,0.0,0.0,2,0.0,0.0,0.0,0.0,2,2,0,0,2,0,0,WT,WT,WT
ATGCGATAGCTTCCTT,NOTCH1,13.0,13.0,0.0,13.0,1,13.0,13.0,0.0,13.0,1,0.0,0.0,0.0,0.0,1,0.0,0.0,0.0,0.0,1,0.0,0.0,0.0,0.0,1,0.0,0.0,0.0,0.0,1,1,0,0,1,0,0,WT,WT,WT
ATGGATCAGCTTTACG,NOTCH1,2.0,2.0,0.0,2.0,1,2.0,2.0,0.0,2.0,1,0.0,0.0,0.0,0.0,1,0.0,0.0,0.0,0.0,1,0.0,0.0,0.0,0.0,1,0.0,0.0,0.0,0.0,1,1,0,0,1,0,0,WT,WT,WT
ATGGGTTAGCTTGAGG,NOTCH1,7.0,7.0,0.0,7.0,1,7.0,7.0,0.0,7.0,1,0.0,0.0,0.0,0.0,1,0.0,0.0,0.0,0.0,1,0.0,0.0,0.0,0.0,1,0.0,0.0,0.0,0.0,1,1,0,0,1,0,0,WT,WT,WT
ATGTTCCCAAGTGCAC,NOTCH1,3.0,3.0,0.0,3.0,1,3.0,3.0,0.0,3.0,1,0.0,0.0,0.0,0.0,1,0.0,0.0,0.0,0.0,1,0.0,0.0,0.0,0.0,1,0.0,0.0,0.0,0.0,1,1,0,0,1,0,0,WT,WT,WT
ATGTTTGGTGTCCTTC,NOTCH1,3.0,3.0,0.0,3.0,1,3.0,3.0,0.0,3.0,1,0.0,0.0,0.0,0.0,1,0.0,0.0,0.0,0.0,1,0.0,0.0,0.0,0.0,1,0.0,0.0,0.0,0.0,1,1,0,0,1,0,0,WT,WT,WT
ATTTGGTTCATAATGG,NOTCH1,0.0,0.0,0.0,0.0,1,0.0,0.0,0.0,0.0,1,2.0,2.0,0.0,2.0,1,2.0,2.0,0.0,2.0,1,0.0,0.0,0.0,0.0,1,0.0,0.0,0.0,0.0,1,0,1,0,0,1,0,MUT,MUT,MUT
ATTTGTCAGGGCGGAA,NOTCH1,1.0,1.0,0.0,1.0,1,1.0,1.0,0.0,1.0,1,0.0,0.0,0.0,0.0,1,0.0,0.0,0.0,0.0,1,0.0,0.0,0.0,0.0,1,0.0,0.0,0.0,0.0,1,1,0,0,1,0,0,WT,WT,WT
CAAGACTAGCAATCCC,NOTCH1,0.0,0.0,0.0,0.0,1,0.0,0.0,0.0,0.0,1,3.0,3.0,0.0,3.0,1,3.0,3.0,0.0,3.0,1,0.0,0.0,0.0,0.0,1,0.0,0.0,0.0,0.0,1,0,1,0,0,1,0,MUT,MUT,MUT
CAAGGCCAGGAACCTG,NOTCH1,0.0,0.0,0.0,0.0,1,0.0,0.0,0.0,0.0,1,8.0,8.0,0.0,8.0,1,8.0,8.0,0.0,8.0,1,0.0,0.0,0.0,0.0,1,0.0,0.0,0.0,0.0,1,0,1,0,0,1,0,MUT,MUT,MUT
CAATAAGTCCATAAAG,NOTCH1,11.0,11.0,0.0,11.0,1,11.0,11.0,0.0,11.0,1,0.0,0.0,0.0,0.0,1,0.0,0.0,0.0,0.0,1,0.0,0.0,0.0,0.0,1,0.0,0.0,0.0,0.0,1,1,0,0,1,0,0,WT,WT,WT
CAATACTTCATTGAGA,NOTCH1,4.0,4.0,0.0,4.0,1,4.0,4.0,0.0,4.0,1,0.0,0.0,0.0,0.0,1,0.0,0.0,0.0,0.0,1,0.0,0.0,0.0,0.0,1,0.0,0.0,0.0,0.0,1,1,0,0,1,0,0,WT,WT,WT
CAATAGTCAGGTATAT,NOTCH1,0.0,0.0,0.0,0.0,1,0.0,0.0,0.0,0.0,1,1.0,1.0,0.0,1.0,1,1.0,1.0,0.0,1.0,1,0.0,0.0,0.0,0.0,1,0.0,0.0,0.0,0.0,1,0,1,0,0,1,0,MUT,MUT,MUT
CAATCGCTCATCAGCC,NOTCH1,17.0,17.0,0.0,17.0,1,17.0,17.0,0.0,17.0,1,0.0,0.0,0.0,0.0,1,0.0,0.0,0.0,0.0,1,0.0,0.0,0.0,0.0,1,0.0,0.0,0.0,0.0,1,1,0,0,1,0,0,WT,WT,WT
CAATCGCTCATCCCAA,NOTCH1,2.0,2.0,0.0,2.0,1,2.0,2.0,0.0,2.0,1,0.0,0.0,0.0,0.0,1,0.0,0.0,0.0,0.0,1,0.0,0.0,0.0,0.0,1,0.0,0.0,0.0,0.0,1,1,0,0,1,0,0,WT,WT,WT
CACATAAAGCTGATGG,NOTCH1,3.0,3.0,0.0,3.0,1,3.0,3.0,0.0,3.0,1,0.0,0.0,0.0,0.0,1,0.0,0.0,0.0,0.0,1,0.0,0.0,0.0,0.0,1,0.0,0.0,0.0,0.0,1,1,0,0,1,0,0,WT,WT,WT
CACCCATAGCTAAACA,NOTCH1,4.0,4.0,0.0,4.0,1,4.0,4.0,0.0,4.0,1,0.0,0.0,0.0,0.0,1,0.0,0.0,0.0,0.0,1,0.0,0.0,0.0,0.0,1,0.0,0.0,0.0,0.0,1,1,0,0,1,0,0,WT,WT,WT
CACCTGGTCAGGTAAC,NOTCH1,3.0,3.0,0.0,3.0,1,3.0,3.0,0.0,3.0,1,0.0,0.0,0.0,0.0,1,0.0,0.0,0.0,0.0,1,0.0,0.0,0.0,0.0,1,0.0,0.0,0.0,0.0,1,1,0,0,1,0,0,WT,WT,WT
CACGCATTCAAGTTAG,NOTCH1,0.5,0.5,0.5,1.0,2,0.5,0.5,0.5,1.0,2,3.0,3.0,3.0,6.0,2,3.0,3.0,3.0,6.0,2,0.0,0.0,0.0,0.0,2,0.0,0.0,0.0,0.0,2,1,1,0,1,1,0,MUT,MUT,MUT
CACTAACGTAATCCTA,NOTCH1,4.0,5.0,2.943920288775949,12.0,3,4.0,5.0,2.943920288775949,12.0,3,1.0,0.0,1.4142135623730951,3.0,3,1.0,0.0,1.4142135623730951,3.0,3,0.0,0.0,0.0,0.0,3,0.0,0.0,0.0,0.0,3,2,1,0,2,1,0,MUT,MUT,MUT
CACTCCCTCACTGTCA,NOTCH1,2.0,2.0,1.632993161855452,6.0,3,2.0,2.0,1.632993161855452,6.0,3,2.0,0.0,2.8284271247461903,6.0,3,2.0,0.0,2.8284271247461903,6.0,3,0.0,0.0,0.0,0.0,3,0.0,0.0,0.0,0.0,3,2,1,0,2,1,0,MUT,MUT,MUT
CACTGTCAGTCAACTT,NOTCH1,8.0,8.0,0.0,8.0,1,8.0,8.0,0.0,8.0,1,0.0,0.0,0.0,0.0,1,0.0,0.0,0.0,0.0,1,0.0,0.0,0.0,0.0,1,0.0,0.0,0.0,0.0,1,1,0,0,1,0,0,WT,WT,WT
CACTTGATCATGAATG,NOTCH1,2.25,1.5,2.277608394786075,9.0,4,2.25,1.5,2.277608394786075,9.0,4,1.0,0.0,1.7320508075688772,4.0,4,1.0,0.0,1.7320508075688772,4.0,4,0.0,0.0,0.0,0.0,4,0.0,0.0,0.0,0.0,4,3,1,0,3,1,0,MUT,MUT,MUT
CACTTGATCCTGAGGA,NOTCH1,2.5,2.0,0.8660254037844386,10.0,4,2.5,2.0,0.8660254037844386,10.0,4,0.0,0.0,0.0,0.0,4,0.0,0.0,0.0,0.0,4,0.0,0.0,0.0,0.0,4,0.0,0.0,0.0,0.0,4,4,0,0,4,0,0,WT,WT,WT
CACTTTACAACCTCGC,NOTCH1,0.0,0.0,0.0,0.0,2,0.0,0.0,0.0,0.0,2,2.0,2.0,0.0,4.0,2,2.0,2.0,0.0,4.0,2,0.0,0.0,0.0,0.0,2,0.0,0.0,0.0,0.0,2,0,2,0,0,2,0,MUT,MUT,MUT
CAGCTAGAGGATGGTT,NOTCH1,0.0,0.0,0.0,0.0,1,0.0,0.0,0.0,0.0,1,2.0,2.0,0.0,2.0,1,2.0,2.0,0.0,2.0,1,0.0,0.0,0.0,0.0,1,0.0,0.0,0.0,0.0,1,0,1,0,0,1,0,MUT,MUT,MUT
CAGCTGGCAACTAAGT,NOTCH1,8.0,8.0,0.0,8.0,1,8.0,8.0,0.0,8.0,1,0.0,0.0,0.0,0.0,1,0.0,0.0,0.0,0.0,1,0.0,0.0,0.0,0.0,1,0.0,0.0,0.0,0.0,1,1,0,0,1,0,0,WT,WT,WT
CAGGTCAAGCTAGCCT,NOTCH1,1.0,1.0,0.0,1.0,1,1.0,1.0,0.0,1.0,1,0.0,0.0,0.0,0.0,1,0.0,0.0,0.0,0.0,1,0.0,0.0,0.0,0.0,1,0.0,0.0,0.0,0.0,1,1,0,0,1,0,0,WT,WT,WT
CATAAACCAGGCTATA,NOTCH1,2.0,2.0,0.0,2.0,1,2.0,2.0,0.0,2.0,1,0.0,0.0,0.0,0.0,1,0.0,0.0,0.0,0.0,1,0.0,0.0,0.0,0.0,1,0.0,0.0,0.0,0.0,1,1,0,0,1,0,0,WT,WT,WT
CATACCGGTTGGGTTT,NOTCH1,3.0,3.0,0.0,3.0,1,3.0,3.0,0.0,3.0,1,0.0,0.0,0.0,0.0,1,0.0,0.0,0.0,0.0,1,0.0,0.0,0.0,0.0,1,0.0,0.0,0.0,0.0,1,1,0,0,1,0,0,WT,WT,WT
CATAGCGAGGAGGCCT,NOTCH1,0.0,0.0,0.0,0.0,1,0.0,0.0,0.0,0.0,1,2.0,2.0,0.0,2.0,1,2.0,2.0,0.0,2.0,1,0.0,0.0,0.0,0.0,1,0.0,0.0,0.0,0.0,1,0,1,0,0,1,0,MUT,MUT,MUT
CATCAATTCGATTATC,NOTCH1,2.0,2.0,0.0,2.0,1,2.0,2.0,0.0,2.0,1,0.0,0.0,0.0,0.0,1,0.0,0.0,0.0,0.0,1,0.0,0.0,0.0,0.0,1,0.0,0.0,0.0,0.0,1,1,0,0,1,0,0,WT,WT,WT
CATCCTTTCCTTGTTC,NOTCH1,2.0,2.0,0.0,2.0,1,2.0,2.0,0.0,2.0,1,0.0,0.0,0.0,0.0,1,0.0,0.0,0.0,0.0,1,0.0,0.0,0.0,0.0,1,0.0,0.0,0.0,0.0,1,1,0,0,1,0,0,WT,WT,WT
CATCCTTTCGGCTAAG,NOTCH1,1.0,1.0,0.0,1.0,1,1.0,1.0,0.0,1.0,1,0.0,0.0,0.0,0.0,1,0.0,0.0,0.0,0.0,1,0.0,0.0,0.0,0.0,1,0.0,0.0,0.0,0.0,1,1,0,0,1,0,0,WT,WT,WT
CATGCTGGTCAGGATA,NOTCH1,0.0,0.0,0.0,0.0,1,0.0,0.0,0.0,0.0,1,8.0,8.0,0.0,8.0,1,8.0,8.0,0.0,8.0,1,0.0,0.0,0.0,0.0,1,0.0,0.0,0.0,0.0,1,0,1,0,0,1,0,MUT,MUT,MUT
CATTCCTTCCGGATAG,NOTCH1,0.0,0.0,0.0,0.0,1,0.0,0.0,0.0,0.0,1,5.0,5.0,0.0,5.0,1,5.0,5.0,0.0,5.0,1,0.0,0.0,0.0,0.0,1,0.0,0.0,0.0,0.0,1,0,1,0,0,1,0,MUT,MUT,MUT
CATTGAAAGGTCAAAC,NOTCH1,0.0,0.0,0.0,0.0,1,0.0,0.0,0.0,0.0,1,2.0,2.0,0.0,2.0,1,2.0,2.0,0.0,2.0,1,0.0,0.0,0.0,0.0,1,0.0,0.0,0.0,0.0,1,0,1,0,0,1,0,MUT,MUT,MUT
CATTTCGAGTTTCGCA,NOTCH1,6.0,6.0,0.0,6.0,1,6.0,6.0,0.0,6.0,1,0.0,0.0,0.0,0.0,1,0.0,0.0,0.0,0.0,1,0.0,0.0,0.0,0.0,1,0.0,0.0,0.0,0.0,1,1,0,0,1,0,0,WT,WT,WT
CCAACCGTCATTGAAG,NOTCH1,4.666666666666667,5.0,2.0548046676563256,14.0,3,4.666666666666667,5.0,2.0548046676563256,14.0,3,0.0,0.0,0.0,0.0,3,0.0,0.0,0.0,0.0,3,0.0,0.0,0.0,0.0,3,0.0,0.0,0.0,0.0,3,3,0,0,3,0,0,WT,WT,WT
CCAACCGTCGTAGTTT,NOTCH1,1.0,1.0,0.0,1.0,1,1.0,1.0,0.0,1.0,1,0.0,0.0,0.0,0.0,1,0.0,0.0,0.0,0.0,1,0.0,0.0,0.0,0.0,1,0.0,0.0,0.0,0.0,1,1,0,0,1,0,0,WT,WT,WT
CCAAGGATCATTGAAG,NOTCH1,1.0,1.0,0.0,1.0,1,1.0,1.0,0.0,1.0,1,0.0,0.0,0.0,0.0,1,0.0,0.0,0.0,0.0,1,0.0,0.0,0.0,0.0,1,0.0,0.0,0.0,0.0,1,1,0,0,1,0,0,WT,WT,WT
CCAAGTGAGTTACATC,NOTCH1,2.0,2.0,0.0,2.0,1,2.0,2.0,0.0,2.0,1,0.0,0.0,0.0,0.0,1,0.0,0.0,0.0,0.0,1,0.0,0.0,0.0,0.0,1,0.0,0.0,0.0,0.0,1,1,0,0,1,0,0,WT,WT,WT
CCAATTAGTGTTAGAG,NOTCH1,5.0,6.0,1.4142135623730951,15.0,3,5.0,6.0,1.4142135623730951,15.0,3,0.0,0.0,0.0,0.0,3,0.0,0.0,0.0,0.0,3,0.0,0.0,0.0,0.0,3,0.0,0.0,0.0,0.0,3,3,0,0,3,0,0,WT,WT,WT
CCACTAATCGAAGGCC,NOTCH1,0.0,0.0,0.0,0.0,3,0.0,0.0,0.0,0.0,3,2.6666666666666665,3.0,0.4714045207910317,8.0,3,2.6666666666666665,3.0,0.4714045207910317,8.0,3,0.0,0.0,0.0,0.0,3,0.0,0.0,0.0,0.0,3,0,3,0,0,3,0,MUT,MUT,MUT
CCATTAAGTCCCTCAT,NOTCH1,3.0,3.0,0.0,3.0,1,2.0,2.0,0.0,2.0,1,0.0,0.0,0.0,0.0,1,0.0,0.0,0.0,0.0,1,0.0,0.0,0.0,0.0,1,1.0,1.0,0.0,1.0,1,1,0,0,1,0,0,WT,WT,WT
CCCATAATCTATCACG,NOTCH1,0.0,0.0,0.0,0.0,1,0.0,0.0,0.0,0.0,1,1.0,1.0,0.0,1.0,1,1.0,1.0,0.0,1.0,1,0.0,0.0,0.0,0.0,1,0.0,0.0,0.0,0.0,1,0,1,0,0,1,0,MUT,MUT,MUT
CCCGCAATCAACCAAA,NOTCH1,3.0,3.0,0.0,3.0,1,3.0,3.0,0.0,3.0,1,0.0,0.0,0.0,0.0,1,0.0,0.0,0.0,0.0,1,0.0,0.0,0.0,0.0,1,0.0,0.0,0.0,0.0,1,1,0,0,1,0,0,WT,WT,WT
CCCTGAGTCAGTAGCG,NOTCH1,0.0,0.0,0.0,0.0,1,0.0,0.0,0.0,0.0,1,5.0,5.0,0.0,5.0,1,5.0,5.0,0.0,5.0,1,0.0,0.0,0.0,0.0,1,0.0,0.0,0.0,0.0,1,0,1,0,0,1,0,MUT,MUT,MUT
CCCTGATAGATAGCCG,NOTCH1,1.0,1.0,0.0,1.0,1,1.0,1.0,0.0,1.0,1,0.0,0.0,0.0,0.0,1,0.0,0.0,0.0,0.0,1,0.0,0.0,0.0,0.0,1,0.0,0.0,0.0,0.0,1,1,0,0,1,0,0,WT,WT,WT
CCCTGTGAGAAAGGCA,NOTCH1,0.0,0.0,0.0,0.0,1,0.0,0.0,0.0,0.0,1,5.0,5.0,0.0,5.0,1,5.0,5.0,0.0,5.0,1,0.0,0.0,0.0,0.0,1,0.0,0.0,0.0,0.0,1,0,1,0,0,1,0,MUT,MUT,MUT
CCCTGTGAGCGAGCTA,NOTCH1,2.0,2.0,0.0,2.0,1,2.0,2.0,0.0,2.0,1,0.0,0.0,0.0,0.0,1,0.0,0.0,0.0,0.0,1,0.0,0.0,0.0,0.0,1,0.0,0.0,0.0,0.0,1,1,0,0,1,0,0,WT,WT,WT
CCCTGTGAGCTATTAC,NOTCH1,8.333333333333334,8.0,5.312459150169743,25.0,3,8.333333333333334,8.0,5.312459150169743,25.0,3,0.0,0.0,0.0,0.0,3,0.0,0.0,0.0,0.0,3,0.0,0.0,0.0,0.0,3,0.0,0.0,0.0,0.0,3,3,0,0,3,0,0,WT,WT,WT
CCCTGTTGTTAGCGCC,NOTCH1,1.0,1.0,0.0,1.0,1,1.0,1.0,0.0,1.0,1,0.0,0.0,0.0,0.0,1,0.0,0.0,0.0,0.0,1,0.0,0.0,0.0,0.0,1,0.0,0.0,0.0,0.0,1,1,0,0,1,0,0,WT,WT,WT
CCCTTGCTCTCCATCT,NOTCH1,2.0,2.0,0.0,2.0,1,2.0,2.0,0.0,2.0,1,0.0,0.0,0.0,0.0,1,0.0,0.0,0.0,0.0,1,0.0,0.0,0.0,0.0,1,0.0,0.0,0.0,0.0,1,1,0,0,1,0,0,WT,WT,WT
CCGAAAGTCACAAGCG,NOTCH1,2.0,2.0,0.0,2.0,1,2.0,2.0,0.0,2.0,1,0.0,0.0,0.0,0.0,1,0.0,0.0,0.0,0.0,1,0.0,0.0,0.0,0.0,1,0.0,0.0,0.0,0.0,1,1,0,0,1,0,0,WT,WT,WT
CCGAAAGTCCGGACAA,NOTCH1,1.0,1.0,0.0,1.0,1,1.0,1.0,0.0,1.0,1,0.0,0.0,0.0,0.0,1,0.0,0.0,0.0,0.0,1,0.0,0.0,0.0,0.0,1,0.0,0.0,0.0,0.0,1,1,0,0,1,0,0,WT,WT,WT
CCGGTACGTATTTGTG,NOTCH1,0.0,0.0,0.0,0.0,1,0.0,0.0,0.0,0.0,1,6.0,6.0,0.0,6.0,1,6.0,6.0,0.0,6.0,1,0.0,0.0,0.0,0.0,1,0.0,0.0,0.0,0.0,1,0,1,0,0,1,0,MUT,MUT,MUT
CCTAGGTTCAACCGCT,NOTCH1,2.0,2.0,0.0,2.0,1,2.0,2.0,0.0,2.0,1,0.0,0.0,0.0,0.0,1,0.0,0.0,0.0,0.0,1,0.0,0.0,0.0,0.0,1,0.0,0.0,0.0,0.0,1,1,0,0,1,0,0,WT,WT,WT
CCTCAAATCACATTCG,NOTCH1,2.25,2.0,1.920286436967152,9.0,4,2.25,2.0,1.920286436967152,9.0,4,1.0,0.0,1.7320508075688772,4.0,4,1.0,0.0,1.7320508075688772,4.0,4,0.0,0.0,0.0,0.0,4,0.0,0.0,0.0,0.0,4,3,1,0,3,1,0,MUT,MUT,MUT
CCTCAGCCAGGATTAT,NOTCH1,0.0,0.0,0.0,0.0,1,0.0,0.0,0.0,0.0,1,1.0,1.0,0.0,1.0,1,1.0,1.0,0.0,1.0,1,0.0,0.0,0.0,0.0,1,0.0,0.0,0.0,0.0,1,0,1,0,0,1,0,MUT,MUT,MUT
CCTCCAACATCACAGA,NOTCH1,0.0,0.0,0.0,0.0,1,0.0,0.0,0.0,0.0,1,1.0,1.0,0.0,1.0,1,1.0,1.0,0.0,1.0,1,0.0,0.0,0.0,0.0,1,0.0,0.0,0.0,0.0,1,0,1,0,0,1,0,MUT,MUT,MUT
CCTTGAATCGGTAAGT,NOTCH1,0.0,0.0,0.0,0.0,1,0.0,0.0,0.0,0.0,1,3.0,3.0,0.0,3.0,1,3.0,3.0,0.0,3.0,1,0.0,0.0,0.0,0.0,1,0.0,0.0,0.0,0.0,1,0,1,0,0,1,0,MUT,MUT,MUT
CGACACAAGATATTGG,NOTCH1,4.0,4.0,0.0,4.0,1,4.0,4.0,0.0,4.0,1,0.0,0.0,0.0,0.0,1,0.0,0.0,0.0,0.0,1,0.0,0.0,0.0,0.0,1,0.0,0.0,0.0,0.0,1,1,0,0,1,0,0,WT,WT,WT
CGAGTTACAGGTCAAC,NOTCH1,2.0,2.0,0.0,2.0,1,2.0,2.0,0.0,2.0,1,0.0,0.0,0.0,0.0,1,0.0,0.0,0.0,0.0,1,0.0,0.0,0.0,0.0,1,0.0,0.0,0.0,0.0,1,1,0,0,1,0,0,WT,WT,WT
CGCAATCTCAACTTGT,NOTCH1,0.0,0.0,0.0,0.0,1,0.0,0.0,0.0,0.0,1,3.0,3.0,0.0,3.0,1,3.0,3.0,0.0,3.0,1,0.0,0.0,0.0,0.0,1,0.0,0.0,0.0,0.0,1,0,1,0,0,1,0,MUT,MUT,MUT
CGCAGGTAGTTGACCC,NOTCH1,2.3333333333333335,2.0,3.018461712712472,21.0,9,2.3333333333333335,2.0,3.018461712712472,21.0,9,3.5555555555555554,0.0,6.25586144900411,32.0,9,3.5555555555555554,0.0,6.25586144900411,32.0,9,0.0,0.0,0.0,0.0,9,0.0,0.0,0.0,0.0,9,5,4,0,5,4,0,MUT,MUT,MUT
CGCGACACATATTTCG,NOTCH1,7.0,7.0,0.0,7.0,1,7.0,7.0,0.0,7.0,1,0.0,0.0,0.0,0.0,1,0.0,0.0,0.0,0.0,1,0.0,0.0,0.0,0.0,1,0.0,0.0,0.0,0.0,1,1,0,0,1,0,0,WT,WT,WT
CGCTTTAAGAGGATAG,NOTCH1,2.0,2.0,0.0,2.0,1,2.0,2.0,0.0,2.0,1,0.0,0.0,0.0,0.0,1,0.0,0.0,0.0,0.0,1,0.0,0.0,0.0,0.0,1,0.0,0.0,0.0,0.0,1,1,0,0,1,0,0,WT,WT,WT
CGCTTTAAGCTTACAT,NOTCH1,2.0,3.0,1.4142135623730951,6.0,3,2.0,3.0,1.4142135623730951,6.0,3,0.3333333333333333,0.0,0.4714045207910317,1.0,3,0.3333333333333333,0.0,0.4714045207910317,1.0,3,0.0,0.0,0.0,0.0,3,0.0,0.0,0.0,0.0,3,2,1,0,2,1,0,MUT,MUT,MUT
CGGAACCAGGTCAAGT,NOTCH1,6.0,6.0,0.0,6.0,1,6.0,6.0,0.0,6.0,1,0.0,0.0,0.0,0.0,1,0.0,0.0,0.0,0.0,1,0.0,0.0,0.0,0.0,1,0.0,0.0,0.0,0.0,1,1,0,0,1,0,0,WT,WT,WT
CGGGATGGTAGGTTTC,NOTCH1,4.0,4.0,0.0,4.0,1,4.0,4.0,0.0,4.0,1,0.0,0.0,0.0,0.0,1,0.0,0.0,0.0,0.0,1,0.0,0.0,0.0,0.0,1,0.0,0.0,0.0,0.0,1,1,0,0,1,0,0,WT,WT,WT
CGTACGTTCTAATCGT,NOTCH1,1.0,1.0,0.0,1.0,1,1.0,1.0,0.0,1.0,1,0.0,0.0,0.0,0.0,1,0.0,0.0,0.0,0.0,1,0.0,0.0,0.0,0.0,1,0.0,0.0,0.0,0.0,1,1,0,0,1,0,0,WT,WT,WT
CGTACTTCATTTGGGA,NOTCH1,4.0,4.0,0.0,4.0,1,4.0,4.0,0.0,4.0,1,0.0,0.0,0.0,0.0,1,0.0,0.0,0.0,0.0,1,0.0,0.0,0.0,0.0,1,0.0,0.0,0.0,0.0,1,1,0,0,1,0,0,WT,WT,WT
CGTGCTTAGCTTTACG,NOTCH1,3.0,3.0,0.0,3.0,1,3.0,3.0,0.0,3.0,1,0.0,0.0,0.0,0.0,1,0.0,0.0,0.0,0.0,1,0.0,0.0,0.0,0.0,1,0.0,0.0,0.0,0.0,1,1,0,0,1,0,0,WT,WT,WT
CGTTCGTAGGTTTCCA,NOTCH1,5.5,5.5,4.5,11.0,2,5.5,5.5,4.5,11.0,2,0.0,0.0,0.0,0.0,2,0.0,0.0,0.0,0.0,2,0.0,0.0,0.0,0.0,2,0.0,0.0,0.0,0.0,2,2,0,0,2,0,0,WT,WT,WT
CGTTGTCAGGCAAGCC,NOTCH1,3.0,3.0,0.0,3.0,1,3.0,3.0,0.0,3.0,1,0.0,0.0,0.0,0.0,1,0.0,0.0,0.0,0.0,1,0.0,0.0,0.0,0.0,1,0.0,0.0,0.0,0.0,1,1,0,0,1,0,0,WT,WT,WT
CTAACCGGTGGGTGTG,NOTCH1,1.0,1.0,1.0,2.0,2,1.0,1.0,1.0,2.0,2,1.5,1.5,1.5,3.0,2,1.5,1.5,1.5,3.0,2,0.0,0.0,0.0,0.0,2,0.0,0.0,0.0,0.0,2,1,1,0,1,1,0,MUT,MUT,MUT
CTAACTAGTGCAATAG,NOTCH1,3.0,3.0,0.0,3.0,1,3.0,3.0,0.0,3.0,1,0.0,0.0,0.0,0.0,1,0.0,0.0,0.0,0.0,1,0.0,0.0,0.0,0.0,1,0.0,0.0,0.0,0.0,1,1,0,0,1,0,0,WT,WT,WT
CTAACTAGTTGCATCG,NOTCH1,3.0,3.0,0.0,3.0,1,3.0,3.0,0.0,3.0,1,0.0,0.0,0.0,0.0,1,0.0,0.0,0.0,0.0,1,0.0,0.0,0.0,0.0,1,0.0,0.0,0.0,0.0,1,1,0,0,1,0,0,WT,WT,WT
CTAAGGGTCTAATCAC,NOTCH1,2.0,2.0,0.0,2.0,1,2.0,2.0,0.0,2.0,1,0.0,0.0,0.0,0.0,1,0.0,0.0,0.0,0.0,1,0.0,0.0,0.0,0.0,1,0.0,0.0,0.0,0.0,1,1,0,0,1,0,0,WT,WT,WT
CTACATCCATGCGCCT,NOTCH1,2.0,2.0,0.0,2.0,1,2.0,2.0,0.0,2.0,1,1.0,1.0,0.0,1.0,1,1.0,1.0,0.0,1.0,1,0.0,0.0,0.0,0.0,1,0.0,0.0,0.0,0.0,1,0,0,1,0,0,1,Unprofiled,Unprofiled,Unprofiled
CTACGAACATTGCATC,NOTCH1,0.0,0.0,0.0,0.0,1,0.0,0.0,0.0,0.0,1,1.0,1.0,0.0,1.0,1,1.0,1.0,0.0,1.0,1,0.0,0.0,0.0,0.0,1,0.0,0.0,0.0,0.0,1,0,1,0,0,1,0,MUT,MUT,MUT
CTACTGATCTTGAAGA,NOTCH1,0.0,0.0,0.0,0.0,1,0.0,0.0,0.0,0.0,1,1.0,1.0,0.0,1.0,1,1.0,1.0,0.0,1.0,1,0.0,0.0,0.0,0.0,1,0.0,0.0,0.0,0.0,1,0,1,0,0,1,0,MUT,MUT,MUT
CTATGTCCAGCCAGCA,NOTCH1,2.0,2.0,0.0,2.0,1,2.0,2.0,0.0,2.0,1,0.0,0.0,0.0,0.0,1,0.0,0.0,0.0,0.0,1,0.0,0.0,0.0,0.0,1,0.0,0.0,0.0,0.0,1,1,0,0,1,0,0,WT,WT,WT
CTATGTTAGTAAGCTA,NOTCH1,4.0,4.0,0.0,4.0,1,4.0,4.0,0.0,4.0,1,0.0,0.0,0.0,0.0,1,0.0,0.0,0.0,0.0,1,0.0,0.0,0.0,0.0,1,0.0,0.0,0.0,0.0,1,1,0,0,1,0,0,WT,WT,WT
CTCAAATTCGAGGCAC,NOTCH1,0.0,0.0,0.0,0.0,2,0.0,0.0,0.0,0.0,2,2.5,2.5,0.5,5.0,2,2.5,2.5,0.5,5.0,2,0.0,0.0,0.0,0.0,2,0.0,0.0,0.0,0.0,2,0,2,0,0,2,0,MUT,MUT,MUT
CTCACCCTCAATTTGC,NOTCH1,0.0,0.0,0.0,0.0,1,0.0,0.0,0.0,0.0,1,2.0,2.0,0.0,2.0,1,2.0,2.0,0.0,2.0,1,0.0,0.0,0.0,0.0,1,0.0,0.0,0.0,0.0,1,0,1,0,0,1,0,MUT,MUT,MUT
CTCACCCTCATGGTCC,NOTCH1,1.0,1.0,0.0,1.0,1,1.0,1.0,0.0,1.0,1,0.0,0.0,0.0,0.0,1,0.0,0.0,0.0,0.0,1,0.0,0.0,0.0,0.0,1,0.0,0.0,0.0,0.0,1,1,0,0,1,0,0,WT,WT,WT
CTCATGATCGCTTGAC,NOTCH1,2.0,2.0,0.0,2.0,1,2.0,2.0,0.0,2.0,1,0.0,0.0,0.0,0.0,1,0.0,0.0,0.0,0.0,1,0.0,0.0,0.0,0.0,1,0.0,0.0,0.0,0.0,1,1,0,0,1,0,0,WT,WT,WT
CTCCTCTCACACCCAC,NOTCH1,5.0,5.0,0.0,5.0,1,5.0,5.0,0.0,5.0,1,0.0,0.0,0.0,0.0,1,0.0,0.0,0.0,0.0,1,0.0,0.0,0.0,0.0,1,0.0,0.0,0.0,0.0,1,1,0,0,1,0,0,WT,WT,WT
CTCGACCCATAGCCGG,NOTCH1,0.0,0.0,0.0,0.0,1,0.0,0.0,0.0,0.0,1,1.0,1.0,0.0,1.0,1,1.0,1.0,0.0,1.0,1,0.0,0.0,0.0,0.0,1,0.0,0.0,0.0,0.0,1,0,1,0,0,1,0,MUT,MUT,MUT
CTCGACTAGTTAGGCG,NOTCH1,3.0,3.0,0.0,3.0,1,3.0,3.0,0.0,3.0,1,0.0,0.0,0.0,0.0,1,0.0,0.0,0.0,0.0,1,0.0,0.0,0.0,0.0,1,0.0,0.0,0.0,0.0,1,1,0,0,1,0,0,WT,WT,WT
CTGAGTCTCAAGTTAG,NOTCH1,0.0,0.0,0.0,0.0,1,0.0,0.0,0.0,0.0,1,1.0,1.0,0.0,1.0,1,1.0,1.0,0.0,1.0,1,0.0,0.0,0.0,0.0,1,0.0,0.0,0.0,0.0,1,0,1,0,0,1,0,MUT,MUT,MUT
CTGCAACTCAGCGATG,NOTCH1,1.0,1.0,0.0,1.0,1,1.0,1.0,0.0,1.0,1,0.0,0.0,0.0,0.0,1,0.0,0.0,0.0,0.0,1,0.0,0.0,0.0,0.0,1,0.0,0.0,0.0,0.0,1,1,0,0,1,0,0,WT,WT,WT
CTGGCTGTCGCTTCAA,NOTCH1,0.0,0.0,0.0,0.0,1,0.0,0.0,0.0,0.0,1,2.0,2.0,0.0,2.0,1,2.0,2.0,0.0,2.0,1,0.0,0.0,0.0,0.0,1,0.0,0.0,0.0,0.0,1,0,1,0,0,1,0,MUT,MUT,MUT
CTGTTGCAGCTGGGTA,NOTCH1,1.0,1.0,0.0,1.0,1,1.0,1.0,0.0,1.0,1,0.0,0.0,0.0,0.0,1,0.0,0.0,0.0,0.0,1,0.0,0.0,0.0,0.0,1,0.0,0.0,0.0,0.0,1,1,0,0,1,0,0,WT,WT,WT
CTTAACGTCGCTATAT,NOTCH1,2.0,2.0,0.0,2.0,1,2.0,2.0,0.0,2.0,1,0.0,0.0,0.0,0.0,1,0.0,0.0,0.0,0.0,1,0.0,0.0,0.0,0.0,1,0.0,0.0,0.0,0.0,1,1,0,0,1,0,0,WT,WT,WT
CTTACCTTCACAAACA,NOTCH1,1.0,1.0,0.0,1.0,1,1.0,1.0,0.0,1.0,1,0.0,0.0,0.0,0.0,1,0.0,0.0,0.0,0.0,1,0.0,0.0,0.0,0.0,1,0.0,0.0,0.0,0.0,1,1,0,0,1,0,0,WT,WT,WT
CTTAGAAAGGCTTAGG,NOTCH1,2.0,2.0,0.0,2.0,1,2.0,2.0,0.0,2.0,1,0.0,0.0,0.0,0.0,1,0.0,0.0,0.0,0.0,1,0.0,0.0,0.0,0.0,1,0.0,0.0,0.0,0.0,1,1,0,0,1,0,0,WT,WT,WT
CTTAGCGGTGGTTAAG,NOTCH1,0.0,0.0,0.0,0.0,1,0.0,0.0,0.0,0.0,1,3.0,3.0,0.0,3.0,1,3.0,3.0,0.0,3.0,1,0.0,0.0,0.0,0.0,1,0.0,0.0,0.0,0.0,1,0,1,0,0,1,0,MUT,MUT,MUT
CTTGACTCAAGCTTTC,NOTCH1,5.0,5.0,0.0,5.0,1,5.0,5.0,0.0,5.0,1,0.0,0.0,0.0,0.0,1,0.0,0.0,0.0,0.0,1,0.0,0.0,0.0,0.0,1,0.0,0.0,0.0,0.0,1,1,0,0,1,0,0,WT,WT,WT
CTTGCGCCATGGCTAA,NOTCH1,2.0,2.0,0.0,2.0,1,2.0,2.0,0.0,2.0,1,0.0,0.0,0.0,0.0,1,0.0,0.0,0.0,0.0,1,0.0,0.0,0.0,0.0,1,0.0,0.0,0.0,0.0,1,1,0,0,1,0,0,WT,WT,WT
CTTGTGATCGCAGCAA,NOTCH1,1.0,1.0,0.0,1.0,1,1.0,1.0,0.0,1.0,1,0.0,0.0,0.0,0.0,1,0.0,0.0,0.0,0.0,1,0.0,0.0,0.0,0.0,1,0.0,0.0,0.0,0.0,1,1,0,0,1,0,0,WT,WT,WT
CTTTGGATCACAAATG,NOTCH1,1.0,1.0,0.0,1.0,1,1.0,1.0,0.0,1.0,1,0.0,0.0,0.0,0.0,1,0.0,0.0,0.0,0.0,1,0.0,0.0,0.0,0.0,1,0.0,0.0,0.0,0.0,1,1,0,0,1,0,0,WT,WT,WT
CTTTGGATCTCAGCAC,NOTCH1,1.0,1.0,0.0,1.0,1,1.0,1.0,0.0,1.0,1,0.0,0.0,0.0,0.0,1,0.0,0.0,0.0,0.0,1,0.0,0.0,0.0,0.0,1,0.0,0.0,0.0,0.0,1,1,0,0,1,0,0,WT,WT,WT
CTTTGGTCATCATGTC,NOTCH1,1.0,1.0,1.0,2.0,2,1.0,1.0,1.0,2.0,2,1.0,1.0,1.0,2.0,2,1.0,1.0,1.0,2.0,2,0.0,0.0,0.0,0.0,2,0.0,0.0,0.0,0.0,2,1,1,0,1,1,0,MUT,MUT,MUT
GAATCACAGCACGCAA,NOTCH1,1.0,1.0,0.0,1.0,1,1.0,1.0,0.0,1.0,1,0.0,0.0,0.0,0.0,1,0.0,0.0,0.0,0.0,1,0.0,0.0,0.0,0.0,1,0.0,0.0,0.0,0.0,1,1,0,0,1,0,0,WT,WT,WT
GACAGGGAGACATAGC,NOTCH1,2.0,2.0,2.0,4.0,2,2.0,2.0,2.0,4.0,2,3.0,3.0,3.0,6.0,2,3.0,3.0,3.0,6.0,2,0.0,0.0,0.0,0.0,2,0.0,0.0,0.0,0.0,2,1,1,0,1,1,0,MUT,MUT,MUT
GACCAATAGATGCCTC,NOTCH1,0.0,0.0,0.0,0.0,1,0.0,0.0,0.0,0.0,1,5.0,5.0,0.0,5.0,1,5.0,5.0,0.0,5.0,1,0.0,0.0,0.0,0.0,1,0.0,0.0,0.0,0.0,1,0,1,0,0,1,0,MUT,MUT,MUT
GACCAGGGTTGTTTAG,NOTCH1,3.0,3.0,0.0,3.0,1,3.0,3.0,0.0,3.0,1,0.0,0.0,0.0,0.0,1,0.0,0.0,0.0,0.0,1,0.0,0.0,0.0,0.0,1,0.0,0.0,0.0,0.0,1,1,0,0,1,0,0,WT,WT,WT
GACCCAAAGGATCCCT,NOTCH1,0.0,0.0,0.0,0.0,1,0.0,0.0,0.0,0.0,1,5.0,5.0,0.0,5.0,1,5.0,5.0,0.0,5.0,1,0.0,0.0,0.0,0.0,1,0.0,0.0,0.0,0.0,1,0,1,0,0,1,0,MUT,MUT,MUT
GACCTGAAGCTATTAC,NOTCH1,2.0,2.0,0.0,2.0,1,2.0,2.0,0.0,2.0,1,0.0,0.0,0.0,0.0,1,0.0,0.0,0.0,0.0,1,0.0,0.0,0.0,0.0,1,0.0,0.0,0.0,0.0,1,1,0,0,1,0,0,WT,WT,WT
GACCTTCAGGAACCAT,NOTCH1,1.0,1.0,0.0,1.0,1,1.0,1.0,0.0,1.0,1,0.0,0.0,0.0,0.0,1,0.0,0.0,0.0,0.0,1,0.0,0.0,0.0,0.0,1,0.0,0.0,0.0,0.0,1,1,0,0,1,0,0,WT,WT,WT
GACTGAGTCAACTGGG,NOTCH1,5.0,5.0,0.0,10.0,2,5.0,5.0,0.0,10.0,2,0.0,0.0,0.0,0.0,2,0.0,0.0,0.0,0.0,2,0.0,0.0,0.0,0.0,2,0.0,0.0,0.0,0.0,2,2,0,0,2,0,0,WT,WT,WT
GAGCCTTTCCAATGAA,NOTCH1,3.0,3.0,0.0,3.0,1,3.0,3.0,0.0,3.0,1,0.0,0.0,0.0,0.0,1,0.0,0.0,0.0,0.0,1,0.0,0.0,0.0,0.0,1,0.0,0.0,0.0,0.0,1,1,0,0,1,0,0,WT,WT,WT
GAGCCTTTCTCAGCTA,NOTCH1,2.0,2.0,0.0,2.0,1,2.0,2.0,0.0,2.0,1,0.0,0.0,0.0,0.0,1,0.0,0.0,0.0,0.0,1,0.0,0.0,0.0,0.0,1,0.0,0.0,0.0,0.0,1,1,0,0,1,0,0,WT,WT,WT
GAGCTAGTCTTCGCCC,NOTCH1,1.0,1.0,0.0,1.0,1,1.0,1.0,0.0,1.0,1,0.0,0.0,0.0,0.0,1,0.0,0.0,0.0,0.0,1,0.0,0.0,0.0,0.0,1,0.0,0.0,0.0,0.0,1,1,0,0,1,0,0,WT,WT,WT
GAGCTATAGTGTGATA,NOTCH1,4.0,4.0,0.0,4.0,1,4.0,4.0,0.0,4.0,1,0.0,0.0,0.0,0.0,1,0.0,0.0,0.0,0.0,1,0.0,0.0,0.0,0.0,1,0.0,0.0,0.0,0.0,1,1,0,0,1,0,0,WT,WT,WT
GAGTTACAGCTAGCCT,NOTCH1,6.5,6.5,0.5,13.0,2,6.5,6.5,0.5,13.0,2,0.0,0.0,0.0,0.0,2,0.0,0.0,0.0,0.0,2,0.0,0.0,0.0,0.0,2,0.0,0.0,0.0,0.0,2,2,0,0,2,0,0,WT,WT,WT
GATCGATAGAAACTCA,NOTCH1,0.0,0.0,0.0,0.0,1,0.0,0.0,0.0,0.0,1,1.0,1.0,0.0,1.0,1,1.0,1.0,0.0,1.0,1,0.0,0.0,0.0,0.0,1,0.0,0.0,0.0,0.0,1,0,1,0,0,1,0,MUT,MUT,MUT
GATGGAGCAAGTTGGC,NOTCH1,4.0,4.0,1.0,8.0,2,4.0,4.0,1.0,8.0,2,0.0,0.0,0.0,0.0,2,0.0,0.0,0.0,0.0,2,0.0,0.0,0.0,0.0,2,0.0,0.0,0.0,0.0,2,2,0,0,2,0,0,WT,WT,WT
GATTAACCATCAAGTG,NOTCH1,0.0,0.0,0.0,0.0,2,0.0,0.0,0.0,0.0,2,2.0,2.0,1.0,4.0,2,2.0,2.0,1.0,4.0,2,0.0,0.0,0.0,0.0,2,0.0,0.0,0.0,0.0,2,0,2,0,0,2,0,MUT,MUT,MUT
GATTCGCTCGAAGTTA,NOTCH1,6.0,6.0,0.0,6.0,1,6.0,6.0,0.0,6.0,1,0.0,0.0,0.0,0.0,1,0.0,0.0,0.0,0.0,1,0.0,0.0,0.0,0.0,1,0.0,0.0,0.0,0.0,1,1,0,0,1,0,0,WT,WT,WT
GATTGCTGTAGCCTTG,NOTCH1,4.333333333333333,6.0,3.0912061651652345,13.0,3,4.333333333333333,6.0,3.0912061651652345,13.0,3,2.3333333333333335,0.0,3.2998316455372216,7.0,3,2.3333333333333335,0.0,3.2998316455372216,7.0,3,0.0,0.0,0.0,0.0,3,0.0,0.0,0.0,0.0,3,2,1,0,2,1,0,MUT,MUT,MUT
GATTGTGCAATTGAGT,NOTCH1,2.0,2.0,0.0,4.0,2,2.0,2.0,0.0,4.0,2,0.0,0.0,0.0,0.0,2,0.0,0.0,0.0,0.0,2,0.0,0.0,0.0,0.0,2,0.0,0.0,0.0,0.0,2,2,0,0,2,0,0,WT,WT,WT
GATTGTGCATTGAGAT,NOTCH1,2.0,2.0,0.0,2.0,1,2.0,2.0,0.0,2.0,1,0.0,0.0,0.0,0.0,1,0.0,0.0,0.0,0.0,1,0.0,0.0,0.0,0.0,1,0.0,0.0,0.0,0.0,1,1,0,0,1,0,0,WT,WT,WT
GCACAACCACTAGCGG,NOTCH1,1.0,1.0,0.0,1.0,1,1.0,1.0,0.0,1.0,1,0.0,0.0,0.0,0.0,1,0.0,0.0,0.0,0.0,1,0.0,0.0,0.0,0.0,1,0.0,0.0,0.0,0.0,1,1,0,0,1,0,0,WT,WT,WT
GCACCAAAGGACTTAA,NOTCH1,6.5,6.5,5.5,13.0,2,6.5,6.5,5.5,13.0,2,0.0,0.0,0.0,0.0,2,0.0,0.0,0.0,0.0,2,0.0,0.0,0.0,0.0,2,0.0,0.0,0.0,0.0,2,2,0,0,2,0,0,WT,WT,WT
GCACTAACAGGCTAAC,NOTCH1,0.0,0.0,0.0,0.0,1,0.0,0.0,0.0,0.0,1,3.0,3.0,0.0,3.0,1,3.0,3.0,0.0,3.0,1,0.0,0.0,0.0,0.0,1,0.0,0.0,0.0,0.0,1,0,1,0,0,1,0,MUT,MUT,MUT
GCAGGCTAGGCGAGAG,NOTCH1,0.0,0.0,0.0,0.0,1,0.0,0.0,0.0,0.0,1,2.0,2.0,0.0,2.0,1,2.0,2.0,0.0,2.0,1,0.0,0.0,0.0,0.0,1,0.0,0.0,0.0,0.0,1,0,1,0,0,1,0,MUT,MUT,MUT
GCATGGATCAATGTGA,NOTCH1,1.0,1.0,0.0,1.0,1,1.0,1.0,0.0,1.0,1,0.0,0.0,0.0,0.0,1,0.0,0.0,0.0,0.0,1,0.0,0.0,0.0,0.0,1,0.0,0.0,0.0,0.0,1,1,0,0,1,0,0,WT,WT,WT
GCATTGTGTCTACCAG,NOTCH1,2.0,2.0,0.0,2.0,1,2.0,2.0,0.0,2.0,1,0.0,0.0,0.0,0.0,1,0.0,0.0,0.0,0.0,1,0.0,0.0,0.0,0.0,1,0.0,0.0,0.0,0.0,1,1,0,0,1,0,0,WT,WT,WT
GCATTTGTCATGCGTC,NOTCH1,1.0,1.0,0.0,1.0,1,1.0,1.0,0.0,1.0,1,0.0,0.0,0.0,0.0,1,0.0,0.0,0.0,0.0,1,0.0,0.0,0.0,0.0,1,0.0,0.0,0.0,0.0,1,1,0,0,1,0,0,WT,WT,WT
GCCAACAAGCTCATTG,NOTCH1,0.0,0.0,0.0,0.0,1,0.0,0.0,0.0,0.0,1,6.0,6.0,0.0,6.0,1,6.0,6.0,0.0,6.0,1,0.0,0.0,0.0,0.0,1,0.0,0.0,0.0,0.0,1,0,1,0,0,1,0,MUT,MUT,MUT
GCCAGTTTCTAACCAT,NOTCH1,1.0,1.0,0.0,1.0,1,1.0,1.0,0.0,1.0,1,0.0,0.0,0.0,0.0,1,0.0,0.0,0.0,0.0,1,0.0,0.0,0.0,0.0,1,0.0,0.0,0.0,0.0,1,1,0,0,1,0,0,WT,WT,WT
GCCCTTTGTTAAGGAT,NOTCH1,2.0,2.0,2.0,4.0,2,2.0,2.0,2.0,4.0,2,3.0,3.0,3.0,6.0,2,3.0,3.0,3.0,6.0,2,0.0,0.0,0.0,0.0,2,0.0,0.0,0.0,0.0,2,1,1,0,1,1,0,MUT,MUT,MUT
GCGAATGTCCTCAAGC,NOTCH1,0.0,0.0,0.0,0.0,1,0.0,0.0,0.0,0.0,1,2.0,2.0,0.0,2.0,1,2.0,2.0,0.0,2.0,1,0.0,0.0,0.0,0.0,1,0.0,0.0,0.0,0.0,1,0,1,0,0,1,0,MUT,MUT,MUT
GCGCTAAAGTCAAACA,NOTCH1,9.0,9.0,0.0,9.0,1,9.0,9.0,0.0,9.0,1,0.0,0.0,0.0,0.0,1,0.0,0.0,0.0,0.0,1,0.0,0.0,0.0,0.0,1,0.0,0.0,0.0,0.0,1,1,0,0,1,0,0,WT,WT,WT
GCGGATTCAAACTTGG,NOTCH1,6.5,6.5,1.5,13.0,2,6.5,6.5,1.5,13.0,2,0.0,0.0,0.0,0.0,2,0.0,0.0,0.0,0.0,2,0.0,0.0,0.0,0.0,2,0.0,0.0,0.0,0.0,2,2,0,0,2,0,0,WT,WT,WT
GCGGATTCATAAGCCA,NOTCH1,0.0,0.0,0.0,0.0,1,0.0,0.0,0.0,0.0,1,1.0,1.0,0.0,1.0,1,1.0,1.0,0.0,1.0,1,0.0,0.0,0.0,0.0,1,0.0,0.0,0.0,0.0,1,0,1,0,0,1,0,MUT,MUT,MUT
GCGTTACTCGCGTTAC,NOTCH1,3.6666666666666665,3.0,3.299831645537222,11.0,3,3.6666666666666665,3.0,3.299831645537222,11.0,3,3.3333333333333335,0.0,4.714045207910316,10.0,3,3.3333333333333335,0.0,4.714045207910316,10.0,3,0.0,0.0,0.0,0.0,3,0.0,0.0,0.0,0.0,3,2,1,0,2,1,0,MUT,MUT,MUT
GCGTTTGGTCATCAGT,NOTCH1,2.0,2.0,0.0,2.0,1,2.0,2.0,0.0,2.0,1,0.0,0.0,0.0,0.0,1,0.0,0.0,0.0,0.0,1,0.0,0.0,0.0,0.0,1,0.0,0.0,0.0,0.0,1,1,0,0,1,0,0,WT,WT,WT
GCTCCTGAGCTTGATT,NOTCH1,5.0,5.0,0.0,5.0,1,5.0,5.0,0.0,5.0,1,0.0,0.0,0.0,0.0,1,0.0,0.0,0.0,0.0,1,0.0,0.0,0.0,0.0,1,0.0,0.0,0.0,0.0,1,1,0,0,1,0,0,WT,WT,WT
GCTGCTCCATCACAGA,NOTCH1,7.0,7.0,0.0,7.0,1,7.0,7.0,0.0,7.0,1,0.0,0.0,0.0,0.0,1,0.0,0.0,0.0,0.0,1,0.0,0.0,0.0,0.0,1,0.0,0.0,0.0,0.0,1,1,0,0,1,0,0,WT,WT,WT
GCTTAGGAGGTGAGAA,NOTCH1,2.6,2.0,1.7435595774162693,13.0,5,2.6,2.0,1.7435595774162693,13.0,5,0.4,0.0,0.8,2.0,5,0.4,0.0,0.8,2.0,5,0.0,0.0,0.0,0.0,5,0.0,0.0,0.0,0.0,5,4,1,0,4,1,0,MUT,MUT,MUT
GCTTGTTCAACCTCGC,NOTCH1,0.0,0.0,0.0,0.0,1,0.0,0.0,0.0,0.0,1,10.0,10.0,0.0,10.0,1,10.0,10.0,0.0,10.0,1,0.0,0.0,0.0,0.0,1,0.0,0.0,0.0,0.0,1,0,1,0,0,1,0,MUT,MUT,MUT
GGAACCGGTTGGAGCG,NOTCH1,4.0,4.0,0.0,4.0,1,4.0,4.0,0.0,4.0,1,0.0,0.0,0.0,0.0,1,0.0,0.0,0.0,0.0,1,0.0,0.0,0.0,0.0,1,0.0,0.0,0.0,0.0,1,1,0,0,1,0,0,WT,WT,WT
GGAAGTAAGCCATTTG,NOTCH1,3.0,3.0,0.0,3.0,1,3.0,3.0,0.0,3.0,1,0.0,0.0,0.0,0.0,1,0.0,0.0,0.0,0.0,1,0.0,0.0,0.0,0.0,1,0.0,0.0,0.0,0.0,1,1,0,0,1,0,0,WT,WT,WT
GGAATAACAACTTGTC,NOTCH1,3.0,3.0,0.0,3.0,1,3.0,3.0,0.0,3.0,1,0.0,0.0,0.0,0.0,1,0.0,0.0,0.0,0.0,1,0.0,0.0,0.0,0.0,1,0.0,0.0,0.0,0.0,1,1,0,0,1,0,0,WT,WT,WT
GGAATAACACGTTACT,NOTCH1,8.0,8.0,0.0,8.0,1,8.0,8.0,0.0,8.0,1,0.0,0.0,0.0,0.0,1,0.0,0.0,0.0,0.0,1,0.0,0.0,0.0,0.0,1,0.0,0.0,0.0,0.0,1,1,0,0,1,0,0,WT,WT,WT
GGACATAGTTCATTGA,NOTCH1,1.0,1.0,0.0,1.0,1,1.0,1.0,0.0,1.0,1,0.0,0.0,0.0,0.0,1,0.0,0.0,0.0,0.0,1,0.0,0.0,0.0,0.0,1,0.0,0.0,0.0,0.0,1,1,0,0,1,0,0,WT,WT,WT
GGAGGATAGATGATTG,NOTCH1,0.0,0.0,0.0,0.0,1,0.0,0.0,0.0,0.0,1,10.0,10.0,0.0,10.0,1,10.0,10.0,0.0,10.0,1,0.0,0.0,0.0,0.0,1,0.0,0.0,0.0,0.0,1,0,1,0,0,1,0,MUT,MUT,MUT
GGAGTCATCCTTGAGC,NOTCH1,9.0,9.0,0.0,9.0,1,9.0,9.0,0.0,9.0,1,0.0,0.0,0.0,0.0,1,0.0,0.0,0.0,0.0,1,0.0,0.0,0.0,0.0,1,0.0,0.0,0.0,0.0,1,1,0,0,1,0,0,WT,WT,WT
GGATGTCCAGATAGCC,NOTCH1,3.0,3.0,0.0,3.0,1,3.0,3.0,0.0,3.0,1,0.0,0.0,0.0,0.0,1,0.0,0.0,0.0,0.0,1,0.0,0.0,0.0,0.0,1,0.0,0.0,0.0,0.0,1,1,0,0,1,0,0,WT,WT,WT
GGATTGAGTTGAGTCT,NOTCH1,0.0,0.0,0.0,0.0,1,0.0,0.0,0.0,0.0,1,5.0,5.0,0.0,5.0,1,5.0,5.0,0.0,5.0,1,0.0,0.0,0.0,0.0,1,0.0,0.0,0.0,0.0,1,0,1,0,0,1,0,MUT,MUT,MUT
GGATTGAGTTGTTGGT,NOTCH1,3.4285714285714284,5.0,2.5555062599997593,24.0,7,3.4285714285714284,5.0,2.5555062599997593,24.0,7,3.142857142857143,0.0,6.555882231762153,22.0,7,3.142857142857143,0.0,6.555882231762153,22.0,7,0.0,0.0,0.0,0.0,7,0.0,0.0,0.0,0.0,7,5,2,0,5,2,0,MUT,MUT,MUT
GGATTGCCACGGTTCC,NOTCH1,9.0,9.0,6.0,18.0,2,9.0,9.0,6.0,18.0,2,0.0,0.0,0.0,0.0,2,0.0,0.0,0.0,0.0,2,0.0,0.0,0.0,0.0,2,0.0,0.0,0.0,0.0,2,2,0,0,2,0,0,WT,WT,WT
GGCAACATCACAGATA,NOTCH1,3.0,3.0,0.0,3.0,1,3.0,3.0,0.0,3.0,1,0.0,0.0,0.0,0.0,1,0.0,0.0,0.0,0.0,1,0.0,0.0,0.0,0.0,1,0.0,0.0,0.0,0.0,1,1,0,0,1,0,0,WT,WT,WT
GGCACAATCATTGCAT,NOTCH1,11.0,11.0,0.0,11.0,1,11.0,11.0,0.0,11.0,1,0.0,0.0,0.0,0.0,1,0.0,0.0,0.0,0.0,1,0.0,0.0,0.0,0.0,1,0.0,0.0,0.0,0.0,1,1,0,0,1,0,0,WT,WT,WT
GGCAGGTTCTTGATCG,NOTCH1,2.0,2.0,0.0,2.0,1,2.0,2.0,0.0,2.0,1,0.0,0.0,0.0,0.0,1,0.0,0.0,0.0,0.0,1,0.0,0.0,0.0,0.0,1,0.0,0.0,0.0,0.0,1,1,0,0,1,0,0,WT,WT,WT
GGCCATCGTAGCTTTA,NOTCH1,0.0,0.0,0.0,0.0,1,0.0,0.0,0.0,0.0,1,2.0,2.0,0.0,2.0,1,2.0,2.0,0.0,2.0,1,0.0,0.0,0.0,0.0,1,0.0,0.0,0.0,0.0,1,0,1,0,0,1,0,MUT,MUT,MUT
GGCCATTTCGTGATGG,NOTCH1,0.0,0.0,0.0,0.0,1,0.0,0.0,0.0,0.0,1,3.0,3.0,0.0,3.0,1,3.0,3.0,0.0,3.0,1,0.0,0.0,0.0,0.0,1,0.0,0.0,0.0,0.0,1,0,1,0,0,1,0,MUT,MUT,MUT
GGCGAAACAGTTATGG,NOTCH1,7.0,7.0,0.0,7.0,1,7.0,7.0,0.0,7.0,1,0.0,0.0,0.0,0.0,1,0.0,0.0,0.0,0.0,1,0.0,0.0,0.0,0.0,1,0.0,0.0,0.0,0.0,1,1,0,0,1,0,0,WT,WT,WT
GGCGCAAGTTATGAGG,NOTCH1,0.0,0.0,0.0,0.0,1,0.0,0.0,0.0,0.0,1,6.0,6.0,0.0,6.0,1,6.0,6.0,0.0,6.0,1,0.0,0.0,0.0,0.0,1,0.0,0.0,0.0,0.0,1,0,1,0,0,1,0,MUT,MUT,MUT
GGCGTAATCGCGGAAC,NOTCH1,8.0,8.0,0.0,8.0,1,8.0,8.0,0.0,8.0,1,0.0,0.0,0.0,0.0,1,0.0,0.0,0.0,0.0,1,0.0,0.0,0.0,0.0,1,0.0,0.0,0.0,0.0,1,1,0,0,1,0,0,WT,WT,WT
GGCTAATAGCTTAGTT,NOTCH1,0.0,0.0,0.0,0.0,1,0.0,0.0,0.0,0.0,1,4.0,4.0,0.0,4.0,1,4.0,4.0,0.0,4.0,1,0.0,0.0,0.0,0.0,1,0.0,0.0,0.0,0.0,1,0,1,0,0,1,0,MUT,MUT,MUT
GGCTGAGGTATTTACG,NOTCH1,6.0,6.0,0.0,6.0,1,6.0,6.0,0.0,6.0,1,0.0,0.0,0.0,0.0,1,0.0,0.0,0.0,0.0,1,0.0,0.0,0.0,0.0,1,0.0,0.0,0.0,0.0,1,1,0,0,1,0,0,WT,WT,WT
GGCTGGTAGGTTCATT,NOTCH1,5.0,5.0,0.0,5.0,1,5.0,5.0,0.0,5.0,1,0.0,0.0,0.0,0.0,1,0.0,0.0,0.0,0.0,1,0.0,0.0,0.0,0.0,1,0.0,0.0,0.0,0.0,1,1,0,0,1,0,0,WT,WT,WT
GGGCTAATCCCAGTAC,NOTCH1,5.0,5.0,0.0,5.0,1,5.0,5.0,0.0,5.0,1,0.0,0.0,0.0,0.0,1,0.0,0.0,0.0,0.0,1,0.0,0.0,0.0,0.0,1,0.0,0.0,0.0,0.0,1,1,0,0,1,0,0,WT,WT,WT
GGGTTATAGCTTGAAA,NOTCH1,4.0,4.0,0.0,4.0,1,4.0,4.0,0.0,4.0,1,0.0,0.0,0.0,0.0,1,0.0,0.0,0.0,0.0,1,0.0,0.0,0.0,0.0,1,0.0,0.0,0.0,0.0,1,1,0,0,1,0,0,WT,WT,WT
GGTGCTGCAGGCCTCT,NOTCH1,5.0,5.0,3.0,10.0,2,5.0,5.0,3.0,10.0,2,0.0,0.0,0.0,0.0,2,0.0,0.0,0.0,0.0,2,0.0,0.0,0.0,0.0,2,0.0,0.0,0.0,0.0,2,2,0,0,2,0,0,WT,WT,WT
GGTGGATGTTAGTTTG,NOTCH1,9.0,9.0,0.0,9.0,1,9.0,9.0,0.0,9.0,1,0.0,0.0,0.0,0.0,1,0.0,0.0,0.0,0.0,1,0.0,0.0,0.0,0.0,1,0.0,0.0,0.0,0.0,1,1,0,0,1,0,0,WT,WT,WT
GGTGTGCAGGTCTTGC,NOTCH1,2.0,2.0,0.0,2.0,1,2.0,2.0,0.0,2.0,1,0.0,0.0,0.0,0.0,1,0.0,0.0,0.0,0.0,1,0.0,0.0,0.0,0.0,1,0.0,0.0,0.0,0.0,1,1,0,0,1,0,0,WT,WT,WT
GGTGTGCAGGTTCGAG,NOTCH1,8.0,8.0,0.0,8.0,1,8.0,8.0,0.0,8.0,1,0.0,0.0,0.0,0.0,1,0.0,0.0,0.0,0.0,1,0.0,0.0,0.0,0.0,1,0.0,0.0,0.0,0.0,1,1,0,0,1,0,0,WT,WT,WT
GGTGTTTGTAAGGCTA,NOTCH1,5.0,5.0,0.0,5.0,1,5.0,5.0,0.0,5.0,1,0.0,0.0,0.0,0.0,1,0.0,0.0,0.0,0.0,1,0.0,0.0,0.0,0.0,1,0.0,0.0,0.0,0.0,1,1,0,0,1,0,0,WT,WT,WT
GGTTTGACAGCTTAAG,NOTCH1,2.0,2.0,0.0,2.0,1,2.0,2.0,0.0,2.0,1,0.0,0.0,0.0,0.0,1,0.0,0.0,0.0,0.0,1,0.0,0.0,0.0,0.0,1,0.0,0.0,0.0,0.0,1,1,0,0,1,0,0,WT,WT,WT
GTAACCACACTATGGA,NOTCH1,5.0,5.0,0.0,5.0,1,5.0,5.0,0.0,5.0,1,0.0,0.0,0.0,0.0,1,0.0,0.0,0.0,0.0,1,0.0,0.0,0.0,0.0,1,0.0,0.0,0.0,0.0,1,1,0,0,1,0,0,WT,WT,WT
GTAATGGGTTAGTGCT,NOTCH1,2.0,0.0,2.8284271247461903,6.0,3,2.0,0.0,2.8284271247461903,6.0,3,1.3333333333333333,1.0,1.247219128924647,4.0,3,1.3333333333333333,1.0,1.247219128924647,4.0,3,0.0,0.0,0.0,0.0,3,0.0,0.0,0.0,0.0,3,1,2,0,1,2,0,MUT,MUT,MUT
GTATACTTCCTGAGGA,NOTCH1,1.0,1.0,0.0,1.0,1,1.0,1.0,0.0,1.0,1,0.0,0.0,0.0,0.0,1,0.0,0.0,0.0,0.0,1,0.0,0.0,0.0,0.0,1,0.0,0.0,0.0,0.0,1,1,0,0,1,0,0,WT,WT,WT
GTCAACTGTGGATGCG,NOTCH1,3.0,3.0,0.0,3.0,1,3.0,3.0,0.0,3.0,1,0.0,0.0,0.0,0.0,1,0.0,0.0,0.0,0.0,1,0.0,0.0,0.0,0.0,1,0.0,0.0,0.0,0.0,1,1,0,0,1,0,0,WT,WT,WT
GTCACTCAGTACGGGC,NOTCH1,7.0,7.0,0.0,7.0,1,7.0,7.0,0.0,7.0,1,0.0,0.0,0.0,0.0,1,0.0,0.0,0.0,0.0,1,0.0,0.0,0.0,0.0,1,0.0,0.0,0.0,0.0,1,1,0,0,1,0,0,WT,WT,WT
GTCCCTCTCACCCTGG,NOTCH1,2.0,2.0,0.0,2.0,1,2.0,2.0,0.0,2.0,1,0.0,0.0,0.0,0.0,1,0.0,0.0,0.0,0.0,1,0.0,0.0,0.0,0.0,1,0.0,0.0,0.0,0.0,1,1,0,0,1,0,0,WT,WT,WT
GTCCTCACAACAAAGA,NOTCH1,2.0,2.0,0.0,2.0,1,2.0,2.0,0.0,2.0,1,0.0,0.0,0.0,0.0,1,0.0,0.0,0.0,0.0,1,0.0,0.0,0.0,0.0,1,0.0,0.0,0.0,0.0,1,1,0,0,1,0,0,WT,WT,WT
GTGCTCAGTGACCTAT,NOTCH1,0.0,0.0,0.0,0.0,1,0.0,0.0,0.0,0.0,1,11.0,11.0,0.0,11.0,1,11.0,11.0,0.0,11.0,1,0.0,0.0,0.0,0.0,1,0.0,0.0,0.0,0.0,1,0,1,0,0,1,0,MUT,MUT,MUT
GTGTGAGTCCTGACTA,NOTCH1,0.0,0.0,0.0,0.0,1,0.0,0.0,0.0,0.0,1,2.0,2.0,0.0,2.0,1,2.0,2.0,0.0,2.0,1,0.0,0.0,0.0,0.0,1,0.0,0.0,0.0,0.0,1,0,1,0,0,1,0,MUT,MUT,MUT
GTTAGCGAGGGCGGAA,NOTCH1,4.0,4.0,0.0,4.0,1,4.0,4.0,0.0,4.0,1,0.0,0.0,0.0,0.0,1,0.0,0.0,0.0,0.0,1,0.0,0.0,0.0,0.0,1,0.0,0.0,0.0,0.0,1,1,0,0,1,0,0,WT,WT,WT
GTTCACCAGTCCTCAA,NOTCH1,2.5,2.5,2.5,5.0,2,2.5,2.5,2.5,5.0,2,0.5,0.5,0.5,1.0,2,0.5,0.5,0.5,1.0,2,0.0,0.0,0.0,0.0,2,0.0,0.0,0.0,0.0,2,1,1,0,1,1,0,MUT,MUT,MUT
GTTCCAGGTTGTGACT,NOTCH1,1.0,1.0,0.0,1.0,1,1.0,1.0,0.0,1.0,1,0.0,0.0,0.0,0.0,1,0.0,0.0,0.0,0.0,1,0.0,0.0,0.0,0.0,1,0.0,0.0,0.0,0.0,1,1,0,0,1,0,0,WT,WT,WT
GTTGCGCGTACGGGCA,NOTCH1,4.0,4.0,0.0,4.0,1,4.0,4.0,0.0,4.0,1,0.0,0.0,0.0,0.0,1,0.0,0.0,0.0,0.0,1,0.0,0.0,0.0,0.0,1,0.0,0.0,0.0,0.0,1,1,0,0,1,0,0,WT,WT,WT
GTTGCGCGTATTTACG,NOTCH1,2.0,2.0,0.0,2.0,1,2.0,2.0,0.0,2.0,1,0.0,0.0,0.0,0.0,1,0.0,0.0,0.0,0.0,1,0.0,0.0,0.0,0.0,1,0.0,0.0,0.0,0.0,1,1,0,0,1,0,0,WT,WT,WT
GTTTGTAGTTGGGTTT,NOTCH1,2.0,2.0,0.0,2.0,1,2.0,2.0,0.0,2.0,1,0.0,0.0,0.0,0.0,1,0.0,0.0,0.0,0.0,1,0.0,0.0,0.0,0.0,1,0.0,0.0,0.0,0.0,1,1,0,0,1,0,0,WT,WT,WT
GTTTGTCCAATGGGAG,NOTCH1,4.0,4.0,0.0,4.0,1,4.0,4.0,0.0,4.0,1,0.0,0.0,0.0,0.0,1,0.0,0.0,0.0,0.0,1,0.0,0.0,0.0,0.0,1,0.0,0.0,0.0,0.0,1,1,0,0,1,0,0,WT,WT,WT
GTTTGTCCACATGCTT,NOTCH1,2.0,2.0,0.0,2.0,1,2.0,2.0,0.0,2.0,1,0.0,0.0,0.0,0.0,1,0.0,0.0,0.0,0.0,1,0.0,0.0,0.0,0.0,1,0.0,0.0,0.0,0.0,1,1,0,0,1,0,0,WT,WT,WT
TAACCCTCAAACTGGC,NOTCH1,6.0,6.0,0.0,6.0,1,6.0,6.0,0.0,6.0,1,0.0,0.0,0.0,0.0,1,0.0,0.0,0.0,0.0,1,0.0,0.0,0.0,0.0,1,0.0,0.0,0.0,0.0,1,1,0,0,1,0,0,WT,WT,WT
TAACCCTCATGGCTAA,NOTCH1,1.0,1.0,0.0,1.0,1,1.0,1.0,0.0,1.0,1,0.0,0.0,0.0,0.0,1,0.0,0.0,0.0,0.0,1,0.0,0.0,0.0,0.0,1,0.0,0.0,0.0,0.0,1,1,0,0,1,0,0,WT,WT,WT
TAACGCCTCCTTAGAT,NOTCH1,1.5,1.5,0.5,3.0,2,1.5,1.5,0.5,3.0,2,0.0,0.0,0.0,0.0,2,0.0,0.0,0.0,0.0,2,0.0,0.0,0.0,0.0,2,0.0,0.0,0.0,0.0,2,2,0,0,2,0,0,WT,WT,WT
TAAGAAGCATCGTTCG,NOTCH1,1.0,1.0,0.0,1.0,1,1.0,1.0,0.0,1.0,1,0.0,0.0,0.0,0.0,1,0.0,0.0,0.0,0.0,1,0.0,0.0,0.0,0.0,1,0.0,0.0,0.0,0.0,1,1,0,0,1,0,0,WT,WT,WT
TAAGCTTTCCCAGACT,NOTCH1,2.0,2.0,0.0,2.0,1,2.0,2.0,0.0,2.0,1,0.0,0.0,0.0,0.0,1,0.0,0.0,0.0,0.0,1,0.0,0.0,0.0,0.0,1,0.0,0.0,0.0,0.0,1,1,0,0,1,0,0,WT,WT,WT
TACAACAAGACAAAGG,NOTCH1,4.0,4.0,0.0,4.0,1,4.0,4.0,0.0,4.0,1,0.0,0.0,0.0,0.0,1,0.0,0.0,0.0,0.0,1,0.0,0.0,0.0,0.0,1,0.0,0.0,0.0,0.0,1,1,0,0,1,0,0,WT,WT,WT
TACCGGCGTGCGATAA,NOTCH1,5.0,5.0,0.0,5.0,1,5.0,5.0,0.0,5.0,1,0.0,0.0,0.0,0.0,1,0.0,0.0,0.0,0.0,1,0.0,0.0,0.0,0.0,1,0.0,0.0,0.0,0.0,1,1,0,0,1,0,0,WT,WT,WT
TACGGGCAGTTGACCC,NOTCH1,9.0,9.0,0.0,9.0,1,9.0,9.0,0.0,9.0,1,0.0,0.0,0.0,0.0,1,0.0,0.0,0.0,0.0,1,0.0,0.0,0.0,0.0,1,0.0,0.0,0.0,0.0,1,1,0,0,1,0,0,WT,WT,WT
TACGGGTCAACTTAGG,NOTCH1,2.0,2.0,0.0,2.0,1,2.0,2.0,0.0,2.0,1,0.0,0.0,0.0,0.0,1,0.0,0.0,0.0,0.0,1,0.0,0.0,0.0,0.0,1,0.0,0.0,0.0,0.0,1,1,0,0,1,0,0,WT,WT,WT
TACGTCCAGCAACTTT,NOTCH1,1.0,1.0,0.0,1.0,1,1.0,1.0,0.0,1.0,1,0.0,0.0,0.0,0.0,1,0.0,0.0,0.0,0.0,1,0.0,0.0,0.0,0.0,1,0.0,0.0,0.0,0.0,1,1,0,0,1,0,0,WT,WT,WT
TACGTTAGTACAAACG,NOTCH1,0.0,0.0,0.0,0.0,1,0.0,0.0,0.0,0.0,1,1.0,1.0,0.0,1.0,1,1.0,1.0,0.0,1.0,1,0.0,0.0,0.0,0.0,1,0.0,0.0,0.0,0.0,1,0,1,0,0,1,0,MUT,MUT,MUT
TACTCACCAAACCCAA,NOTCH1,0.0,0.0,0.0,0.0,1,0.0,0.0,0.0,0.0,1,2.0,2.0,0.0,2.0,1,2.0,2.0,0.0,2.0,1,0.0,0.0,0.0,0.0,1,0.0,0.0,0.0,0.0,1,0,1,0,0,1,0,MUT,MUT,MUT
TAGAAAGCAAGGAATA,NOTCH1,2.0,2.0,0.0,2.0,1,2.0,2.0,0.0,2.0,1,0.0,0.0,0.0,0.0,1,0.0,0.0,0.0,0.0,1,0.0,0.0,0.0,0.0,1,0.0,0.0,0.0,0.0,1,1,0,0,1,0,0,WT,WT,WT
TAGCAGGTCTAATGAG,NOTCH1,0.0,0.0,0.0,0.0,1,0.0,0.0,0.0,0.0,1,2.0,2.0,0.0,2.0,1,2.0,2.0,0.0,2.0,1,0.0,0.0,0.0,0.0,1,0.0,0.0,0.0,0.0,1,0,1,0,0,1,0,MUT,MUT,MUT
TAGCCTGGTTAATCCA,NOTCH1,4.0,4.0,2.0,8.0,2,4.0,4.0,2.0,8.0,2,0.0,0.0,0.0,0.0,2,0.0,0.0,0.0,0.0,2,0.0,0.0,0.0,0.0,2,0.0,0.0,0.0,0.0,2,2,0,0,2,0,0,WT,WT,WT
TAGCTACGTGGTGAGT,NOTCH1,1.0,1.0,0.0,1.0,1,1.0,1.0,0.0,1.0,1,0.0,0.0,0.0,0.0,1,0.0,0.0,0.0,0.0,1,0.0,0.0,0.0,0.0,1,0.0,0.0,0.0,0.0,1,1,0,0,1,0,0,WT,WT,WT
TAGGTTAAGCATCCCG,NOTCH1,1.0,1.0,0.0,1.0,1,1.0,1.0,0.0,1.0,1,0.0,0.0,0.0,0.0,1,0.0,0.0,0.0,0.0,1,0.0,0.0,0.0,0.0,1,0.0,0.0,0.0,0.0,1,1,0,0,1,0,0,WT,WT,WT
TATGAGCAGTTATTGC,NOTCH1,3.0,3.0,0.0,3.0,1,3.0,3.0,0.0,3.0,1,0.0,0.0,0.0,0.0,1,0.0,0.0,0.0,0.0,1,0.0,0.0,0.0,0.0,1,0.0,0.0,0.0,0.0,1,1,0,0,1,0,0,WT,WT,WT
TCAAACCGTGACCTTG,NOTCH1,1.0,1.0,0.0,1.0,1,1.0,1.0,0.0,1.0,1,0.0,0.0,0.0,0.0,1,0.0,0.0,0.0,0.0,1,0.0,0.0,0.0,0.0,1,0.0,0.0,0.0,0.0,1,1,0,0,1,0,0,WT,WT,WT
TCAACCTCACAATGGC,NOTCH1,2.0,2.0,0.0,2.0,1,2.0,2.0,0.0,2.0,1,0.0,0.0,0.0,0.0,1,0.0,0.0,0.0,0.0,1,0.0,0.0,0.0,0.0,1,0.0,0.0,0.0,0.0,1,1,0,0,1,0,0,WT,WT,WT
TCAACTGTCTAACCTG,NOTCH1,2.0,2.0,2.0,4.0,2,2.0,2.0,2.0,4.0,2,1.5,1.5,1.5,3.0,2,1.5,1.5,1.5,3.0,2,0.0,0.0,0.0,0.0,2,0.0,0.0,0.0,0.0,2,1,1,0,1,1,0,MUT,MUT,MUT
TCAAGCGAGCTACGTC,NOTCH1,1.0,1.0,0.0,1.0,1,1.0,1.0,0.0,1.0,1,0.0,0.0,0.0,0.0,1,0.0,0.0,0.0,0.0,1,0.0,0.0,0.0,0.0,1,0.0,0.0,0.0,0.0,1,1,0,0,1,0,0,WT,WT,WT
TCAAGCGAGTTTACCG,NOTCH1,2.0,2.0,0.0,2.0,1,2.0,2.0,0.0,2.0,1,0.0,0.0,0.0,0.0,1,0.0,0.0,0.0,0.0,1,0.0,0.0,0.0,0.0,1,0.0,0.0,0.0,0.0,1,1,0,0,1,0,0,WT,WT,WT
TCAAGCGAGTTTGCTG,NOTCH1,1.0,1.0,0.0,1.0,1,1.0,1.0,0.0,1.0,1,0.0,0.0,0.0,0.0,1,0.0,0.0,0.0,0.0,1,0.0,0.0,0.0,0.0,1,0.0,0.0,0.0,0.0,1,1,0,0,1,0,0,WT,WT,WT
TCACCCACAAACTTGG,NOTCH1,0.0,0.0,0.0,0.0,1,0.0,0.0,0.0,0.0,1,2.0,2.0,0.0,2.0,1,2.0,2.0,0.0,2.0,1,0.0,0.0,0.0,0.0,1,0.0,0.0,0.0,0.0,1,0,1,0,0,1,0,MUT,MUT,MUT
TCACTCGCACTAACGA,NOTCH1,7.0,7.0,0.0,7.0,1,7.0,7.0,0.0,7.0,1,0.0,0.0,0.0,0.0,1,0.0,0.0,0.0,0.0,1,0.0,0.0,0.0,0.0,1,0.0,0.0,0.0,0.0,1,1,0,0,1,0,0,WT,WT,WT
TCACTTTGTGCATTAC,NOTCH1,2.0,2.0,0.0,2.0,1,2.0,2.0,0.0,2.0,1,0.0,0.0,0.0,0.0,1,0.0,0.0,0.0,0.0,1,0.0,0.0,0.0,0.0,1,0.0,0.0,0.0,0.0,1,1,0,0,1,0,0,WT,WT,WT
TCAGGCAAGAAAGGCA,NOTCH1,4.0,4.0,0.0,4.0,1,4.0,4.0,0.0,4.0,1,0.0,0.0,0.0,0.0,1,0.0,0.0,0.0,0.0,1,0.0,0.0,0.0,0.0,1,0.0,0.0,0.0,0.0,1,1,0,0,1,0,0,WT,WT,WT
TCAGGCTTCGCAGCAA,NOTCH1,2.0,2.0,0.0,2.0,1,2.0,2.0,0.0,2.0,1,0.0,0.0,0.0,0.0,1,0.0,0.0,0.0,0.0,1,0.0,0.0,0.0,0.0,1,0.0,0.0,0.0,0.0,1,1,0,0,1,0,0,WT,WT,WT
TCCAGCTAGGTGAGCC,NOTCH1,6.0,6.0,0.0,6.0,1,6.0,6.0,0.0,6.0,1,0.0,0.0,0.0,0.0,1,0.0,0.0,0.0,0.0,1,0.0,0.0,0.0,0.0,1,0.0,0.0,0.0,0.0,1,1,0,0,1,0,0,WT,WT,WT
TCCAGGAAGCGCTACT,NOTCH1,0.5,0.5,0.5,2.0,4,0.5,0.5,0.5,2.0,4,2.5,2.5,2.5,10.0,4,2.5,2.5,2.5,10.0,4,0.0,0.0,0.0,0.0,4,0.0,0.0,0.0,0.0,4,2,2,0,2,2,0,MUT,MUT,MUT
TCGCGCATCCTTTCGT,NOTCH1,0.0,0.0,0.0,0.0,1,0.0,0.0,0.0,0.0,1,9.0,9.0,0.0,9.0,1,9.0,9.0,0.0,9.0,1,0.0,0.0,0.0,0.0,1,0.0,0.0,0.0,0.0,1,0,1,0,0,1,0,MUT,MUT,MUT
TCTAACAGTCCTTATT,NOTCH1,2.0,2.0,0.0,2.0,1,2.0,2.0,0.0,2.0,1,0.0,0.0,0.0,0.0,1,0.0,0.0,0.0,0.0,1,0.0,0.0,0.0,0.0,1,0.0,0.0,0.0,0.0,1,1,0,0,1,0,0,WT,WT,WT
TCTGTAAGTCCTGAGC,NOTCH1,1.5,1.5,0.5,3.0,2,1.5,1.5,0.5,3.0,2,0.0,0.0,0.0,0.0,2,0.0,0.0,0.0,0.0,2,0.0,0.0,0.0,0.0,2,0.0,0.0,0.0,0.0,2,2,0,0,2,0,0,WT,WT,WT
TCTTACTGTCAACTAC,NOTCH1,1.0,1.0,0.0,1.0,1,1.0,1.0,0.0,1.0,1,0.0,0.0,0.0,0.0,1,0.0,0.0,0.0,0.0,1,0.0,0.0,0.0,0.0,1,0.0,0.0,0.0,0.0,1,1,0,0,1,0,0,WT,WT,WT
TGAACCTGTAGCTATC,NOTCH1,2.0,2.0,0.0,2.0,1,2.0,2.0,0.0,2.0,1,0.0,0.0,0.0,0.0,1,0.0,0.0,0.0,0.0,1,0.0,0.0,0.0,0.0,1,0.0,0.0,0.0,0.0,1,1,0,0,1,0,0,WT,WT,WT
TGACATGCAGCCATAA,NOTCH1,6.0,6.0,0.0,6.0,1,6.0,6.0,0.0,6.0,1,0.0,0.0,0.0,0.0,1,0.0,0.0,0.0,0.0,1,0.0,0.0,0.0,0.0,1,0.0,0.0,0.0,0.0,1,1,0,0,1,0,0,WT,WT,WT
TGACCTTCAAGGAATA,NOTCH1,6.0,6.0,4.0,12.0,2,6.0,6.0,4.0,12.0,2,0.0,0.0,0.0,0.0,2,0.0,0.0,0.0,0.0,2,0.0,0.0,0.0,0.0,2,0.0,0.0,0.0,0.0,2,2,0,0,2,0,0,WT,WT,WT
TGACTACGTGACCTGC,NOTCH1,2.0,2.0,0.0,2.0,1,2.0,2.0,0.0,2.0,1,0.0,0.0,0.0,0.0,1,0.0,0.0,0.0,0.0,1,0.0,0.0,0.0,0.0,1,0.0,0.0,0.0,0.0,1,1,0,0,1,0,0,WT,WT,WT
TGACTACGTTGTCAGT,NOTCH1,3.0,3.0,0.0,3.0,1,3.0,3.0,0.0,3.0,1,0.0,0.0,0.0,0.0,1,0.0,0.0,0.0,0.0,1,0.0,0.0,0.0,0.0,1,0.0,0.0,0.0,0.0,1,1,0,0,1,0,0,WT,WT,WT
TGAGTCTGTGCTCCTT,NOTCH1,3.0,3.0,0.0,3.0,1,3.0,3.0,0.0,3.0,1,0.0,0.0,0.0,0.0,1,0.0,0.0,0.0,0.0,1,0.0,0.0,0.0,0.0,1,0.0,0.0,0.0,0.0,1,1,0,0,1,0,0,WT,WT,WT
TGATTGCGTCCTGAGC,NOTCH1,0.0,0.0,0.0,0.0,1,0.0,0.0,0.0,0.0,1,1.0,1.0,0.0,1.0,1,1.0,1.0,0.0,1.0,1,0.0,0.0,0.0,0.0,1,0.0,0.0,0.0,0.0,1,0,1,0,0,1,0,MUT,MUT,MUT
TGCAAGCCAAGCTCAA,NOTCH1,19.0,19.0,0.0,19.0,1,19.0,19.0,0.0,19.0,1,0.0,0.0,0.0,0.0,1,0.0,0.0,0.0,0.0,1,0.0,0.0,0.0,0.0,1,0.0,0.0,0.0,0.0,1,1,0,0,1,0,0,WT,WT,WT
TGCACGTTCCAATAGA,NOTCH1,0.0,0.0,0.0,0.0,1,0.0,0.0,0.0,0.0,1,3.0,3.0,0.0,3.0,1,3.0,3.0,0.0,3.0,1,0.0,0.0,0.0,0.0,1,0.0,0.0,0.0,0.0,1,0,1,0,0,1,0,MUT,MUT,MUT
TGCATCCAGGAAACCT,NOTCH1,6.0,6.0,0.0,6.0,1,6.0,6.0,0.0,6.0,1,0.0,0.0,0.0,0.0,1,0.0,0.0,0.0,0.0,1,0.0,0.0,0.0,0.0,1,0.0,0.0,0.0,0.0,1,1,0,0,1,0,0,WT,WT,WT
TGCATTAGTTAAGCCT,NOTCH1,1.0,1.0,0.0,1.0,1,1.0,1.0,0.0,1.0,1,0.0,0.0,0.0,0.0,1,0.0,0.0,0.0,0.0,1,0.0,0.0,0.0,0.0,1,0.0,0.0,0.0,0.0,1,1,0,0,1,0,0,WT,WT,WT
TGCCCATAGCTATCCA,NOTCH1,4.0,4.0,0.0,4.0,1,4.0,4.0,0.0,4.0,1,0.0,0.0,0.0,0.0,1,0.0,0.0,0.0,0.0,1,0.0,0.0,0.0,0.0,1,0.0,0.0,0.0,0.0,1,1,0,0,1,0,0,WT,WT,WT
TGCCCTGAGCATCTTG,NOTCH1,0.0,0.0,0.0,0.0,1,0.0,0.0,0.0,0.0,1,4.0,4.0,0.0,4.0,1,4.0,4.0,0.0,4.0,1,0.0,0.0,0.0,0.0,1,0.0,0.0,0.0,0.0,1,0,1,0,0,1,0,MUT,MUT,MUT
TGCGCTAGTAACTTGC,NOTCH1,1.0,1.0,0.0,1.0,1,1.0,1.0,0.0,1.0,1,0.0,0.0,0.0,0.0,1,0.0,0.0,0.0,0.0,1,0.0,0.0,0.0,0.0,1,0.0,0.0,0.0,0.0,1,1,0,0,1,0,0,WT,WT,WT
TGCTATTAGGGTTACG,NOTCH1,3.0,3.0,0.0,3.0,1,3.0,3.0,0.0,3.0,1,0.0,0.0,0.0,0.0,1,0.0,0.0,0.0,0.0,1,0.0,0.0,0.0,0.0,1,0.0,0.0,0.0,0.0,1,1,0,0,1,0,0,WT,WT,WT
TGCTTAAGTCACACCA,NOTCH1,3.0,3.0,0.0,3.0,1,3.0,3.0,0.0,3.0,1,0.0,0.0,0.0,0.0,1,0.0,0.0,0.0,0.0,1,0.0,0.0,0.0,0.0,1,0.0,0.0,0.0,0.0,1,1,0,0,1,0,0,WT,WT,WT
TGGAAACTCAGTTTAC,NOTCH1,3.0,3.0,0.0,3.0,1,3.0,3.0,0.0,3.0,1,0.0,0.0,0.0,0.0,1,0.0,0.0,0.0,0.0,1,0.0,0.0,0.0,0.0,1,0.0,0.0,0.0,0.0,1,1,0,0,1,0,0,WT,WT,WT
TGGACCAAGTGAGTCG,NOTCH1,1.0,1.0,0.0,1.0,1,1.0,1.0,0.0,1.0,1,0.0,0.0,0.0,0.0,1,0.0,0.0,0.0,0.0,1,0.0,0.0,0.0,0.0,1,0.0,0.0,0.0,0.0,1,1,0,0,1,0,0,WT,WT,WT
TGGGACATCTTAAGGA,NOTCH1,6.0,6.0,0.0,6.0,1,6.0,6.0,0.0,6.0,1,0.0,0.0,0.0,0.0,1,0.0,0.0,0.0,0.0,1,0.0,0.0,0.0,0.0,1,0.0,0.0,0.0,0.0,1,1,0,0,1,0,0,WT,WT,WT
TGGGTCCGTGCATCGC,NOTCH1,10.0,10.0,0.0,10.0,1,10.0,10.0,0.0,10.0,1,0.0,0.0,0.0,0.0,1,0.0,0.0,0.0,0.0,1,0.0,0.0,0.0,0.0,1,0.0,0.0,0.0,0.0,1,1,0,0,1,0,0,WT,WT,WT
TGGTGAAGTCGAAGTA,NOTCH1,2.5,2.5,2.5,5.0,2,2.5,2.5,2.5,5.0,2,2.5,2.5,2.5,5.0,2,2.5,2.5,2.5,5.0,2,0.0,0.0,0.0,0.0,2,0.0,0.0,0.0,0.0,2,1,1,0,1,1,0,MUT,MUT,MUT
TGGTGTGAGGTTTCCA,NOTCH1,1.0,1.0,0.0,1.0,1,1.0,1.0,0.0,1.0,1,0.0,0.0,0.0,0.0,1,0.0,0.0,0.0,0.0,1,0.0,0.0,0.0,0.0,1,0.0,0.0,0.0,0.0,1,1,0,0,1,0,0,WT,WT,WT
TGGTTAGCAGCCTGAG,NOTCH1,2.6666666666666665,2.0,2.494438257849294,8.0,3,2.6666666666666665,2.0,2.494438257849294,8.0,3,1.0,0.0,1.4142135623730951,3.0,3,1.0,0.0,1.4142135623730951,3.0,3,0.0,0.0,0.0,0.0,3,0.0,0.0,0.0,0.0,3,2,1,0,2,1,0,MUT,MUT,MUT
TGGTTTGTCAAGATGC,NOTCH1,3.0,3.0,0.0,3.0,1,3.0,3.0,0.0,3.0,1,0.0,0.0,0.0,0.0,1,0.0,0.0,0.0,0.0,1,0.0,0.0,0.0,0.0,1,0.0,0.0,0.0,0.0,1,1,0,0,1,0,0,WT,WT,WT
TGGTTTGTCTCACAAT,NOTCH1,0.0,0.0,0.0,0.0,1,0.0,0.0,0.0,0.0,1,6.0,6.0,0.0,6.0,1,6.0,6.0,0.0,6.0,1,0.0,0.0,0.0,0.0,1,0.0,0.0,0.0,0.0,1,0,1,0,0,1,0,MUT,MUT,MUT
TGTCATCCAATTAGAC,NOTCH1,3.0,3.0,0.0,3.0,1,3.0,3.0,0.0,3.0,1,0.0,0.0,0.0,0.0,1,0.0,0.0,0.0,0.0,1,0.0,0.0,0.0,0.0,1,0.0,0.0,0.0,0.0,1,1,0,0,1,0,0,WT,WT,WT
TGTCTTGAGACGCATG,NOTCH1,2.6666666666666665,2.0,2.2852182001336816,16.0,6,2.8333333333333335,2.0,2.192157739660984,17.0,6,0.16666666666666666,0.0,0.372677996249965,1.0,6,0.16666666666666666,0.0,0.372677996249965,1.0,6,0.16666666666666666,0.0,0.372677996249965,1.0,6,0.0,0.0,0.0,0.0,6,5,1,0,5,1,0,MUT,MUT,MUT
TGTGAGGTCCAGAACG,NOTCH1,2.0,2.0,0.0,2.0,1,2.0,2.0,0.0,2.0,1,0.0,0.0,0.0,0.0,1,0.0,0.0,0.0,0.0,1,0.0,0.0,0.0,0.0,1,0.0,0.0,0.0,0.0,1,1,0,0,1,0,0,WT,WT,WT
TGTGCTGGTTTGAGCT,NOTCH1,2.0,2.0,0.0,2.0,1,2.0,2.0,0.0,2.0,1,0.0,0.0,0.0,0.0,1,0.0,0.0,0.0,0.0,1,0.0,0.0,0.0,0.0,1,0.0,0.0,0.0,0.0,1,1,0,0,1,0,0,WT,WT,WT
TGTTGGTGTAAAGCGC,NOTCH1,0.0,0.0,0.0,0.0,1,0.0,0.0,0.0,0.0,1,2.0,2.0,0.0,2.0,1,2.0,2.0,0.0,2.0,1,0.0,0.0,0.0,0.0,1,0.0,0.0,0.0,0.0,1,0,1,0,0,1,0,MUT,MUT,MUT
TTAAGCTTCCAACTAT,NOTCH1,2.0,2.0,0.0,2.0,1,2.0,2.0,0.0,2.0,1,0.0,0.0,0.0,0.0,1,0.0,0.0,0.0,0.0,1,0.0,0.0,0.0,0.0,1,0.0,0.0,0.0,0.0,1,1,0,0,1,0,0,WT,WT,WT
TTACTTCGTGTCCAAT,NOTCH1,3.0,3.0,0.0,3.0,1,3.0,3.0,0.0,3.0,1,0.0,0.0,0.0,0.0,1,0.0,0.0,0.0,0.0,1,0.0,0.0,0.0,0.0,1,0.0,0.0,0.0,0.0,1,1,0,0,1,0,0,WT,WT,WT
TTAGTCGTCGAGGCGT,NOTCH1,0.0,0.0,0.0,0.0,1,0.0,0.0,0.0,0.0,1,2.0,2.0,0.0,2.0,1,2.0,2.0,0.0,2.0,1,0.0,0.0,0.0,0.0,1,0.0,0.0,0.0,0.0,1,0,1,0,0,1,0,MUT,MUT,MUT
TTATAGCTCTCAGCAC,NOTCH1,2.0,2.0,0.0,2.0,1,2.0,2.0,0.0,2.0,1,0.0,0.0,0.0,0.0,1,0.0,0.0,0.0,0.0,1,0.0,0.0,0.0,0.0,1,0.0,0.0,0.0,0.0,1,1,0,0,1,0,0,WT,WT,WT
TTATGTCAGCAACTTT,NOTCH1,5.0,5.0,0.0,5.0,1,5.0,5.0,0.0,5.0,1,0.0,0.0,0.0,0.0,1,0.0,0.0,0.0,0.0,1,0.0,0.0,0.0,0.0,1,0.0,0.0,0.0,0.0,1,1,0,0,1,0,0,WT,WT,WT
TTCAACTAGCCTAGTC,NOTCH1,1.0,1.0,0.0,1.0,1,1.0,1.0,0.0,1.0,1,0.0,0.0,0.0,0.0,1,0.0,0.0,0.0,0.0,1,0.0,0.0,0.0,0.0,1,0.0,0.0,0.0,0.0,1,1,0,0,1,0,0,WT,WT,WT
TTCCTCAGTGAACGAC,NOTCH1,1.0,1.0,0.816496580927726,3.0,3,1.0,1.0,0.816496580927726,3.0,3,0.3333333333333333,0.0,0.4714045207910317,1.0,3,0.3333333333333333,0.0,0.4714045207910317,1.0,3,0.0,0.0,0.0,0.0,3,0.0,0.0,0.0,0.0,3,2,1,0,2,1,0,MUT,MUT,MUT
TTCCTCTAGATGCAAC,NOTCH1,2.0,2.0,0.0,2.0,1,2.0,2.0,0.0,2.0,1,0.0,0.0,0.0,0.0,1,0.0,0.0,0.0,0.0,1,0.0,0.0,0.0,0.0,1,0.0,0.0,0.0,0.0,1,1,0,0,1,0,0,WT,WT,WT
TTCGAACGTATGGTAG,NOTCH1,1.0,1.0,0.0,1.0,1,1.0,1.0,0.0,1.0,1,0.0,0.0,0.0,0.0,1,0.0,0.0,0.0,0.0,1,0.0,0.0,0.0,0.0,1,0.0,0.0,0.0,0.0,1,1,0,0,1,0,0,WT,WT,WT
TTCGGTCAGCGAGGGA,NOTCH1,0.0,0.0,0.0,0.0,1,0.0,0.0,0.0,0.0,1,2.0,2.0,0.0,2.0,1,2.0,2.0,0.0,2.0,1,0.0,0.0,0.0,0.0,1,0.0,0.0,0.0,0.0,1,0,1,0,0,1,0,MUT,MUT,MUT
TTGCGCAGTACACCCA,NOTCH1,0.4,0.0,0.8000000000000002,2.0,5,0.4,0.0,0.8000000000000002,2.0,5,4.8,2.0,5.741080037762929,24.0,5,4.8,2.0,5.741080037762929,24.0,5,0.0,0.0,0.0,0.0,5,0.0,0.0,0.0,0.0,5,1,4,0,1,4,0,MUT,MUT,MUT
TTGGCCAGTACCGTTG,NOTCH1,0.0,0.0,0.0,0.0,1,0.0,0.0,0.0,0.0,1,3.0,3.0,0.0,3.0,1,3.0,3.0,0.0,3.0,1,0.0,0.0,0.0,0.0,1,0.0,0.0,0.0,0.0,1,0,1,0,0,1,0,MUT,MUT,MUT
TTTCATGCACTAGCGG,NOTCH1,1.5,1.5,0.5,3.0,2,1.5,1.5,0.5,3.0,2,0.0,0.0,0.0,0.0,2,0.0,0.0,0.0,0.0,2,0.0,0.0,0.0,0.0,2,0.0,0.0,0.0,0.0,2,2,0,0,2,0,0,WT,WT,WT
TTTCCTGGTACCTCAG,NOTCH1,3.0,3.0,0.0,3.0,1,3.0,3.0,0.0,3.0,1,0.0,0.0,0.0,0.0,1,0.0,0.0,0.0,0.0,1,0.0,0.0,0.0,0.0,1,0.0,0.0,0.0,0.0,1,1,0,0,1,0,0,WT,WT,WT
TTTGCGCAGAACCTCC,NOTCH1,6.0,6.0,0.0,6.0,1,6.0,6.0,0.0,6.0,1,0.0,0.0,0.0,0.0,1,0.0,0.0,0.0,0.0,1,0.0,0.0,0.0,0.0,1,0.0,0.0,0.0,0.0,1,1,0,0,1,0,0,WT,WT,WT
AAACTGTCAACAAGCC,NRAS,0.0,0.0,0.0,0.0,1,0.0,0.0,0.0,0.0,1,1.0,1.0,0.0,1.0,1,1.0,1.0,0.0,1.0,1,0.0,0.0,0.0,0.0,1,0.0,0.0,0.0,0.0,1,0,1,0,0,1,0,MUT,MUT,MUT
AAAGCATGTACTTAGC,NRAS,0.0,0.0,0.0,0.0,1,0.0,0.0,0.0,0.0,1,5.0,5.0,0.0,5.0,1,5.0,5.0,0.0,5.0,1,0.0,0.0,0.0,0.0,1,0.0,0.0,0.0,0.0,1,0,1,0,0,1,0,MUT,MUT,MUT
AAATCACCATGTTTCA,NRAS,1.0,1.0,0.0,1.0,1,1.0,1.0,0.0,1.0,1,0.0,0.0,0.0,0.0,1,0.0,0.0,0.0,0.0,1,0.0,0.0,0.0,0.0,1,0.0,0.0,0.0,0.0,1,1,0,0,1,0,0,WT,WT,WT
AACCAACAGGCAAGCC,NRAS,4.0,4.0,0.0,4.0,1,4.0,4.0,0.0,4.0,1,0.0,0.0,0.0,0.0,1,0.0,0.0,0.0,0.0,1,0.0,0.0,0.0,0.0,1,0.0,0.0,0.0,0.0,1,1,0,0,1,0,0,WT,WT,WT
AACCTATTCCGGATAG,NRAS,2.0,2.0,0.0,2.0,1,2.0,2.0,0.0,2.0,1,0.0,0.0,0.0,0.0,1,0.0,0.0,0.0,0.0,1,0.0,0.0,0.0,0.0,1,0.0,0.0,0.0,0.0,1,1,0,0,1,0,0,WT,WT,WT
AACCTTTAGTGGCTTC,NRAS,0.0,0.0,0.0,0.0,1,0.0,0.0,0.0,0.0,1,3.0,3.0,0.0,3.0,1,3.0,3.0,0.0,3.0,1,0.0,0.0,0.0,0.0,1,0.0,0.0,0.0,0.0,1,0,1,0,0,1,0,MUT,MUT,MUT
AACGGCTCAAACCCAA,NRAS,0.0,0.0,0.0,0.0,1,0.0,0.0,0.0,0.0,1,6.0,6.0,0.0,6.0,1,6.0,6.0,0.0,6.0,1,0.0,0.0,0.0,0.0,1,0.0,0.0,0.0,0.0,1,0,1,0,0,1,0,MUT,MUT,MUT
AACGTTAAGCTTGAAA,NRAS,1.2,0.0,2.4000000000000004,6.0,5,1.2,0.0,2.4000000000000004,6.0,5,3.2,3.0,2.5612496949731396,16.0,5,3.2,3.0,2.5612496949731396,16.0,5,0.0,0.0,0.0,0.0,5,0.0,0.0,0.0,0.0,5,1,4,0,1,4,0,MUT,MUT,MUT
AACGTTAAGGTGAGAA,NRAS,0.0,0.0,0.0,0.0,4,0.0,0.0,0.0,0.0,4,3.25,3.0,1.920286436967152,13.0,4,3.25,3.0,1.920286436967152,13.0,4,0.0,0.0,0.0,0.0,4,0.0,0.0,0.0,0.0,4,0,4,0,0,4,0,MUT,MUT,MUT
AAGAATCGTTGCCTGA,NRAS,0.0,0.0,0.0,0.0,2,0.0,0.0,0.0,0.0,2,2.0,2.0,0.0,4.0,2,2.0,2.0,0.0,4.0,2,0.0,0.0,0.0,0.0,2,0.0,0.0,0.0,0.0,2,0,2,0,0,2,0,MUT,MUT,MUT
AAGCCTTGTTAGCGGG,NRAS,1.0,1.0,0.0,1.0,1,1.0,1.0,0.0,1.0,1,0.0,0.0,0.0,0.0,1,0.0,0.0,0.0,0.0,1,0.0,0.0,0.0,0.0,1,0.0,0.0,0.0,0.0,1,1,0,0,1,0,0,WT,WT,WT
AAGGCCCAGCTATATC,NRAS,0.0,0.0,0.0,0.0,1,0.0,0.0,0.0,0.0,1,8.0,8.0,0.0,8.0,1,8.0,8.0,0.0,8.0,1,0.0,0.0,0.0,0.0,1,0.0,0.0,0.0,0.0,1,0,1,0,0,1,0,MUT,MUT,MUT
AAGTGAGAGATTATCC,NRAS,1.0,1.0,0.0,2.0,2,1.0,1.0,0.0,2.0,2,0.0,0.0,0.0,0.0,2,0.0,0.0,0.0,0.0,2,0.0,0.0,0.0,0.0,2,0.0,0.0,0.0,0.0,2,2,0,0,2,0,0,WT,WT,WT
AAGTGAGAGCCCTTGG,NRAS,0.0,0.0,0.0,0.0,1,0.0,0.0,0.0,0.0,1,1.0,1.0,0.0,1.0,1,1.0,1.0,0.0,1.0,1,0.0,0.0,0.0,0.0,1,0.0,0.0,0.0,0.0,1,0,1,0,0,1,0,MUT,MUT,MUT
AATCCAAAGAGCAACT,NRAS,0.0,0.0,0.0,0.0,1,0.0,0.0,0.0,0.0,1,2.0,2.0,0.0,2.0,1,2.0,2.0,0.0,2.0,1,0.0,0.0,0.0,0.0,1,0.0,0.0,0.0,0.0,1,0,1,0,0,1,0,MUT,MUT,MUT
AATCGCCTCGCAAATA,NRAS,14.0,14.0,0.0,14.0,1,15.0,15.0,0.0,15.0,1,0.0,0.0,0.0,0.0,1,0.0,0.0,0.0,0.0,1,1.0,1.0,0.0,1.0,1,0.0,0.0,0.0,0.0,1,1,0,0,1,0,0,WT,WT,WT
AATCGCGAGCGATGGC,NRAS,0.0,0.0,0.0,0.0,1,0.0,0.0,0.0,0.0,1,1.0,1.0,0.0,1.0,1,1.0,1.0,0.0,1.0,1,0.0,0.0,0.0,0.0,1,0.0,0.0,0.0,0.0,1,0,1,0,0,1,0,MUT,MUT,MUT
AATGACCAGTTACCTG,NRAS,0.0,0.0,0.0,0.0,2,0.0,0.0,0.0,0.0,2,2.0,2.0,1.0,4.0,2,2.0,2.0,1.0,4.0,2,0.0,0.0,0.0,0.0,2,0.0,0.0,0.0,0.0,2,0,2,0,0,2,0,MUT,MUT,MUT
ACAATGTCAACAGCTA,NRAS,2.0,2.0,0.0,2.0,1,2.0,2.0,0.0,2.0,1,0.0,0.0,0.0,0.0,1,0.0,0.0,0.0,0.0,1,0.0,0.0,0.0,0.0,1,0.0,0.0,0.0,0.0,1,1,0,0,1,0,0,WT,WT,WT
ACACAAGGTATTCGAC,NRAS,0.0,0.0,0.0,0.0,1,0.0,0.0,0.0,0.0,1,1.0,1.0,0.0,1.0,1,1.0,1.0,0.0,1.0,1,0.0,0.0,0.0,0.0,1,0.0,0.0,0.0,0.0,1,0,1,0,0,1,0,MUT,MUT,MUT
ACAGCCGCAGCCTATT,NRAS,0.0,0.0,0.0,0.0,1,0.0,0.0,0.0,0.0,1,1.0,1.0,0.0,1.0,1,1.0,1.0,0.0,1.0,1,0.0,0.0,0.0,0.0,1,0.0,0.0,0.0,0.0,1,0,1,0,0,1,0,MUT,MUT,MUT
ACATTACTCTTAAGCT,NRAS,4.0,4.0,0.0,4.0,1,4.0,4.0,0.0,4.0,1,0.0,0.0,0.0,0.0,1,0.0,0.0,0.0,0.0,1,0.0,0.0,0.0,0.0,1,0.0,0.0,0.0,0.0,1,1,0,0,1,0,0,WT,WT,WT
ACCAATCGTGAACCAA,NRAS,2.0,2.0,0.0,2.0,1,2.0,2.0,0.0,2.0,1,0.0,0.0,0.0,0.0,1,0.0,0.0,0.0,0.0,1,0.0,0.0,0.0,0.0,1,0.0,0.0,0.0,0.0,1,1,0,0,1,0,0,WT,WT,WT
ACGCATGAGGAACTTA,NRAS,2.0,2.0,0.0,2.0,1,2.0,2.0,0.0,2.0,1,0.0,0.0,0.0,0.0,1,0.0,0.0,0.0,0.0,1,0.0,0.0,0.0,0.0,1,0.0,0.0,0.0,0.0,1,1,0,0,1,0,0,WT,WT,WT
ACGTGCAAGCCACTCG,NRAS,0.0,0.0,0.0,0.0,2,0.0,0.0,0.0,0.0,2,2.5,2.5,1.5,5.0,2,2.5,2.5,1.5,5.0,2,0.0,0.0,0.0,0.0,2,0.0,0.0,0.0,0.0,2,0,2,0,0,2,0,MUT,MUT,MUT
ACTTGAAAGTGTAATG,NRAS,0.0,0.0,0.0,0.0,1,0.0,0.0,0.0,0.0,1,2.0,2.0,0.0,2.0,1,2.0,2.0,0.0,2.0,1,0.0,0.0,0.0,0.0,1,0.0,0.0,0.0,0.0,1,0,1,0,0,1,0,MUT,MUT,MUT
ACTTGCATCACATTAC,NRAS,0.0,0.0,0.0,0.0,1,0.0,0.0,0.0,0.0,1,14.0,14.0,0.0,14.0,1,14.0,14.0,0.0,14.0,1,0.0,0.0,0.0,0.0,1,0.0,0.0,0.0,0.0,1,0,1,0,0,1,0,MUT,MUT,MUT
AGACAAACAAAGGGAT,NRAS,0.0,0.0,0.0,0.0,1,0.0,0.0,0.0,0.0,1,1.0,1.0,0.0,1.0,1,1.0,1.0,0.0,1.0,1,0.0,0.0,0.0,0.0,1,0.0,0.0,0.0,0.0,1,0,1,0,0,1,0,MUT,MUT,MUT
AGATTAGTCAGGCAAT,NRAS,0.0,0.0,0.0,0.0,1,0.0,0.0,0.0,0.0,1,1.0,1.0,0.0,1.0,1,1.0,1.0,0.0,1.0,1,0.0,0.0,0.0,0.0,1,0.0,0.0,0.0,0.0,1,0,1,0,0,1,0,MUT,MUT,MUT
AGATTCAAGTGCAACG,NRAS,0.0,0.0,0.0,0.0,1,0.0,0.0,0.0,0.0,1,5.0,5.0,0.0,5.0,1,5.0,5.0,0.0,5.0,1,0.0,0.0,0.0,0.0,1,0.0,0.0,0.0,0.0,1,0,1,0,0,1,0,MUT,MUT,MUT
AGCAGGCTCCAATGAA,NRAS,0.0,0.0,0.0,0.0,1,0.0,0.0,0.0,0.0,1,2.0,2.0,0.0,2.0,1,2.0,2.0,0.0,2.0,1,0.0,0.0,0.0,0.0,1,0.0,0.0,0.0,0.0,1,0,1,0,0,1,0,MUT,MUT,MUT
AGCCAATAGGATGCAT,NRAS,0.0,0.0,0.0,0.0,1,0.0,0.0,0.0,0.0,1,3.0,3.0,0.0,3.0,1,3.0,3.0,0.0,3.0,1,0.0,0.0,0.0,0.0,1,0.0,0.0,0.0,0.0,1,0,1,0,0,1,0,MUT,MUT,MUT
AGCGACTCATCAATCC,NRAS,0.0,0.0,0.0,0.0,3,0.0,0.0,0.0,0.0,3,2.6666666666666665,2.0,1.699673171197595,8.0,3,2.6666666666666665,2.0,1.699673171197595,8.0,3,0.0,0.0,0.0,0.0,3,0.0,0.0,0.0,0.0,3,0,3,0,0,3,0,MUT,MUT,MUT
AGGCTTTGTGTTTGTA,NRAS,0.0,0.0,0.0,0.0,1,0.0,0.0,0.0,0.0,1,5.0,5.0,0.0,5.0,1,5.0,5.0,0.0,5.0,1,0.0,0.0,0.0,0.0,1,0.0,0.0,0.0,0.0,1,0,1,0,0,1,0,MUT,MUT,MUT
AGGGTTAGTCAGGGCA,NRAS,0.0,0.0,0.0,0.0,1,0.0,0.0,0.0,0.0,1,3.0,3.0,0.0,3.0,1,3.0,3.0,0.0,3.0,1,0.0,0.0,0.0,0.0,1,0.0,0.0,0.0,0.0,1,0,1,0,0,1,0,MUT,MUT,MUT
AGTCACACAAGGCGTT,NRAS,0.0,0.0,0.0,0.0,2,0.0,0.0,0.0,0.0,2,1.0,1.0,0.0,2.0,2,1.0,1.0,0.0,2.0,2,0.0,0.0,0.0,0.0,2,0.0,0.0,0.0,0.0,2,0,2,0,0,2,0,MUT,MUT,MUT
AGTCGTTGTAGCGGAT,NRAS,0.3333333333333333,0.0,0.4714045207910317,1.0,3,0.3333333333333333,0.0,0.4714045207910317,1.0,3,2.6666666666666665,4.0,1.8856180831641267,8.0,3,2.6666666666666665,4.0,1.8856180831641267,8.0,3,0.0,0.0,0.0,0.0,3,0.0,0.0,0.0,0.0,3,1,2,0,1,2,0,MUT,MUT,MUT
AGTGGATTCAGCACGA,NRAS,1.5,1.5,1.5,3.0,2,1.5,1.5,1.5,3.0,2,2.0,2.0,2.0,4.0,2,2.0,2.0,2.0,4.0,2,0.0,0.0,0.0,0.0,2,0.0,0.0,0.0,0.0,2,1,1,0,1,1,0,MUT,MUT,MUT
ATAAGCATCATTGAGA,NRAS,0.0,0.0,0.0,0.0,1,0.0,0.0,0.0,0.0,1,5.0,5.0,0.0,5.0,1,5.0,5.0,0.0,5.0,1,0.0,0.0,0.0,0.0,1,0.0,0.0,0.0,0.0,1,0,1,0,0,1,0,MUT,MUT,MUT
ATAGCGAGTCACACCA,NRAS,3.0,3.0,0.0,3.0,1,3.0,3.0,0.0,3.0,1,0.0,0.0,0.0,0.0,1,0.0,0.0,0.0,0.0,1,0.0,0.0,0.0,0.0,1,0.0,0.0,0.0,0.0,1,1,0,0,1,0,0,WT,WT,WT
ATAGGCTAGCGCAAGC,NRAS,0.0,0.0,0.0,0.0,1,0.0,0.0,0.0,0.0,1,1.0,1.0,0.0,1.0,1,1.0,1.0,0.0,1.0,1,0.0,0.0,0.0,0.0,1,0.0,0.0,0.0,0.0,1,0,1,0,0,1,0,MUT,MUT,MUT
ATCATCAGTCATCCCT,NRAS,0.0,0.0,0.0,0.0,1,0.0,0.0,0.0,0.0,1,1.0,1.0,0.0,1.0,1,1.0,1.0,0.0,1.0,1,0.0,0.0,0.0,0.0,1,0.0,0.0,0.0,0.0,1,0,1,0,0,1,0,MUT,MUT,MUT
ATCGCTTCAACTAGTG,NRAS,0.0,0.0,0.0,0.0,1,0.0,0.0,0.0,0.0,1,2.0,2.0,0.0,2.0,1,2.0,2.0,0.0,2.0,1,0.0,0.0,0.0,0.0,1,0.0,0.0,0.0,0.0,1,0,1,0,0,1,0,MUT,MUT,MUT
ATCGTGACATCCAAGA,NRAS,0.0,0.0,0.0,0.0,2,0.0,0.0,0.0,0.0,2,2.5,2.5,0.5,5.0,2,2.5,2.5,0.5,5.0,2,0.0,0.0,0.0,0.0,2,0.0,0.0,0.0,0.0,2,0,2,0,0,2,0,MUT,MUT,MUT
ATCGTTAGTACCTCAG,NRAS,0.0,0.0,0.0,0.0,1,0.0,0.0,0.0,0.0,1,1.0,1.0,0.0,1.0,1,1.0,1.0,0.0,1.0,1,0.0,0.0,0.0,0.0,1,0.0,0.0,0.0,0.0,1,0,1,0,0,1,0,MUT,MUT,MUT
ATGAGGAAGAAACCCG,NRAS,0.0,0.0,0.0,0.0,1,0.0,0.0,0.0,0.0,1,1.0,1.0,0.0,1.0,1,1.0,1.0,0.0,1.0,1,0.0,0.0,0.0,0.0,1,0.0,0.0,0.0,0.0,1,0,1,0,0,1,0,MUT,MUT,MUT
ATGAGGCGTAAACTGG,NRAS,2.0,2.0,1.632993161855452,6.0,3,2.0,2.0,1.632993161855452,6.0,3,1.3333333333333333,0.0,1.8856180831641267,4.0,3,1.3333333333333333,0.0,1.8856180831641267,4.0,3,0.0,0.0,0.0,0.0,3,0.0,0.0,0.0,0.0,3,2,1,0,2,1,0,MUT,MUT,MUT
ATGCACCTCCTTTGGA,NRAS,0.0,0.0,0.0,0.0,1,0.0,0.0,0.0,0.0,1,3.0,3.0,0.0,3.0,1,3.0,3.0,0.0,3.0,1,0.0,0.0,0.0,0.0,1,0.0,0.0,0.0,0.0,1,0,1,0,0,1,0,MUT,MUT,MUT
ATGGATCAGCTTTACG,NRAS,0.0,0.0,0.0,0.0,1,0.0,0.0,0.0,0.0,1,2.0,2.0,0.0,2.0,1,2.0,2.0,0.0,2.0,1,0.0,0.0,0.0,0.0,1,0.0,0.0,0.0,0.0,1,0,1,0,0,1,0,MUT,MUT,MUT
ATGGATTCATCATGCT,NRAS,0.0,0.0,0.0,0.0,1,0.0,0.0,0.0,0.0,1,3.0,3.0,0.0,3.0,1,3.0,3.0,0.0,3.0,1,0.0,0.0,0.0,0.0,1,0.0,0.0,0.0,0.0,1,0,1,0,0,1,0,MUT,MUT,MUT
ATGTGGGTCAGGTAAC,NRAS,1.6666666666666667,1.0,1.699673171197595,5.0,3,1.6666666666666667,1.0,1.699673171197595,5.0,3,2.3333333333333335,0.0,3.2998316455372216,7.0,3,2.3333333333333335,0.0,3.2998316455372216,7.0,3,0.0,0.0,0.0,0.0,3,0.0,0.0,0.0,0.0,3,2,1,0,2,1,0,MUT,MUT,MUT
ATTGGCGAGCCAAACG,NRAS,0.0,0.0,0.0,0.0,1,0.0,0.0,0.0,0.0,1,1.0,1.0,0.0,1.0,1,1.0,1.0,0.0,1.0,1,0.0,0.0,0.0,0.0,1,0.0,0.0,0.0,0.0,1,0,1,0,0,1,0,MUT,MUT,MUT
ATTTAGGAGCCACTCG,NRAS,2.0,2.0,0.0,2.0,1,2.0,2.0,0.0,2.0,1,0.0,0.0,0.0,0.0,1,0.0,0.0,0.0,0.0,1,0.0,0.0,0.0,0.0,1,0.0,0.0,0.0,0.0,1,1,0,0,1,0,0,WT,WT,WT
ATTTGTCAGGGCGGAA,NRAS,0.0,0.0,0.0,0.0,2,0.0,0.0,0.0,0.0,2,3.5,3.5,2.5,7.0,2,3.5,3.5,2.5,7.0,2,0.0,0.0,0.0,0.0,2,0.0,0.0,0.0,0.0,2,0,2,0,0,2,0,MUT,MUT,MUT
CAACCTATCGCGAGTA,NRAS,0.0,0.0,0.0,0.0,2,0.0,0.0,0.0,0.0,2,6.5,6.5,2.5,13.0,2,6.5,6.5,2.5,13.0,2,0.0,0.0,0.0,0.0,2,0.0,0.0,0.0,0.0,2,0,2,0,0,2,0,MUT,MUT,MUT
CAATAAGTCCATAAAG,NRAS,1.0,1.0,0.0,1.0,1,1.0,1.0,0.0,1.0,1,0.0,0.0,0.0,0.0,1,0.0,0.0,0.0,0.0,1,0.0,0.0,0.0,0.0,1,0.0,0.0,0.0,0.0,1,1,0,0,1,0,0,WT,WT,WT
CAATACTTCGAAGGCC,NRAS,0.0,0.0,0.0,0.0,1,0.0,0.0,0.0,0.0,1,5.0,5.0,0.0,5.0,1,5.0,5.0,0.0,5.0,1,0.0,0.0,0.0,0.0,1,0.0,0.0,0.0,0.0,1,0,1,0,0,1,0,MUT,MUT,MUT
CAATAGTCACTAGCGG,NRAS,7.0,7.0,0.0,7.0,1,7.0,7.0,0.0,7.0,1,0.0,0.0,0.0,0.0,1,0.0,0.0,0.0,0.0,1,0.0,0.0,0.0,0.0,1,0.0,0.0,0.0,0.0,1,1,0,0,1,0,0,WT,WT,WT
CACTCCCTCACTGTCA,NRAS,0.5,0.5,0.5,1.0,2,0.5,0.5,0.5,1.0,2,2.0,2.0,2.0,4.0,2,2.0,2.0,2.0,4.0,2,0.0,0.0,0.0,0.0,2,0.0,0.0,0.0,0.0,2,1,1,0,1,1,0,MUT,MUT,MUT
CACTGTCAGGTTATCT,NRAS,0.0,0.0,0.0,0.0,1,0.0,0.0,0.0,0.0,1,1.0,1.0,0.0,1.0,1,1.0,1.0,0.0,1.0,1,0.0,0.0,0.0,0.0,1,0.0,0.0,0.0,0.0,1,0,1,0,0,1,0,MUT,MUT,MUT
CACTTGATCATGAATG,NRAS,0.0,0.0,0.0,0.0,2,0.0,0.0,0.0,0.0,2,1.5,1.5,0.5,3.0,2,1.5,1.5,0.5,3.0,2,0.0,0.0,0.0,0.0,2,0.0,0.0,0.0,0.0,2,0,2,0,0,2,0,MUT,MUT,MUT
CATAATGAGCGAAGAA,NRAS,0.0,0.0,0.0,0.0,1,0.0,0.0,0.0,0.0,1,3.0,3.0,0.0,3.0,1,3.0,3.0,0.0,3.0,1,0.0,0.0,0.0,0.0,1,0.0,0.0,0.0,0.0,1,0,1,0,0,1,0,MUT,MUT,MUT
CATGAAGGTGACATGA,NRAS,1.0,1.0,0.0,1.0,1,1.0,1.0,0.0,1.0,1,0.0,0.0,0.0,0.0,1,0.0,0.0,0.0,0.0,1,0.0,0.0,0.0,0.0,1,0.0,0.0,0.0,0.0,1,1,0,0,1,0,0,WT,WT,WT
CATGCTGGTCAGGATA,NRAS,0.0,0.0,0.0,0.0,1,0.0,0.0,0.0,0.0,1,3.0,3.0,0.0,3.0,1,3.0,3.0,0.0,3.0,1,0.0,0.0,0.0,0.0,1,0.0,0.0,0.0,0.0,1,0,1,0,0,1,0,MUT,MUT,MUT
CATTTCGAGTTTCGCA,NRAS,0.0,0.0,0.0,0.0,2,0.0,0.0,0.0,0.0,2,3.0,3.0,0.0,6.0,2,3.0,3.0,0.0,6.0,2,0.0,0.0,0.0,0.0,2,0.0,0.0,0.0,0.0,2,0,2,0,0,2,0,MUT,MUT,MUT
CCACTAATCCGTCAAC,NRAS,0.0,0.0,0.0,0.0,1,0.0,0.0,0.0,0.0,1,6.0,6.0,0.0,6.0,1,5.0,5.0,0.0,5.0,1,0.0,0.0,0.0,0.0,1,1.0,1.0,0.0,1.0,1,0,1,0,0,1,0,MUT,MUT,MUT
CCACTAATCGAAGGCC,NRAS,1.0,0.0,1.4142135623730951,3.0,3,1.0,0.0,1.4142135623730951,3.0,3,2.0,2.0,1.632993161855452,6.0,3,2.0,2.0,1.632993161855452,6.0,3,0.0,0.0,0.0,0.0,3,0.0,0.0,0.0,0.0,3,1,2,0,1,2,0,MUT,MUT,MUT
CCATCACAGCATCTTG,NRAS,0.0,0.0,0.0,0.0,1,0.0,0.0,0.0,0.0,1,2.0,2.0,0.0,2.0,1,2.0,2.0,0.0,2.0,1,0.0,0.0,0.0,0.0,1,0.0,0.0,0.0,0.0,1,0,1,0,0,1,0,MUT,MUT,MUT
CCATCCCTCACAGGGC,NRAS,0.0,0.0,0.0,0.0,1,0.0,0.0,0.0,0.0,1,2.0,2.0,0.0,2.0,1,2.0,2.0,0.0,2.0,1,0.0,0.0,0.0,0.0,1,0.0,0.0,0.0,0.0,1,0,1,0,0,1,0,MUT,MUT,MUT
CCCTGTGAGCGAGCTA,NRAS,5.0,5.0,0.0,5.0,1,5.0,5.0,0.0,5.0,1,0.0,0.0,0.0,0.0,1,0.0,0.0,0.0,0.0,1,0.0,0.0,0.0,0.0,1,0.0,0.0,0.0,0.0,1,1,0,0,1,0,0,WT,WT,WT
CCCTTGCTCTCCATCT,NRAS,0.0,0.0,0.0,0.0,2,0.0,0.0,0.0,0.0,2,9.0,9.0,5.0,18.0,2,9.0,9.0,5.0,18.0,2,0.0,0.0,0.0,0.0,2,0.0,0.0,0.0,0.0,2,0,2,0,0,2,0,MUT,MUT,MUT
CCTAGGTTCAACCGCT,NRAS,0.0,0.0,0.0,0.0,1,0.0,0.0,0.0,0.0,1,2.0,2.0,0.0,2.0,1,2.0,2.0,0.0,2.0,1,0.0,0.0,0.0,0.0,1,0.0,0.0,0.0,0.0,1,0,1,0,0,1,0,MUT,MUT,MUT
CCTATGATCTAATTGC,NRAS,0.0,0.0,0.0,0.0,1,0.0,0.0,0.0,0.0,1,2.0,2.0,0.0,2.0,1,2.0,2.0,0.0,2.0,1,0.0,0.0,0.0,0.0,1,0.0,0.0,0.0,0.0,1,0,1,0,0,1,0,MUT,MUT,MUT
CCTCAAATCATAATGG,NRAS,1.0,1.0,0.0,1.0,1,1.0,1.0,0.0,1.0,1,0.0,0.0,0.0,0.0,1,0.0,0.0,0.0,0.0,1,0.0,0.0,0.0,0.0,1,0.0,0.0,0.0,0.0,1,1,0,0,1,0,0,WT,WT,WT
CGAAGGTGTATAGCGA,NRAS,0.0,0.0,0.0,0.0,1,0.0,0.0,0.0,0.0,1,2.0,2.0,0.0,2.0,1,2.0,2.0,0.0,2.0,1,0.0,0.0,0.0,0.0,1,0.0,0.0,0.0,0.0,1,0,1,0,0,1,0,MUT,MUT,MUT
CGATGAAGTTGTCAGT,NRAS,0.0,0.0,0.0,0.0,1,0.0,0.0,0.0,0.0,1,2.0,2.0,0.0,2.0,1,2.0,2.0,0.0,2.0,1,0.0,0.0,0.0,0.0,1,0.0,0.0,0.0,0.0,1,0,1,0,0,1,0,MUT,MUT,MUT
CGCAATCTCTGCAACC,NRAS,5.0,5.0,0.0,5.0,1,5.0,5.0,0.0,5.0,1,0.0,0.0,0.0,0.0,1,0.0,0.0,0.0,0.0,1,0.0,0.0,0.0,0.0,1,0.0,0.0,0.0,0.0,1,1,0,0,1,0,0,WT,WT,WT
CGCAGGTAGTTGACCC,NRAS,0.6666666666666666,0.5,0.74535599249993,4.0,6,0.5,0.0,0.7637626158259734,3.0,6,3.0,1.0,3.7416573867739413,18.0,6,3.1666666666666665,1.5,3.6704525909242065,19.0,6,0.0,0.0,0.0,0.0,6,0.0,0.0,0.0,0.0,6,2,3,1,2,4,0,MUT,MUT,MUT
CGCGTTCCAGCCAGCA,NRAS,0.0,0.0,0.0,0.0,1,0.0,0.0,0.0,0.0,1,10.0,10.0,0.0,10.0,1,10.0,10.0,0.0,10.0,1,0.0,0.0,0.0,0.0,1,0.0,0.0,0.0,0.0,1,0,1,0,0,1,0,MUT,MUT,MUT
CGCTACGTCGATATTC,NRAS,2.0,2.0,0.0,2.0,1,2.0,2.0,0.0,2.0,1,0.0,0.0,0.0,0.0,1,0.0,0.0,0.0,0.0,1,0.0,0.0,0.0,0.0,1,0.0,0.0,0.0,0.0,1,1,0,0,1,0,0,WT,WT,WT
CGCTATATCGGTAAGT,NRAS,5.0,5.0,0.0,5.0,1,5.0,5.0,0.0,5.0,1,0.0,0.0,0.0,0.0,1,0.0,0.0,0.0,0.0,1,0.0,0.0,0.0,0.0,1,0.0,0.0,0.0,0.0,1,1,0,0,1,0,0,WT,WT,WT
CGCTTTAAGCTTACAT,NRAS,0.0,0.0,0.0,0.0,1,0.0,0.0,0.0,0.0,1,1.0,1.0,0.0,1.0,1,1.0,1.0,0.0,1.0,1,0.0,0.0,0.0,0.0,1,0.0,0.0,0.0,0.0,1,0,1,0,0,1,0,MUT,MUT,MUT
CGGGCTACACTAACGA,NRAS,0.0,0.0,0.0,0.0,1,0.0,0.0,0.0,0.0,1,3.0,3.0,0.0,3.0,1,3.0,3.0,0.0,3.0,1,0.0,0.0,0.0,0.0,1,0.0,0.0,0.0,0.0,1,0,1,0,0,1,0,MUT,MUT,MUT
CGGTGTGCAGGCTTAA,NRAS,0.0,0.0,0.0,0.0,1,0.0,0.0,0.0,0.0,1,8.0,8.0,0.0,8.0,1,8.0,8.0,0.0,8.0,1,0.0,0.0,0.0,0.0,1,0.0,0.0,0.0,0.0,1,0,1,0,0,1,0,MUT,MUT,MUT
CGTAAACAGGCTGGTA,NRAS,0.0,0.0,0.0,0.0,1,0.0,0.0,0.0,0.0,1,6.0,6.0,0.0,6.0,1,3.0,3.0,0.0,3.0,1,0.0,0.0,0.0,0.0,1,3.0,3.0,0.0,3.0,1,0,1,0,0,1,0,MUT,MUT,MUT
CGTAACGAGACCATTT,NRAS,2.0,2.0,0.0,2.0,1,2.0,2.0,0.0,2.0,1,0.0,0.0,0.0,0.0,1,0.0,0.0,0.0,0.0,1,0.0,0.0,0.0,0.0,1,0.0,0.0,0.0,0.0,1,1,0,0,1,0,0,WT,WT,WT
CGTAACGAGTATGGGT,NRAS,0.0,0.0,0.0,0.0,1,0.0,0.0,0.0,0.0,1,4.0,4.0,0.0,4.0,1,4.0,4.0,0.0,4.0,1,0.0,0.0,0.0,0.0,1,0.0,0.0,0.0,0.0,1,0,1,0,0,1,0,MUT,MUT,MUT
CGTGCGTGTTGACCCA,NRAS,7.0,7.0,0.0,7.0,1,7.0,7.0,0.0,7.0,1,0.0,0.0,0.0,0.0,1,0.0,0.0,0.0,0.0,1,0.0,0.0,0.0,0.0,1,0.0,0.0,0.0,0.0,1,1,0,0,1,0,0,WT,WT,WT
CGTGCTTAGCTTTACG,NRAS,0.0,0.0,0.0,0.0,1,0.0,0.0,0.0,0.0,1,2.0,2.0,0.0,2.0,1,2.0,2.0,0.0,2.0,1,0.0,0.0,0.0,0.0,1,0.0,0.0,0.0,0.0,1,0,1,0,0,1,0,MUT,MUT,MUT
CGTTACATCCGGCTCA,NRAS,0.0,0.0,0.0,0.0,1,0.0,0.0,0.0,0.0,1,2.0,2.0,0.0,2.0,1,2.0,2.0,0.0,2.0,1,0.0,0.0,0.0,0.0,1,0.0,0.0,0.0,0.0,1,0,1,0,0,1,0,MUT,MUT,MUT
CGTTCAATCCCTGGAT,NRAS,0.0,0.0,0.0,0.0,1,0.0,0.0,0.0,0.0,1,11.0,11.0,0.0,11.0,1,11.0,11.0,0.0,11.0,1,0.0,0.0,0.0,0.0,1,0.0,0.0,0.0,0.0,1,0,1,0,0,1,0,MUT,MUT,MUT
CGTTCGTAGGTTTCCA,NRAS,1.0,1.0,0.0,1.0,1,1.0,1.0,0.0,1.0,1,0.0,0.0,0.0,0.0,1,0.0,0.0,0.0,0.0,1,0.0,0.0,0.0,0.0,1,0.0,0.0,0.0,0.0,1,1,0,0,1,0,0,WT,WT,WT
CTAACTAGTTGCATCG,NRAS,0.0,0.0,0.0,0.0,1,0.0,0.0,0.0,0.0,1,1.0,1.0,0.0,1.0,1,1.0,1.0,0.0,1.0,1,0.0,0.0,0.0,0.0,1,0.0,0.0,0.0,0.0,1,0,1,0,0,1,0,MUT,MUT,MUT
CTAAGTGCACATACCT,NRAS,2.0,2.0,0.0,2.0,1,2.0,2.0,0.0,2.0,1,0.0,0.0,0.0,0.0,1,0.0,0.0,0.0,0.0,1,0.0,0.0,0.0,0.0,1,0.0,0.0,0.0,0.0,1,1,0,0,1,0,0,WT,WT,WT
CTACCAGGTATGGTCT,NRAS,4.0,4.0,0.0,4.0,1,4.0,4.0,0.0,4.0,1,0.0,0.0,0.0,0.0,1,0.0,0.0,0.0,0.0,1,0.0,0.0,0.0,0.0,1,0.0,0.0,0.0,0.0,1,1,0,0,1,0,0,WT,WT,WT
CTACCTAAGCATCCCG,NRAS,0.0,0.0,0.0,0.0,1,0.0,0.0,0.0,0.0,1,2.0,2.0,0.0,2.0,1,2.0,2.0,0.0,2.0,1,0.0,0.0,0.0,0.0,1,0.0,0.0,0.0,0.0,1,0,1,0,0,1,0,MUT,MUT,MUT
CTCAAATTCGAGGCAC,NRAS,0.0,0.0,0.0,0.0,1,0.0,0.0,0.0,0.0,1,1.0,1.0,0.0,1.0,1,1.0,1.0,0.0,1.0,1,0.0,0.0,0.0,0.0,1,0.0,0.0,0.0,0.0,1,0,1,0,0,1,0,MUT,MUT,MUT
CTCCTCTCACACCCAC,NRAS,4.0,4.0,0.0,4.0,1,4.0,4.0,0.0,4.0,1,0.0,0.0,0.0,0.0,1,0.0,0.0,0.0,0.0,1,0.0,0.0,0.0,0.0,1,0.0,0.0,0.0,0.0,1,1,0,0,1,0,0,WT,WT,WT
CTCGTTAAGAAAGGCA,NRAS,0.0,0.0,0.0,0.0,1,0.0,0.0,0.0,0.0,1,3.0,3.0,0.0,3.0,1,3.0,3.0,0.0,3.0,1,0.0,0.0,0.0,0.0,1,0.0,0.0,0.0,0.0,1,0,1,0,0,1,0,MUT,MUT,MUT
CTCTCAGCACTATGGA,NRAS,0.0,0.0,0.0,0.0,1,0.0,0.0,0.0,0.0,1,5.0,5.0,0.0,5.0,1,4.0,4.0,0.0,4.0,1,0.0,0.0,0.0,0.0,1,1.0,1.0,0.0,1.0,1,0,1,0,0,1,0,MUT,MUT,MUT
CTGATCCAGGTAGTTA,NRAS,0.0,0.0,0.0,0.0,1,0.0,0.0,0.0,0.0,1,4.0,4.0,0.0,4.0,1,4.0,4.0,0.0,4.0,1,0.0,0.0,0.0,0.0,1,0.0,0.0,0.0,0.0,1,0,1,0,0,1,0,MUT,MUT,MUT
CTGGTTATCAAGCTCC,NRAS,0.0,0.0,0.0,0.0,1,0.0,0.0,0.0,0.0,1,2.0,2.0,0.0,2.0,1,2.0,2.0,0.0,2.0,1,0.0,0.0,0.0,0.0,1,0.0,0.0,0.0,0.0,1,0,1,0,0,1,0,MUT,MUT,MUT
CTGGTTATCGAAATGC,NRAS,1.0,1.0,0.0,1.0,1,1.0,1.0,0.0,1.0,1,0.0,0.0,0.0,0.0,1,0.0,0.0,0.0,0.0,1,0.0,0.0,0.0,0.0,1,0.0,0.0,0.0,0.0,1,1,0,0,1,0,0,WT,WT,WT
CTTAACGTCGCTATAT,NRAS,0.0,0.0,0.0,0.0,1,0.0,0.0,0.0,0.0,1,3.0,3.0,0.0,3.0,1,3.0,3.0,0.0,3.0,1,0.0,0.0,0.0,0.0,1,0.0,0.0,0.0,0.0,1,0,1,0,0,1,0,MUT,MUT,MUT
CTTAAGTTCGGGACTA,NRAS,5.0,5.0,0.0,5.0,1,5.0,5.0,0.0,5.0,1,0.0,0.0,0.0,0.0,1,0.0,0.0,0.0,0.0,1,0.0,0.0,0.0,0.0,1,0.0,0.0,0.0,0.0,1,1,0,0,1,0,0,WT,WT,WT
CTTAGCGGTAATCCTA,NRAS,0.0,0.0,0.0,0.0,1,0.0,0.0,0.0,0.0,1,1.0,1.0,0.0,1.0,1,1.0,1.0,0.0,1.0,1,0.0,0.0,0.0,0.0,1,0.0,0.0,0.0,0.0,1,0,1,0,0,1,0,MUT,MUT,MUT
CTTCGCCTCACCTTTC,NRAS,0.0,0.0,0.0,0.0,1,0.0,0.0,0.0,0.0,1,5.0,5.0,0.0,5.0,1,5.0,5.0,0.0,5.0,1,0.0,0.0,0.0,0.0,1,0.0,0.0,0.0,0.0,1,0,1,0,0,1,0,MUT,MUT,MUT
CTTGACTCATTGCCGC,NRAS,1.0,1.0,0.0,1.0,1,1.0,1.0,0.0,1.0,1,0.0,0.0,0.0,0.0,1,0.0,0.0,0.0,0.0,1,0.0,0.0,0.0,0.0,1,0.0,0.0,0.0,0.0,1,1,0,0,1,0,0,WT,WT,WT
CTTGCGCCATGGCTAA,NRAS,7.0,7.0,0.0,7.0,1,7.0,7.0,0.0,7.0,1,0.0,0.0,0.0,0.0,1,0.0,0.0,0.0,0.0,1,0.0,0.0,0.0,0.0,1,0.0,0.0,0.0,0.0,1,1,0,0,1,0,0,WT,WT,WT
CTTTGGATCTCAGCAC,NRAS,0.0,0.0,0.0,0.0,1,0.0,0.0,0.0,0.0,1,1.0,1.0,0.0,1.0,1,1.0,1.0,0.0,1.0,1,0.0,0.0,0.0,0.0,1,0.0,0.0,0.0,0.0,1,0,1,0,0,1,0,MUT,MUT,MUT
CTTTGGTCATCATGTC,NRAS,0.0,0.0,0.0,0.0,2,0.0,0.0,0.0,0.0,2,1.0,1.0,0.0,2.0,2,1.0,1.0,0.0,2.0,2,0.0,0.0,0.0,0.0,2,0.0,0.0,0.0,0.0,2,0,2,0,0,2,0,MUT,MUT,MUT
GAATCAGGTTAGTTTG,NRAS,5.0,5.0,0.0,5.0,1,5.0,5.0,0.0,5.0,1,0.0,0.0,0.0,0.0,1,0.0,0.0,0.0,0.0,1,0.0,0.0,0.0,0.0,1,0.0,0.0,0.0,0.0,1,1,0,0,1,0,0,WT,WT,WT
GAATTGATCGATTCTG,NRAS,0.0,0.0,0.0,0.0,1,0.0,0.0,0.0,0.0,1,3.0,3.0,0.0,3.0,1,3.0,3.0,0.0,3.0,1,0.0,0.0,0.0,0.0,1,0.0,0.0,0.0,0.0,1,0,1,0,0,1,0,MUT,MUT,MUT
GACAACTAGCTTAGTT,NRAS,1.0,1.0,0.0,1.0,1,1.0,1.0,0.0,1.0,1,0.0,0.0,0.0,0.0,1,0.0,0.0,0.0,0.0,1,0.0,0.0,0.0,0.0,1,0.0,0.0,0.0,0.0,1,1,0,0,1,0,0,WT,WT,WT
GACAGGGAGACATAGC,NRAS,0.0,0.0,0.0,0.0,1,0.0,0.0,0.0,0.0,1,6.0,6.0,0.0,6.0,1,6.0,6.0,0.0,6.0,1,0.0,0.0,0.0,0.0,1,0.0,0.0,0.0,0.0,1,0,1,0,0,1,0,MUT,MUT,MUT
GACCAAGTCCGTGACT,NRAS,0.0,0.0,0.0,0.0,1,0.0,0.0,0.0,0.0,1,5.0,5.0,0.0,5.0,1,5.0,5.0,0.0,5.0,1,0.0,0.0,0.0,0.0,1,0.0,0.0,0.0,0.0,1,0,1,0,0,1,0,MUT,MUT,MUT
GACCAATAGATGCCTC,NRAS,0.0,0.0,0.0,0.0,2,0.0,0.0,0.0,0.0,2,3.5,3.5,2.5,7.0,2,3.5,3.5,2.5,7.0,2,0.0,0.0,0.0,0.0,2,0.0,0.0,0.0,0.0,2,0,2,0,0,2,0,MUT,MUT,MUT
GACCGTGCAGCAAGCT,NRAS,0.0,0.0,0.0,0.0,1,0.0,0.0,0.0,0.0,1,4.0,4.0,0.0,4.0,1,4.0,4.0,0.0,4.0,1,0.0,0.0,0.0,0.0,1,0.0,0.0,0.0,0.0,1,0,1,0,0,1,0,MUT,MUT,MUT
GACTGAGTCCTGAGGA,NRAS,2.0,2.0,0.0,2.0,1,2.0,2.0,0.0,2.0,1,0.0,0.0,0.0,0.0,1,0.0,0.0,0.0,0.0,1,0.0,0.0,0.0,0.0,1,0.0,0.0,0.0,0.0,1,1,0,0,1,0,0,WT,WT,WT
GAGCTTGAGTAAGTGC,NRAS,3.0,3.0,0.0,3.0,1,3.0,3.0,0.0,3.0,1,9.0,9.0,0.0,9.0,1,9.0,9.0,0.0,9.0,1,0.0,0.0,0.0,0.0,1,0.0,0.0,0.0,0.0,1,0,0,1,0,0,1,Unprofiled,Unprofiled,Unprofiled
GAGCTTTGTAGCGCGA,NRAS,6.0,6.0,0.0,6.0,1,6.0,6.0,0.0,6.0,1,0.0,0.0,0.0,0.0,1,0.0,0.0,0.0,0.0,1,0.0,0.0,0.0,0.0,1,0.0,0.0,0.0,0.0,1,1,0,0,1,0,0,WT,WT,WT
GAGGATGCAAGCTATG,NRAS,0.0,0.0,0.0,0.0,1,0.0,0.0,0.0,0.0,1,2.0,2.0,0.0,2.0,1,2.0,2.0,0.0,2.0,1,0.0,0.0,0.0,0.0,1,0.0,0.0,0.0,0.0,1,0,1,0,0,1,0,MUT,MUT,MUT
GAGGATGCATTTGTTG,NRAS,0.0,0.0,0.0,0.0,2,0.0,0.0,0.0,0.0,2,2.0,2.0,0.0,4.0,2,2.0,2.0,0.0,4.0,2,0.0,0.0,0.0,0.0,2,0.0,0.0,0.0,0.0,2,0,2,0,0,2,0,MUT,MUT,MUT
GATCACACAAACTGGC,NRAS,6.0,6.0,0.0,6.0,1,6.0,6.0,0.0,6.0,1,0.0,0.0,0.0,0.0,1,0.0,0.0,0.0,0.0,1,0.0,0.0,0.0,0.0,1,0.0,0.0,0.0,0.0,1,1,0,0,1,0,0,WT,WT,WT
GATGGAGCAAGTTGGC,NRAS,0.0,0.0,0.0,0.0,1,0.0,0.0,0.0,0.0,1,2.0,2.0,0.0,2.0,1,2.0,2.0,0.0,2.0,1,0.0,0.0,0.0,0.0,1,0.0,0.0,0.0,0.0,1,0,1,0,0,1,0,MUT,MUT,MUT
GATGGTAGTACCTTAA,NRAS,0.0,0.0,0.0,0.0,1,0.0,0.0,0.0,0.0,1,4.0,4.0,0.0,4.0,1,4.0,4.0,0.0,4.0,1,0.0,0.0,0.0,0.0,1,0.0,0.0,0.0,0.0,1,0,1,0,0,1,0,MUT,MUT,MUT
GATTGCTGTAGCCTTG,NRAS,0.25,0.0,0.4330127018922193,1.0,4,0.25,0.0,0.4330127018922193,1.0,4,2.25,2.5,1.479019945774904,9.0,4,2.25,2.5,1.479019945774904,9.0,4,0.0,0.0,0.0,0.0,4,0.0,0.0,0.0,0.0,4,1,3,0,1,3,0,MUT,MUT,MUT
GATTGGCCACGATTAG,NRAS,0.0,0.0,0.0,0.0,1,0.0,0.0,0.0,0.0,1,3.0,3.0,0.0,3.0,1,3.0,3.0,0.0,3.0,1,0.0,0.0,0.0,0.0,1,0.0,0.0,0.0,0.0,1,0,1,0,0,1,0,MUT,MUT,MUT
GCAAACTAGACAAAGG,NRAS,2.0,2.0,0.0,2.0,1,2.0,2.0,0.0,2.0,1,0.0,0.0,0.0,0.0,1,0.0,0.0,0.0,0.0,1,0.0,0.0,0.0,0.0,1,0.0,0.0,0.0,0.0,1,1,0,0,1,0,0,WT,WT,WT
GCAAGGTGTCAATCGT,NRAS,0.0,0.0,0.0,0.0,1,0.0,0.0,0.0,0.0,1,1.0,1.0,0.0,1.0,1,1.0,1.0,0.0,1.0,1,0.0,0.0,0.0,0.0,1,0.0,0.0,0.0,0.0,1,0,1,0,0,1,0,MUT,MUT,MUT
GCACTTGGTCAGGGCA,NRAS,2.0,2.0,0.0,2.0,1,2.0,2.0,0.0,2.0,1,0.0,0.0,0.0,0.0,1,0.0,0.0,0.0,0.0,1,0.0,0.0,0.0,0.0,1,0.0,0.0,0.0,0.0,1,1,0,0,1,0,0,WT,WT,WT
GCATTACGTGAGAAGG,NRAS,0.0,0.0,0.0,0.0,1,0.0,0.0,0.0,0.0,1,1.0,1.0,0.0,1.0,1,1.0,1.0,0.0,1.0,1,0.0,0.0,0.0,0.0,1,0.0,0.0,0.0,0.0,1,0,1,0,0,1,0,MUT,MUT,MUT
GCCATCAGTGAACGTA,NRAS,0.0,0.0,0.0,0.0,1,0.0,0.0,0.0,0.0,1,2.0,2.0,0.0,2.0,1,2.0,2.0,0.0,2.0,1,0.0,0.0,0.0,0.0,1,0.0,0.0,0.0,0.0,1,0,1,0,0,1,0,MUT,MUT,MUT
GCCCATTAGGCGATAT,NRAS,0.0,0.0,0.0,0.0,1,0.0,0.0,0.0,0.0,1,14.0,14.0,0.0,14.0,1,14.0,14.0,0.0,14.0,1,0.0,0.0,0.0,0.0,1,0.0,0.0,0.0,0.0,1,0,1,0,0,1,0,MUT,MUT,MUT
GCCCTTGAGAAACTCA,NRAS,0.0,0.0,0.0,0.0,1,0.0,0.0,0.0,0.0,1,4.0,4.0,0.0,4.0,1,4.0,4.0,0.0,4.0,1,0.0,0.0,0.0,0.0,1,0.0,0.0,0.0,0.0,1,0,1,0,0,1,0,MUT,MUT,MUT
GCCCTTTGTTAAGGAT,NRAS,0.0,0.0,0.0,0.0,1,0.0,0.0,0.0,0.0,1,1.0,1.0,0.0,1.0,1,1.0,1.0,0.0,1.0,1,0.0,0.0,0.0,0.0,1,0.0,0.0,0.0,0.0,1,0,1,0,0,1,0,MUT,MUT,MUT
GCGAGGTTCGCGAGTA,NRAS,2.0,2.0,0.0,2.0,1,2.0,2.0,0.0,2.0,1,0.0,0.0,0.0,0.0,1,0.0,0.0,0.0,0.0,1,0.0,0.0,0.0,0.0,1,0.0,0.0,0.0,0.0,1,1,0,0,1,0,0,WT,WT,WT
GCGGATTCAAACTTGG,NRAS,2.0,2.0,0.0,4.0,2,2.0,2.0,0.0,4.0,2,0.0,0.0,0.0,0.0,2,0.0,0.0,0.0,0.0,2,0.0,0.0,0.0,0.0,2,0.0,0.0,0.0,0.0,2,2,0,0,2,0,0,WT,WT,WT
GCGGATTCATAAGCCA,NRAS,2.0,2.0,2.0,4.0,2,2.0,2.0,2.0,4.0,2,3.5,3.5,3.5,7.0,2,3.5,3.5,3.5,7.0,2,0.0,0.0,0.0,0.0,2,0.0,0.0,0.0,0.0,2,1,1,0,1,1,0,MUT,MUT,MUT
GCGTTACTCGCGTTAC,NRAS,2.3333333333333335,3.0,1.699673171197595,7.0,3,2.0,3.0,1.4142135623730951,6.0,3,0.3333333333333333,0.0,0.4714045207910317,1.0,3,0.3333333333333333,0.0,0.4714045207910317,1.0,3,0.0,0.0,0.0,0.0,3,0.3333333333333333,0.0,0.4714045207910317,1.0,3,2,1,0,2,1,0,MUT,MUT,MUT
GCTAGACCATTCAGGA,NRAS,0.0,0.0,0.0,0.0,1,0.0,0.0,0.0,0.0,1,3.0,3.0,0.0,3.0,1,3.0,3.0,0.0,3.0,1,0.0,0.0,0.0,0.0,1,0.0,0.0,0.0,0.0,1,0,1,0,0,1,0,MUT,MUT,MUT
GCTGGGTAGCCATCAC,NRAS,0.0,0.0,0.0,0.0,1,0.0,0.0,0.0,0.0,1,9.0,9.0,0.0,9.0,1,9.0,9.0,0.0,9.0,1,0.0,0.0,0.0,0.0,1,0.0,0.0,0.0,0.0,1,0,1,0,0,1,0,MUT,MUT,MUT
GCTGTAACATGTGGCG,NRAS,0.0,0.0,0.0,0.0,1,0.0,0.0,0.0,0.0,1,7.0,7.0,0.0,7.0,1,7.0,7.0,0.0,7.0,1,0.0,0.0,0.0,0.0,1,0.0,0.0,0.0,0.0,1,0,1,0,0,1,0,MUT,MUT,MUT
GCTTAGGAGGATCCCT,NRAS,3.0,3.0,0.0,3.0,1,3.0,3.0,0.0,3.0,1,0.0,0.0,0.0,0.0,1,0.0,0.0,0.0,0.0,1,0.0,0.0,0.0,0.0,1,0.0,0.0,0.0,0.0,1,1,0,0,1,0,0,WT,WT,WT
GCTTAGGAGGTGAGAA,NRAS,1.0,1.0,1.0,2.0,2,1.0,1.0,1.0,2.0,2,2.5,2.5,2.5,5.0,2,2.5,2.5,2.5,5.0,2,0.0,0.0,0.0,0.0,2,0.0,0.0,0.0,0.0,2,1,1,0,1,1,0,MUT,MUT,MUT
GGAACATTCCCTCTCA,NRAS,3.0,3.0,0.0,3.0,1,3.0,3.0,0.0,3.0,1,0.0,0.0,0.0,0.0,1,0.0,0.0,0.0,0.0,1,0.0,0.0,0.0,0.0,1,0.0,0.0,0.0,0.0,1,1,0,0,1,0,0,WT,WT,WT
GGATAGGCAATCATCC,NRAS,0.0,0.0,0.0,0.0,1,0.0,0.0,0.0,0.0,1,5.0,5.0,0.0,5.0,1,5.0,5.0,0.0,5.0,1,0.0,0.0,0.0,0.0,1,0.0,0.0,0.0,0.0,1,0,1,0,0,1,0,MUT,MUT,MUT
GGATGTCCAGATAGCC,NRAS,1.0,1.0,0.0,1.0,1,1.0,1.0,0.0,1.0,1,0.0,0.0,0.0,0.0,1,0.0,0.0,0.0,0.0,1,0.0,0.0,0.0,0.0,1,0.0,0.0,0.0,0.0,1,1,0,0,1,0,0,WT,WT,WT
GGATTATCAAATGACT,NRAS,3.0,3.0,0.0,3.0,1,3.0,3.0,0.0,3.0,1,0.0,0.0,0.0,0.0,1,0.0,0.0,0.0,0.0,1,0.0,0.0,0.0,0.0,1,0.0,0.0,0.0,0.0,1,1,0,0,1,0,0,WT,WT,WT
GGATTATCATAGCCGG,NRAS,1.3333333333333333,0.0,1.8856180831641267,4.0,3,1.3333333333333333,0.0,1.8856180831641267,4.0,3,2.0,1.0,2.160246899469287,6.0,3,2.0,1.0,2.160246899469287,6.0,3,0.0,0.0,0.0,0.0,3,0.0,0.0,0.0,0.0,3,1,2,0,1,2,0,MUT,MUT,MUT
GGATTGAGTTGTTGGT,NRAS,0.5,0.5,0.5,1.0,2,0.5,0.5,0.5,1.0,2,1.0,1.0,1.0,2.0,2,1.0,1.0,1.0,2.0,2,0.0,0.0,0.0,0.0,2,0.0,0.0,0.0,0.0,2,1,1,0,1,1,0,MUT,MUT,MUT
GGCAAATTCCAGAACG,NRAS,0.5,0.5,0.5,1.0,2,0.5,0.5,0.5,1.0,2,1.0,1.0,1.0,2.0,2,1.0,1.0,1.0,2.0,2,0.0,0.0,0.0,0.0,2,0.0,0.0,0.0,0.0,2,1,1,0,1,1,0,MUT,MUT,MUT
GGCATTACAGACTCAA,NRAS,0.0,0.0,0.0,0.0,1,0.0,0.0,0.0,0.0,1,2.0,2.0,0.0,2.0,1,2.0,2.0,0.0,2.0,1,0.0,0.0,0.0,0.0,1,0.0,0.0,0.0,0.0,1,0,1,0,0,1,0,MUT,MUT,MUT
GGCGAAACACCTAACT,NRAS,1.5,1.5,1.5,3.0,2,1.5,1.5,1.5,3.0,2,1.5,1.5,1.5,3.0,2,1.5,1.5,1.5,3.0,2,0.0,0.0,0.0,0.0,2,0.0,0.0,0.0,0.0,2,1,1,0,1,1,0,MUT,MUT,MUT
GGCGCAAGTAACGTTC,NRAS,1.0,1.0,1.0,2.0,2,1.0,1.0,1.0,2.0,2,2.0,2.0,2.0,4.0,2,2.0,2.0,2.0,4.0,2,0.0,0.0,0.0,0.0,2,0.0,0.0,0.0,0.0,2,1,1,0,1,1,0,MUT,MUT,MUT
GGCGCTTGTAAGAATC,NRAS,0.0,0.0,0.0,0.0,1,0.0,0.0,0.0,0.0,1,7.0,7.0,0.0,7.0,1,7.0,7.0,0.0,7.0,1,0.0,0.0,0.0,0.0,1,0.0,0.0,0.0,0.0,1,0,1,0,0,1,0,MUT,MUT,MUT
GGCGTAATCGCTTGAC,NRAS,0.0,0.0,0.0,0.0,1,0.0,0.0,0.0,0.0,1,8.0,8.0,0.0,8.0,1,8.0,8.0,0.0,8.0,1,0.0,0.0,0.0,0.0,1,0.0,0.0,0.0,0.0,1,0,1,0,0,1,0,MUT,MUT,MUT
GGCTGAGGTATTTACG,NRAS,0.0,0.0,0.0,0.0,1,0.0,0.0,0.0,0.0,1,2.0,2.0,0.0,2.0,1,2.0,2.0,0.0,2.0,1,0.0,0.0,0.0,0.0,1,0.0,0.0,0.0,0.0,1,0,1,0,0,1,0,MUT,MUT,MUT
GGCTGATCACCTAACT,NRAS,4.0,4.0,0.0,4.0,1,4.0,4.0,0.0,4.0,1,0.0,0.0,0.0,0.0,1,0.0,0.0,0.0,0.0,1,0.0,0.0,0.0,0.0,1,0.0,0.0,0.0,0.0,1,1,0,0,1,0,0,WT,WT,WT
GGCTGATCACTGACTT,NRAS,2.0,2.0,0.0,2.0,1,2.0,2.0,0.0,2.0,1,0.0,0.0,0.0,0.0,1,0.0,0.0,0.0,0.0,1,0.0,0.0,0.0,0.0,1,0.0,0.0,0.0,0.0,1,1,0,0,1,0,0,WT,WT,WT
GGCTGGTAGGTTCATT,NRAS,0.0,0.0,0.0,0.0,1,0.0,0.0,0.0,0.0,1,2.0,2.0,0.0,2.0,1,2.0,2.0,0.0,2.0,1,0.0,0.0,0.0,0.0,1,0.0,0.0,0.0,0.0,1,0,1,0,0,1,0,MUT,MUT,MUT
GGCTTGAAGGTAACTA,NRAS,0.0,0.0,0.0,0.0,1,0.0,0.0,0.0,0.0,1,7.0,7.0,0.0,7.0,1,7.0,7.0,0.0,7.0,1,0.0,0.0,0.0,0.0,1,0.0,0.0,0.0,0.0,1,0,1,0,0,1,0,MUT,MUT,MUT
GGGCAATGTTGCGAAA,NRAS,0.0,0.0,0.0,0.0,1,0.0,0.0,0.0,0.0,1,9.0,9.0,0.0,9.0,1,9.0,9.0,0.0,9.0,1,0.0,0.0,0.0,0.0,1,0.0,0.0,0.0,0.0,1,0,1,0,0,1,0,MUT,MUT,MUT
GGGTTAGTCCTGAGGA,NRAS,0.75,0.5,0.82915619758885,3.0,4,0.5,0.0,0.8660254037844386,2.0,4,2.25,1.0,2.8613807855648994,9.0,4,2.5,1.5,2.692582403567252,10.0,4,0.0,0.0,0.0,0.0,4,0.0,0.0,0.0,0.0,4,2,2,0,1,3,0,MUT,MUT,MUT
GGGTTATAGTGCAACG,NRAS,0.0,0.0,0.0,0.0,1,0.0,0.0,0.0,0.0,1,6.0,6.0,0.0,6.0,1,6.0,6.0,0.0,6.0,1,0.0,0.0,0.0,0.0,1,0.0,0.0,0.0,0.0,1,0,1,0,0,1,0,MUT,MUT,MUT
GGTGTGCAGGTCTTGC,NRAS,0.0,0.0,0.0,0.0,1,0.0,0.0,0.0,0.0,1,4.0,4.0,0.0,4.0,1,4.0,4.0,0.0,4.0,1,0.0,0.0,0.0,0.0,1,0.0,0.0,0.0,0.0,1,0,1,0,0,1,0,MUT,MUT,MUT
GGTTGAGTCTAAGTAG,NRAS,0.0,0.0,0.0,0.0,2,0.0,0.0,0.0,0.0,2,1.5,1.5,0.5,3.0,2,1.5,1.5,0.5,3.0,2,0.0,0.0,0.0,0.0,2,0.0,0.0,0.0,0.0,2,0,2,0,0,2,0,MUT,MUT,MUT
GGTTTCCAGGAACTTA,NRAS,0.0,0.0,0.0,0.0,1,0.0,0.0,0.0,0.0,1,2.0,2.0,0.0,2.0,1,2.0,2.0,0.0,2.0,1,0.0,0.0,0.0,0.0,1,0.0,0.0,0.0,0.0,1,0,1,0,0,1,0,MUT,MUT,MUT
GTAAAGCTCGTGATTT,NRAS,1.0,1.0,0.0,1.0,1,1.0,1.0,0.0,1.0,1,0.0,0.0,0.0,0.0,1,0.0,0.0,0.0,0.0,1,0.0,0.0,0.0,0.0,1,0.0,0.0,0.0,0.0,1,1,0,0,1,0,0,WT,WT,WT
GTATGTAAGAGCAAGA,NRAS,0.0,0.0,0.0,0.0,1,0.0,0.0,0.0,0.0,1,3.0,3.0,0.0,3.0,1,3.0,3.0,0.0,3.0,1,0.0,0.0,0.0,0.0,1,0.0,0.0,0.0,0.0,1,0,1,0,0,1,0,MUT,MUT,MUT
GTATGTAAGGGTTTCC,NRAS,2.0,2.0,0.0,2.0,1,2.0,2.0,0.0,2.0,1,0.0,0.0,0.0,0.0,1,0.0,0.0,0.0,0.0,1,0.0,0.0,0.0,0.0,1,0.0,0.0,0.0,0.0,1,1,0,0,1,0,0,WT,WT,WT
GTATTACTCGGTAATA,NRAS,2.0,2.0,0.0,2.0,1,2.0,2.0,0.0,2.0,1,0.0,0.0,0.0,0.0,1,0.0,0.0,0.0,0.0,1,0.0,0.0,0.0,0.0,1,0.0,0.0,0.0,0.0,1,1,0,0,1,0,0,WT,WT,WT
GTCAACTGTGGATGCG,NRAS,0.0,0.0,0.0,0.0,1,0.0,0.0,0.0,0.0,1,3.0,3.0,0.0,3.0,1,3.0,3.0,0.0,3.0,1,0.0,0.0,0.0,0.0,1,0.0,0.0,0.0,0.0,1,0,1,0,0,1,0,MUT,MUT,MUT
GTCCTCACAACAAAGA,NRAS,2.0,2.0,0.0,2.0,1,2.0,2.0,0.0,2.0,1,0.0,0.0,0.0,0.0,1,0.0,0.0,0.0,0.0,1,0.0,0.0,0.0,0.0,1,0.0,0.0,0.0,0.0,1,1,0,0,1,0,0,WT,WT,WT
GTCCTGAGTCATGAAG,NRAS,6.0,6.0,0.0,6.0,1,6.0,6.0,0.0,6.0,1,0.0,0.0,0.0,0.0,1,0.0,0.0,0.0,0.0,1,0.0,0.0,0.0,0.0,1,0.0,0.0,0.0,0.0,1,1,0,0,1,0,0,WT,WT,WT
GTGGAAGCATTCAGGA,NRAS,0.0,0.0,0.0,0.0,1,0.0,0.0,0.0,0.0,1,1.0,1.0,0.0,1.0,1,1.0,1.0,0.0,1.0,1,0.0,0.0,0.0,0.0,1,0.0,0.0,0.0,0.0,1,0,1,0,0,1,0,MUT,MUT,MUT
GTGGTTACAAGCTAAT,NRAS,0.0,0.0,0.0,0.0,1,0.0,0.0,0.0,0.0,1,3.0,3.0,0.0,3.0,1,3.0,3.0,0.0,3.0,1,0.0,0.0,0.0,0.0,1,0.0,0.0,0.0,0.0,1,0,1,0,0,1,0,MUT,MUT,MUT
GTGGTTACACTCAATC,NRAS,0.0,0.0,0.0,0.0,1,0.0,0.0,0.0,0.0,1,1.0,1.0,0.0,1.0,1,1.0,1.0,0.0,1.0,1,0.0,0.0,0.0,0.0,1,0.0,0.0,0.0,0.0,1,0,1,0,0,1,0,MUT,MUT,MUT
GTTTGCATCGCGCATT,NRAS,0.0,0.0,0.0,0.0,1,0.0,0.0,0.0,0.0,1,4.0,4.0,0.0,4.0,1,4.0,4.0,0.0,4.0,1,0.0,0.0,0.0,0.0,1,0.0,0.0,0.0,0.0,1,0,1,0,0,1,0,MUT,MUT,MUT
GTTTGTCCACATGCTT,NRAS,0.0,0.0,0.0,0.0,1,0.0,0.0,0.0,0.0,1,1.0,1.0,0.0,1.0,1,1.0,1.0,0.0,1.0,1,0.0,0.0,0.0,0.0,1,0.0,0.0,0.0,0.0,1,0,1,0,0,1,0,MUT,MUT,MUT
TAACAGGGTCCTCATC,NRAS,1.0,1.0,0.0,1.0,1,1.0,1.0,0.0,1.0,1,0.0,0.0,0.0,0.0,1,0.0,0.0,0.0,0.0,1,0.0,0.0,0.0,0.0,1,0.0,0.0,0.0,0.0,1,1,0,0,1,0,0,WT,WT,WT
TAACAGGGTCCTCCAT,NRAS,0.0,0.0,0.0,0.0,1,0.0,0.0,0.0,0.0,1,3.0,3.0,0.0,3.0,1,3.0,3.0,0.0,3.0,1,0.0,0.0,0.0,0.0,1,0.0,0.0,0.0,0.0,1,0,1,0,0,1,0,MUT,MUT,MUT
TAACCACGTAGCCAAA,NRAS,2.0,2.0,1.0,4.0,2,2.0,2.0,1.0,4.0,2,0.0,0.0,0.0,0.0,2,0.0,0.0,0.0,0.0,2,0.0,0.0,0.0,0.0,2,0.0,0.0,0.0,0.0,2,2,0,0,2,0,0,WT,WT,WT
TAACGCCTCCTTAGAT,NRAS,0.0,0.0,0.0,0.0,1,0.0,0.0,0.0,0.0,1,8.0,8.0,0.0,8.0,1,8.0,8.0,0.0,8.0,1,0.0,0.0,0.0,0.0,1,0.0,0.0,0.0,0.0,1,0,1,0,0,1,0,MUT,MUT,MUT
TAACTGTTCATTTAGC,NRAS,0.0,0.0,0.0,0.0,1,0.0,0.0,0.0,0.0,1,1.0,1.0,0.0,1.0,1,1.0,1.0,0.0,1.0,1,0.0,0.0,0.0,0.0,1,0.0,0.0,0.0,0.0,1,0,1,0,0,1,0,MUT,MUT,MUT
TACCGGGCAATGTGGC,NRAS,4.0,4.0,0.0,4.0,1,4.0,4.0,0.0,4.0,1,0.0,0.0,0.0,0.0,1,0.0,0.0,0.0,0.0,1,0.0,0.0,0.0,0.0,1,0.0,0.0,0.0,0.0,1,1,0,0,1,0,0,WT,WT,WT
TACGGGTCACGGGCTA,NRAS,5.0,5.0,0.0,5.0,1,5.0,5.0,0.0,5.0,1,0.0,0.0,0.0,0.0,1,0.0,0.0,0.0,0.0,1,0.0,0.0,0.0,0.0,1,0.0,0.0,0.0,0.0,1,1,0,0,1,0,0,WT,WT,WT
TACGTTAGTCCTGACA,NRAS,0.0,0.0,0.0,0.0,2,0.0,0.0,0.0,0.0,2,1.5,1.5,0.5,3.0,2,1.5,1.5,0.5,3.0,2,0.0,0.0,0.0,0.0,2,0.0,0.0,0.0,0.0,2,0,2,0,0,2,0,MUT,MUT,MUT
TATGAGCAGTTATTGC,NRAS,2.3333333333333335,0.0,3.2998316455372216,7.0,3,2.3333333333333335,0.0,3.2998316455372216,7.0,3,1.3333333333333333,2.0,0.9428090415820634,4.0,3,1.3333333333333333,2.0,0.9428090415820634,4.0,3,0.0,0.0,0.0,0.0,3,0.0,0.0,0.0,0.0,3,1,2,0,1,2,0,MUT,MUT,MUT
TCAACTGTCTAACCTG,NRAS,0.0,0.0,0.0,0.0,1,0.0,0.0,0.0,0.0,1,5.0,5.0,0.0,5.0,1,5.0,5.0,0.0,5.0,1,0.0,0.0,0.0,0.0,1,0.0,0.0,0.0,0.0,1,0,1,0,0,1,0,MUT,MUT,MUT
TCACTTTGTGCATTAC,NRAS,0.0,0.0,0.0,0.0,1,0.0,0.0,0.0,0.0,1,1.0,1.0,0.0,1.0,1,1.0,1.0,0.0,1.0,1,0.0,0.0,0.0,0.0,1,0.0,0.0,0.0,0.0,1,0,1,0,0,1,0,MUT,MUT,MUT
TCCAGGAAGCGCTACT,NRAS,2.0,2.0,0.0,2.0,1,2.0,2.0,0.0,2.0,1,0.0,0.0,0.0,0.0,1,0.0,0.0,0.0,0.0,1,0.0,0.0,0.0,0.0,1,0.0,0.0,0.0,0.0,1,1,0,0,1,0,0,WT,WT,WT
TCCCATAAGCACGGTA,NRAS,0.0,0.0,0.0,0.0,2,0.0,0.0,0.0,0.0,2,9.0,9.0,0.0,18.0,2,9.0,9.0,0.0,18.0,2,0.0,0.0,0.0,0.0,2,0.0,0.0,0.0,0.0,2,0,2,0,0,2,0,MUT,MUT,MUT
TCTATCTGTCAATCGT,NRAS,0.0,0.0,0.0,0.0,1,0.0,0.0,0.0,0.0,1,2.0,2.0,0.0,2.0,1,2.0,2.0,0.0,2.0,1,0.0,0.0,0.0,0.0,1,0.0,0.0,0.0,0.0,1,0,1,0,0,1,0,MUT,MUT,MUT
TCTCAATAGTCTTGCA,NRAS,0.0,0.0,0.0,0.0,1,0.0,0.0,0.0,0.0,1,1.0,1.0,0.0,1.0,1,1.0,1.0,0.0,1.0,1,0.0,0.0,0.0,0.0,1,0.0,0.0,0.0,0.0,1,0,1,0,0,1,0,MUT,MUT,MUT
TCTGTAAGTCCTGAGC,NRAS,4.0,4.0,0.0,4.0,1,4.0,4.0,0.0,4.0,1,0.0,0.0,0.0,0.0,1,0.0,0.0,0.0,0.0,1,0.0,0.0,0.0,0.0,1,0.0,0.0,0.0,0.0,1,1,0,0,1,0,0,WT,WT,WT
TGAACAGGTTTCAGGT,NRAS,0.0,0.0,0.0,0.0,2,0.0,0.0,0.0,0.0,2,1.5,1.5,0.5,3.0,2,1.5,1.5,0.5,3.0,2,0.0,0.0,0.0,0.0,2,0.0,0.0,0.0,0.0,2,0,2,0,0,2,0,MUT,MUT,MUT
TGACATGCAACAAGCC,NRAS,0.0,0.0,0.0,0.0,1,0.0,0.0,0.0,0.0,1,3.0,3.0,0.0,3.0,1,3.0,3.0,0.0,3.0,1,0.0,0.0,0.0,0.0,1,0.0,0.0,0.0,0.0,1,0,1,0,0,1,0,MUT,MUT,MUT
TGACTACGTGACCTGC,NRAS,1.0,1.0,1.0,2.0,2,1.0,1.0,1.0,2.0,2,1.5,1.5,1.5,3.0,2,1.5,1.5,1.5,3.0,2,0.0,0.0,0.0,0.0,2,0.0,0.0,0.0,0.0,2,1,1,0,1,1,0,MUT,MUT,MUT
TGCACGTTCCAATAGA,NRAS,0.0,0.0,0.0,0.0,1,0.0,0.0,0.0,0.0,1,10.0,10.0,0.0,10.0,1,10.0,10.0,0.0,10.0,1,0.0,0.0,0.0,0.0,1,0.0,0.0,0.0,0.0,1,0,1,0,0,1,0,MUT,MUT,MUT
TGCTATTAGCCATAAA,NRAS,0.0,0.0,0.0,0.0,1,0.0,0.0,0.0,0.0,1,9.0,9.0,0.0,9.0,1,9.0,9.0,0.0,9.0,1,0.0,0.0,0.0,0.0,1,0.0,0.0,0.0,0.0,1,0,1,0,0,1,0,MUT,MUT,MUT
TGCTATTAGGGTTACG,NRAS,1.0,1.0,1.0,2.0,2,1.0,1.0,1.0,2.0,2,1.0,1.0,1.0,2.0,2,1.0,1.0,1.0,2.0,2,0.0,0.0,0.0,0.0,2,0.0,0.0,0.0,0.0,2,1,1,0,1,1,0,MUT,MUT,MUT
TGGCTACTCATCACAT,NRAS,0.0,0.0,0.0,0.0,1,0.0,0.0,0.0,0.0,1,2.0,2.0,0.0,2.0,1,2.0,2.0,0.0,2.0,1,0.0,0.0,0.0,0.0,1,0.0,0.0,0.0,0.0,1,0,1,0,0,1,0,MUT,MUT,MUT
TGGGCCACAGCAATTG,NRAS,0.0,0.0,0.0,0.0,1,0.0,0.0,0.0,0.0,1,3.0,3.0,0.0,3.0,1,3.0,3.0,0.0,3.0,1,0.0,0.0,0.0,0.0,1,0.0,0.0,0.0,0.0,1,0,1,0,0,1,0,MUT,MUT,MUT
TGGTGAAGTCGAAGTA,NRAS,0.0,0.0,0.0,0.0,1,0.0,0.0,0.0,0.0,1,3.0,3.0,0.0,3.0,1,3.0,3.0,0.0,3.0,1,0.0,0.0,0.0,0.0,1,0.0,0.0,0.0,0.0,1,0,1,0,0,1,0,MUT,MUT,MUT
TGGTTTGTCAAGATGC,NRAS,0.0,0.0,0.0,0.0,1,0.0,0.0,0.0,0.0,1,1.0,1.0,0.0,1.0,1,1.0,1.0,0.0,1.0,1,0.0,0.0,0.0,0.0,1,0.0,0.0,0.0,0.0,1,0,1,0,0,1,0,MUT,MUT,MUT
TGGTTTGTCTCACAAT,NRAS,0.0,0.0,0.0,0.0,1,0.0,0.0,0.0,0.0,1,1.0,1.0,0.0,1.0,1,1.0,1.0,0.0,1.0,1,0.0,0.0,0.0,0.0,1,0.0,0.0,0.0,0.0,1,0,1,0,0,1,0,MUT,MUT,MUT
TGTAACCGTGCCCGAT,NRAS,7.0,7.0,0.0,7.0,1,7.0,7.0,0.0,7.0,1,0.0,0.0,0.0,0.0,1,0.0,0.0,0.0,0.0,1,0.0,0.0,0.0,0.0,1,0.0,0.0,0.0,0.0,1,1,0,0,1,0,0,WT,WT,WT
TGTCTTGAGACGCATG,NRAS,0.0,0.0,0.0,0.0,3,0.0,0.0,0.0,0.0,3,4.666666666666667,3.0,3.0912061651652345,14.0,3,4.666666666666667,3.0,3.0912061651652345,14.0,3,0.0,0.0,0.0,0.0,3,0.0,0.0,0.0,0.0,3,0,3,0,0,3,0,MUT,MUT,MUT
TGTCTTGAGCACGTTC,NRAS,1.0,1.0,0.0,1.0,1,1.0,1.0,0.0,1.0,1,0.0,0.0,0.0,0.0,1,0.0,0.0,0.0,0.0,1,0.0,0.0,0.0,0.0,1,0.0,0.0,0.0,0.0,1,1,0,0,1,0,0,WT,WT,WT
TGTTAGCGTGATTACC,NRAS,0.0,0.0,0.0,0.0,1,0.0,0.0,0.0,0.0,1,5.0,5.0,0.0,5.0,1,5.0,5.0,0.0,5.0,1,0.0,0.0,0.0,0.0,1,0.0,0.0,0.0,0.0,1,0,1,0,0,1,0,MUT,MUT,MUT
TTACTTGCACATGAAT,NRAS,0.0,0.0,0.0,0.0,1,0.0,0.0,0.0,0.0,1,5.0,5.0,0.0,5.0,1,5.0,5.0,0.0,5.0,1,0.0,0.0,0.0,0.0,1,0.0,0.0,0.0,0.0,1,0,1,0,0,1,0,MUT,MUT,MUT
TTAGGTGCAACATAGT,NRAS,0.0,0.0,0.0,0.0,1,0.0,0.0,0.0,0.0,1,1.0,1.0,0.0,1.0,1,1.0,1.0,0.0,1.0,1,0.0,0.0,0.0,0.0,1,0.0,0.0,0.0,0.0,1,0,1,0,0,1,0,MUT,MUT,MUT
TTAGTCGTCGAGGCGT,NRAS,0.0,0.0,0.0,0.0,1,0.0,0.0,0.0,0.0,1,2.0,2.0,0.0,2.0,1,2.0,2.0,0.0,2.0,1,0.0,0.0,0.0,0.0,1,0.0,0.0,0.0,0.0,1,0,1,0,0,1,0,MUT,MUT,MUT
TTCGGTCAGCGAGGGA,NRAS,0.0,0.0,0.0,0.0,2,0.0,0.0,0.0,0.0,2,3.0,3.0,0.0,6.0,2,3.0,3.0,0.0,6.0,2,0.0,0.0,0.0,0.0,2,0.0,0.0,0.0,0.0,2,0,2,0,0,2,0,MUT,MUT,MUT
TTGAGTAAGGCTACTC,NRAS,0.0,0.0,0.0,0.0,1,0.0,0.0,0.0,0.0,1,1.0,1.0,0.0,1.0,1,1.0,1.0,0.0,1.0,1,0.0,0.0,0.0,0.0,1,0.0,0.0,0.0,0.0,1,0,1,0,0,1,0,MUT,MUT,MUT
TTGCGCAGTCAAACTC,NRAS,0.0,0.0,0.0,0.0,1,0.0,0.0,0.0,0.0,1,6.0,6.0,0.0,6.0,1,6.0,6.0,0.0,6.0,1,0.0,0.0,0.0,0.0,1,0.0,0.0,0.0,0.0,1,0,1,0,0,1,0,MUT,MUT,MUT
TTGGTCATCCTCACGG,NRAS,0.0,0.0,0.0,0.0,1,0.0,0.0,0.0,0.0,1,2.0,2.0,0.0,2.0,1,2.0,2.0,0.0,2.0,1,0.0,0.0,0.0,0.0,1,0.0,0.0,0.0,0.0,1,0,1,0,0,1,0,MUT,MUT,MUT
TTGTCAGTCGATTCTG,NRAS,0.0,0.0,0.0,0.0,1,0.0,0.0,0.0,0.0,1,1.0,1.0,0.0,1.0,1,1.0,1.0,0.0,1.0,1,0.0,0.0,0.0,0.0,1,0.0,0.0,0.0,0.0,1,0,1,0,0,1,0,MUT,MUT,MUT
TTTACTGCAAAGAACA,NRAS,0.0,0.0,0.0,0.0,1,0.0,0.0,0.0,0.0,1,2.0,2.0,0.0,2.0,1,2.0,2.0,0.0,2.0,1,0.0,0.0,0.0,0.0,1,0.0,0.0,0.0,0.0,1,0,1,0,0,1,0,MUT,MUT,MUT
TTTGCTGAGATAGCTA,NRAS,0.0,0.0,0.0,0.0,1,0.0,0.0,0.0,0.0,1,3.0,3.0,0.0,3.0,1,3.0,3.0,0.0,3.0,1,0.0,0.0,0.0,0.0,1,0.0,0.0,0.0,0.0,1,0,1,0,0,1,0,MUT,MUT,MUT
TTTGCTGAGGTAACTA,NRAS,0.0,0.0,0.0,0.0,1,0.0,0.0,0.0,0.0,1,1.0,1.0,0.0,1.0,1,1.0,1.0,0.0,1.0,1,0.0,0.0,0.0,0.0,1,0.0,0.0,0.0,0.0,1,0,1,0,0,1,0,MUT,MUT,MUT
