BC,target,sample,expected_sample,expected,experiment,is_non_mut,genotype_geneseq,genotype_probebc,genotype_merged,cell_group,logistic_regression_pred,random_forest_pred,knn_pred,naive_bayes_pred,xgboost_pred,mlp_pred,gradient_boosting_pred,adaboost_pred,ensemble_hard_pred,ensemble_soft_pred,logistic_regression_prob_FalsePositive,logistic_regression_prob_WT,logistic_regression_prob_MUT,random_forest_prob_FalsePositive,random_forest_prob_WT,random_forest_prob_MUT,knn_prob_FalsePositive,knn_prob_WT,knn_prob_MUT,naive_bayes_prob_FalsePositive,naive_bayes_prob_WT,naive_bayes_prob_MUT,xgboost_prob_FalsePositive,xgboost_prob_WT,xgboost_prob_MUT,mlp_prob_FalsePositive,mlp_prob_WT,mlp_prob_MUT,gradient_boosting_prob_FalsePositive,gradient_boosting_prob_WT,gradient_boosting_prob_MUT,adaboost_prob_FalsePositive,adaboost_prob_WT,adaboost_prob_MUT,ensemble_soft_prob_FalsePositive,ensemble_soft_prob_WT,ensemble_soft_prob_MUT,ensemble_hard_confidence,Y,logistic_regression_pred_adj,random_forest_pred_adj,knn_pred_adj,naive_bayes_pred_adj,xgboost_pred_adj,mlp_pred_adj,gradient_boosting_pred_adj,adaboost_pred_adj,ensemble_hard_pred_adj,ensemble_soft_pred_adj,genotype_final,gt
TAATAGCCAATGGGAG,BCOR,CLL8,CLL8,1,FRP.FFPEtest1_CLL8,False,MUT,MUT,MUT,GCB,MUT,MUT,MUT,MUT,MUT,MUT,MUT,MUT,MUT,MUT,3.976749907330589e-06,1.0152289230361192e-14,0.9999960232500824,0.0,0.0,1.0,0.0,0.0,1.0,0.0,0.0,1.0,0.0003805368,0.0004559351,0.9991635,3.293592684772657e-27,4.0148875477692564e-19,1.0,2.430571314982329e-05,5.77396147675721e-06,0.9999699203253734,0.3337522045671043,0.2547147065929851,0.4115330888399106,0.1124432217704177,0.0729615815271026,0.8145951966539732,1.0,MUT,MUT,MUT,MUT,MUT,MUT,MUT,MUT,MUT,MUT,MUT,MUT,MUT
AAGGACAAGGCTACTC,BCOR,CLL8,CLL8,1,FRP.FFPEtest1_CLL8,False,WT,WT,WT,GCB,WT,WT,WT,WT,WT,WT,WT,WT,WT,WT,5.351236616419078e-06,0.9999682742308812,2.637453250250311e-05,0.0,1.0,0.0,0.0,1.0,0.0,0.0,1.0,1.0334668362301346e-30,0.0017244914,0.99676126,0.0015143054,5.012602816589492e-19,0.9999976561930648,2.3438069353778806e-06,7.462499043705279e-06,0.9999803726027492,1.2164898207024795e-05,0.2742762577170305,0.435395977606152,0.2903277646768176,0.07611775448596,0.8373689172904281,0.0865133258176955,1.0,WT,WT,WT,WT,WT,WT,WT,WT,WT,WT,WT,WT,WT
TTCCTCAGTGAACGAC,BCOR,CLL8,CLL8,1,FRP.FFPEtest1_CLL8,False,MUT,MUT,MUT,GCB,MUT,MUT,MUT,MUT,MUT,MUT,MUT,MUT,MUT,MUT,7.658582606768164e-05,2.4145667709624277e-09,0.9999234117593656,0.0,0.0,1.0,0.0,0.0,1.0,0.0,0.0,1.0,0.00030820278,0.00039781095,0.9992939,3.315660599496563e-25,3.229592682525018e-15,0.9999999999999968,2.436096181430345e-05,5.779807435780825e-06,0.99996985923075,0.3337522045671043,0.2547147065929851,0.4115330888399106,0.1020879725569409,0.073342661382733,0.8245693689513066,1.0,MUT,MUT,MUT,MUT,MUT,MUT,MUT,MUT,MUT,MUT,MUT,MUT,MUT
GTTCCATCAGAGAGCA,BCOR,CLL8,CLL8,1,FRP.FFPEtest1_CLL8,False,WT,WT,WT,Memory -B,WT,WT,WT,WT,WT,WT,WT,WT,WT,WT,0.000625663019521,0.9993740169490792,3.200313996572307e-07,0.0,1.0,0.0,0.0,1.0,0.0,0.0,1.0,1.448132536843246e-31,0.0008849091,0.99662626,0.002488827,8.949568471713007e-12,0.999996963049668,3.0369413822918194e-06,2.414136511098777e-05,0.9999638247374628,1.2033897426086224e-05,0.2908404839357271,0.435383043434917,0.2737764726293558,0.0831893629020825,0.8381762674753617,0.0786343678957287,1.0,WT,WT,WT,WT,WT,WT,WT,WT,WT,WT,WT,WT,WT
GTCCGTTAGGCACTAG,BCOR,CLL8,CLL8,1,FRP.FFPEtest1_CLL8,False,MUT,MUT,MUT,CD24+ -B,FalsePositive,MUT,MUT,FalsePositive,MUT,MUT,MUT,FalsePositive,MUT,MUT,0.9258276438982664,0.0004919354404767,0.0736804206612566,0.0,0.0,1.0,0.0,0.0,1.0,0.9999999999999716,0.0,2.7186497499024433e-14,0.013044549,0.0016205518,0.9853349,1.0644337258692782e-05,5.38315931581409e-07,0.9999888173468096,0.000376067077291,2.5413332479054717e-05,0.99959851959023,0.3776197626461705,0.2557349043496649,0.3666453330041645,0.4069817606827939,0.0812040375112443,0.5118142069864434,0.625,MUT,FalsePositive,MUT,MUT,FalsePositive,MUT,MUT,MUT,FalsePositive,MUT,MUT,MUT,MUT
AAGGCCGGTTGTTTGA,BCOR,CLL8,CLL8,1,FRP.FFPEtest1_CLL8,False,WT,WT,WT,GCB,WT,WT,WT,WT,WT,WT,WT,WT,WT,WT,0.0025674020338795,0.9974317626515288,8.35314591564483e-07,0.0,1.0,0.0,0.0,1.0,0.0,0.0,1.0,4.585377475253276e-27,0.0015207097,0.9968209,0.0016583747,3.917212012807994e-12,0.999997926044786,2.073951296781629e-06,2.2973977649594295e-05,0.9999660325336636,1.0993488686798472e-05,0.2932550889819007,0.4353116725226822,0.271433238495417,0.0833555962609516,0.8333656898144045,0.0832787091710182,1.0,WT,WT,WT,WT,WT,WT,WT,WT,WT,WT,WT,WT,WT
TAGGTTAAGCATCCCG,BCOR,CLL8,CLL8,1,FRP.FFPEtest1_CLL8,False,WT,WT,WT,CCDN2$^{hi}$ -B,WT,WT,WT,WT,WT,WT,WT,WT,WT,WT,6.118004744661957e-08,0.9999978091054424,2.1297145101187816e-06,0.0,1.0,0.0,0.0,1.0,0.0,0.0,1.0,3.1223466431001627e-59,0.0014652176,0.9969078,0.001627068,4.674892099102853e-19,0.9999979178372004,2.082162799444641e-06,1.5815907971749632e-05,0.9999723227359334,1.1861356094911974e-05,0.2932550889819007,0.4353116725226822,0.271433238495417,0.0759035973378679,0.8473480711480962,0.0767483285648477,1.0,WT,WT,WT,WT,WT,WT,WT,WT,WT,WT,WT,WT,WT
GCATTACGTGAGAAGG,BCOR,CLL8,CLL8,1,FRP.FFPEtest1_CLL8,False,MUT,MUT,MUT,GCB,MUT,MUT,MUT,MUT,MUT,MUT,MUT,MUT,MUT,MUT,0.0018428154160851,0.0010120879608047,0.99714509662311,0.0,0.0,1.0,0.0,0.0,1.0,2.8089539285544552e-92,0.0,1.0,0.00019687969,0.00047783126,0.9993253,7.20604176653363e-33,2.5163146647911254e-15,0.9999999999999976,3.985892495663394e-05,5.786888653616007e-06,0.9999543541863896,0.3337522045671043,0.2547147065929851,0.4115330888399106,0.1144704378359457,0.0877609100275892,0.7977686477805918,1.0,MUT,MUT,MUT,MUT,MUT,MUT,MUT,MUT,MUT,MUT,MUT,MUT,MUT
GACCTTCAGGTGCACA,BCOR,CLL8,CLL8,0,FRP.FFPEtest1_CLL8,True,WT,WT,WT,Myo Fibro,WT,WT,WT,WT,WT,WT,WT,WT,WT,WT,1.5344846249517275e-10,0.9999994440397528,5.558067985943716e-07,0.0,1.0,0.0,0.0,1.0,0.0,0.0,1.0,1.592833293140764e-110,0.0007121035,0.9966696,0.0026183412,3.704936600760991e-22,0.9999698233677692,3.017663223086632e-05,5.17868912578771e-06,0.9999888226050364,5.998705837495148e-06,0.2855969080262448,0.4354781932430713,0.2789248987306837,0.0775024954257824,0.8490132124937658,0.0734842879089029,1.0,WT,WT,WT,WT,WT,WT,WT,WT,WT,WT,WT,WT,WT
AGGAACCGTTTACTGA,BCOR,CLL8,CLL8,1,FRP.FFPEtest1_CLL8,False,WT,WT,WT,CCDN2$^{hi}$ -B,WT,WT,WT,WT,WT,WT,WT,WT,WT,WT,0.0381494587187196,0.9618504831904144,5.809086604927409e-08,0.0,1.0,0.0,0.0,1.0,0.0,0.0,1.0,1.5572754108151948e-27,0.0006840356,0.99658954,0.0027263826,6.097546733982772e-11,0.9999542516922748,4.574824674977131e-05,5.366263733173248e-06,0.9999881125320412,6.521204225817351e-06,0.2855969080262448,0.4354781932430713,0.2789248987306837,0.0937583715920539,0.827412676617148,0.0788289476192491,1.0,WT,WT,WT,WT,WT,WT,WT,WT,WT,WT,WT,WT,WT
GTTTAGCGTAACCTTA,BCOR,CLL8,CLL8,1,FRP.FFPEtest1_CLL8,False,MUT,MUT,MUT,GCB,MUT,MUT,MUT,MUT,MUT,MUT,MUT,MUT,MUT,MUT,0.4660924174041739,0.0012160947327636,0.5326914878630624,0.2,0.0,0.8,0.2415299290647888,0.0,0.7584700709352112,3.154349503101927e-50,0.0,1.0,0.036288552,0.011214749,0.9524967,1.5723980780582142e-19,1.938269290354344e-09,0.9999999980617308,0.0001339974811703,5.590191412499111e-06,0.9998604123274172,0.3712727831097681,0.2557551026778158,0.3729721142124161,0.2425619989584772,0.0939510542943879,0.663486946126253,0.9166666666666666,MUT,MUT,MUT,MUT,MUT,MUT,MUT,MUT,MUT,MUT,MUT,MUT,MUT
ATGAAAGCATCACTCG,BCOR,CLL8,CLL8,1,FRP.FFPEtest1_CLL8,False,WT,WT,WT,Memory -B,WT,WT,WT,WT,WT,WT,WT,WT,WT,WT,0.0112600568834432,0.9887399361126692,7.003887579024732e-09,0.0,1.0,0.0,0.0,1.0,0.0,0.0,0.9999999999989412,1.0595408248336674e-12,0.0006184569,0.9964636,0.0029179128,3.4031027280731065e-14,0.9999906561572308,9.343842734968942e-06,2.167500974290369e-05,0.9999662881241524,1.2036866104606152e-05,0.2908404839357271,0.435383043434917,0.2737764726293558,0.0859857907429911,0.8303582437826487,0.0836559648146735,1.0,WT,WT,WT,WT,WT,WT,WT,WT,WT,WT,WT,WT,WT
GTAATCCGTACGAATG,BCOR,CLL8,CLL8,1,FRP.FFPEtest1_CLL8,False,MUT,MUT,MUT,CD24+ -B,FalsePositive,MUT,MUT,FalsePositive,MUT,MUT,MUT,MUT,MUT,MUT,0.9068962649910184,0.0003694104470663,0.0927343245619151,0.0,0.0,1.0,0.0,0.0,1.0,0.9999999999999324,0.0,6.681438008993133e-14,0.00097172183,0.0006802239,0.9983481,2.635868991927941e-05,6.294637893711066e-07,0.9999730118462914,5.191286974778533e-05,1.8843411412090924e-05,0.99992924371884,0.361325575251579,0.255674875038657,0.3829995497097639,0.3545431368961546,0.0794587501481128,0.565998112800512,0.625,MUT,FalsePositive,MUT,MUT,FalsePositive,MUT,MUT,MUT,MUT,MUT,MUT,MUT,MUT
AGAGGTTTCCGCAATC,BCOR,CLL8,CLL8,1,FRP.FFPEtest1_CLL8,False,MUT,MUT,MUT,CD24+ -B,MUT,MUT,MUT,MUT,MUT,MUT,MUT,MUT,MUT,MUT,0.3446379301769285,2.706935719577535e-09,0.6553620671161359,0.02,0.0,0.98,0.0,0.0,1.0,0.0,0.0,1.0,0.0021965688,0.00086831616,0.9969351,6.082884419822934e-11,1.162177172161048e-09,0.999999998776994,0.0004821000856206,1.0172407447578073e-05,0.9995077275069316,0.3663122522656448,0.2557323052576736,0.3779554424766816,0.1784804734977572,0.0724454808430824,0.749074044417397,0.875,MUT,MUT,MUT,MUT,MUT,MUT,MUT,MUT,MUT,MUT,MUT,MUT,MUT
GTTTGCATCGCGCATT,BCOR,CLL8,CLL8,1,FRP.FFPEtest1_CLL8,False,WT,WT,WT,CD24+ -B,WT,WT,WT,WT,WT,WT,WT,WT,WT,WT,0.0001020301028326,0.9998977942509129,1.7564625456905786e-07,0.0,1.0,0.0,0.0,1.0,0.0,0.0,1.0,1.5330113690978255e-38,0.000623521,0.99661475,0.0027617146,8.143883835450125e-13,0.9999894817515924,1.051824759322e-05,5.365516372555987e-06,0.9999881141962036,6.520287423698294e-06,0.2897080012973749,0.4354105681256662,0.2748814305769588,0.0835541163066707,0.8402591372334717,0.0761867450046662,1.0,WT,WT,WT,WT,WT,WT,WT,WT,WT,WT,WT,WT,WT
TTACTTGCAATCTCTA,BCOR,CLL8,CLL8,1,FRP.FFPEtest1_CLL8,False,MUT,MUT,MUT,CD24+ -B,FalsePositive,MUT,MUT,FalsePositive,MUT,MUT,MUT,FalsePositive,FalsePositive,MUT,0.856084167940819,0.0005403638819807,0.1433754681772003,0.04,0.0,0.96,0.0,0.0,1.0,0.9999999999999716,0.0,2.7300046971005423e-14,0.06511699,0.0023521609,0.9325308,0.0009167647511321,4.476387458931175e-06,0.999078758861409,0.2851397837286172,2.5855024254480378e-05,0.7148343612471283,0.384510716294451,0.2556509916665188,0.3598382920390301,0.4475687865462962,0.0820481556317141,0.4703830556100986,0.5416666666666666,MUT,FalsePositive,MUT,MUT,FalsePositive,MUT,MUT,MUT,FalsePositive,FalsePositive,MUT,MUT,MUT
GCAGCTAAGCAAGACT,BCOR,CLL8,CLL8,1,FRP.FFPEtest1_CLL8,False,MUT,MUT,MUT,CD24+ -B,MUT,MUT,MUT,FalsePositive,MUT,MUT,MUT,MUT,MUT,MUT,0.2133391590638105,8.764823006641385e-05,0.7865731927061231,0.02,0.0,0.98,0.0,0.0,1.0,0.9999999999943548,0.0,5.645468857479111e-12,0.017066812,0.0017673089,0.9811659,1.705170306614651e-09,2.0322960151927863e-09,0.9999999962625336,0.0025195671476052,2.480273782810649e-05,0.9974556301145668,0.3642386323019673,0.2557126479748963,0.3800487197231364,0.3366845805262464,0.0757533148158013,0.5875621043087063,0.75,MUT,MUT,MUT,MUT,FalsePositive,MUT,MUT,MUT,MUT,MUT,MUT,MUT,MUT
GTTCATTAGTCCTCAA,BCOR,CLL8,CLL8,1,FRP.FFPEtest1_CLL8,False,WT,WT,WT,Memory -B,WT,WT,WT,WT,WT,WT,WT,WT,WT,WT,0.000509652093331,0.9994858540037408,4.493902927978686e-06,0.0,1.0,0.0,0.0,1.0,0.0,0.0,1.0,7.216973987661736e-27,0.00024746932,0.99659073,0.003161826,8.434154565879439e-12,0.9999986356461078,1.364345458097797e-06,4.438713569583361e-06,0.9999833423592096,1.2218927220916338e-05,0.2766527127718924,0.4354465618431341,0.2879007253849734,0.0817025674852573,0.8291279284407599,0.0891694990293189,1.0,WT,WT,WT,WT,WT,WT,WT,WT,WT,WT,WT,WT,WT
AGTAACCAGCGAAGCC,BCOR,CLL8,CLL8,1,FRP.FFPEtest1_CLL8,False,MUT,MUT,MUT,GCB,MUT,MUT,MUT,FalsePositive,MUT,MUT,MUT,MUT,MUT,MUT,0.3339542994200818,0.0004652652526641,0.665580435327254,0.0,0.0,1.0,0.0,0.0,1.0,0.999999999999222,0.0,7.764642746976442e-13,0.0033098701,0.0008474988,0.99584264,2.6028734272052946e-08,1.1263872543755967e-07,0.9999998613325404,1.091381477725519e-05,1.7062885298834175e-06,0.999987379896693,0.3658104729867642,0.2557280982915184,0.3784614287217173,0.3113321822360866,0.0793181831226361,0.6093496306055459,0.6666666666666666,MUT,MUT,MUT,MUT,FalsePositive,MUT,MUT,MUT,MUT,MUT,MUT,MUT,MUT
AATAGCATCGCTTGAC,BCOR,CLL8,CLL8,1,FRP.FFPEtest1_CLL8,False,MUT,MUT,MUT,CD24+ -B,FalsePositive,MUT,MUT,FalsePositive,MUT,MUT,MUT,MUT,MUT,MUT,0.512670052525995,0.0008900609851382,0.4864398864888667,0.0,0.0,1.0,0.0,0.0,1.0,0.9999999999998366,0.0,1.6225155036221885e-13,0.0033871825,0.0014972347,0.9951155,1.911043631852444e-06,2.5197243432324133e-05,0.999972891712936,0.0002183856173866,4.177532487942667e-06,0.9997774368501255,0.3681404205716778,0.255744672100354,0.3761149073279682,0.3269551679177586,0.0845281936180484,0.5885166410641348,0.6666666666666666,MUT,FalsePositive,MUT,MUT,FalsePositive,MUT,MUT,MUT,MUT,MUT,MUT,MUT,MUT
AGGGTTAGTCCCTCTG,BCOR,CLL8,CLL8,1,FRP.FFPEtest1_CLL8,False,WT,WT,WT,GCB,WT,WT,WT,WT,WT,WT,WT,WT,WT,WT,0.0001336784555448,0.9998648096000242,1.511944431036202e-06,0.0,1.0,0.0,0.0,1.0,0.0,0.0,1.0,2.0192318781285785e-31,0.0004923622,0.99755484,0.0019528295,7.811295631511234e-07,0.999999179535386,3.933505087286735e-08,1.0439071130788952e-05,0.9999798913478124,9.669581056834296e-06,0.287802402154884,0.4354482390572158,0.2767493587879002,0.0829938332239753,0.837394264018413,0.0796118995367877,1.0,WT,WT,WT,WT,WT,WT,WT,WT,WT,WT,WT,WT,WT
GTTTGGGAGGATTATG,BCOR,CLL8,CLL8,1,FRP.FFPEtest1_CLL8,False,MUT,MUT,MUT,GCB,MUT,MUT,MUT,MUT,MUT,MUT,MUT,MUT,MUT,MUT,0.3678284692300316,1.975253875623216e-14,0.6321715307699487,0.0,0.0,1.0,0.0,0.0,1.0,0.0,0.0,1.0,0.0021590071,0.000720275,0.9971207,2.375274993954633e-17,2.7139592407019704e-15,0.9999999999999972,0.0001214766245426,3.3184565946107967e-06,0.9998752049188626,0.3465571660697608,0.2552980627614947,0.3981447711687444,0.1499577959071598,0.073384327612325,0.7766578727358223,0.9583333333333334,MUT,MUT,MUT,MUT,MUT,MUT,MUT,MUT,MUT,MUT,MUT,MUT,MUT
GCAAGAAAGTTAACAG,BCOR,CLL8,CLL8,1,FRP.FFPEtest1_CLL8,False,WT,WT,WT,Memory -B,WT,WT,WT,WT,WT,WT,WT,WT,WT,WT,0.0132335599255889,0.9867662672858404,1.727885707254274e-07,0.0,1.0,0.0,0.0,1.0,0.0,0.0,1.0,2.2049216663527447e-27,0.0006512356,0.9969394,0.0024093569,2.2822791776728844e-08,0.999998528405903,1.4487713052332229e-06,2.167501323585701e-05,0.9999662880354688,1.2036951295238334e-05,0.2908404839357271,0.435383043434917,0.2737764726293558,0.0906429878577479,0.8295880584762844,0.0797689542480443,1.0,WT,WT,WT,WT,WT,WT,WT,WT,WT,WT,WT,WT,WT
GAGATACTCGCATTTG,BCOR,CLL8,CLL8,1,FRP.FFPEtest1_CLL8,False,MUT,MUT,MUT,CD24+ -B,FalsePositive,MUT,MUT,FalsePositive,MUT,MUT,MUT,FalsePositive,FalsePositive,MUT,0.8295345506997238,0.0005491514016774,0.1699162978985987,0.02,0.0,0.98,0.0,0.0,1.0,0.9999999999999716,0.0,2.888628671100745e-14,0.028665766,0.0021511035,0.9691832,0.001415912297283,5.927331520004979e-06,0.998578160371197,0.0832060231492402,2.208338639013485e-05,0.9167718934643696,0.3828740264110241,0.2556767208300946,0.3614492527588812,0.4350249172108043,0.0818734366195091,0.483101642289176,0.5416666666666666,MUT,FalsePositive,MUT,MUT,FalsePositive,MUT,MUT,MUT,FalsePositive,FalsePositive,MUT,MUT,MUT
ATATGCAAGCTTAAAG,BCOR,CLL8,CLL8,1,FRP.FFPEtest1_CLL8,False,MUT,MUT,MUT,Memory -B,MUT,MUT,MUT,MUT,MUT,MUT,MUT,MUT,MUT,MUT,0.3683673395844398,0.0013365243600198,0.6302961360555404,0.28,0.0,0.72,0.0,0.0,1.0,3.9030960263698097e-63,0.0,1.0,0.030086232,0.014512072,0.95540166,1.1580009818582753e-11,2.697052496565644e-06,0.9999973029359236,0.0004826029200506,4.731650621902545e-06,0.9995126654293274,0.3641940252203238,0.2557121591772898,0.3800938156023863,0.242121825838554,0.0950446357111535,0.6628335404681579,0.875,MUT,MUT,MUT,MUT,MUT,MUT,MUT,MUT,MUT,MUT,MUT,MUT,MUT
GATTTGAAGGCAATCG,BCOR,CLL8,CLL8,1,FRP.FFPEtest1_CLL8,False,MUT,MUT,MUT,Memory -B,FalsePositive,MUT,FalsePositive,FalsePositive,MUT,MUT,MUT,FalsePositive,FalsePositive,FalsePositive,0.8496306924479883,0.0001909489784834,0.1501783585735282,0.36,0.0,0.64,0.6323651246508468,0.0,0.3676348753491532,0.999999999999968,0.0,3.0463564728074704e-14,0.13760206,0.0028735637,0.85952437,0.0930537207024548,3.537203246995901e-06,0.906942742094298,0.0108984888400402,3.842797011678664e-05,0.989063083189843,0.3863230842643627,0.2556183091335647,0.3580586066020726,0.5558880572980421,0.077810422369691,0.366301520021826,0.6666666666666666,MUT,FalsePositive,MUT,FalsePositive,FalsePositive,MUT,MUT,MUT,FalsePositive,FalsePositive,FalsePositive,MUT,MUT
TAAAGGGAGGGAGGAT,BCOR,CLL8,CLL8,1,FRP.FFPEtest1_CLL8,False,MUT,MUT,MUT,Plasmacytic,MUT,MUT,MUT,FalsePositive,MUT,MUT,MUT,MUT,MUT,MUT,0.1003935168483863,0.0010521733070689,0.8985543098445448,0.0,0.0,1.0,0.0,0.0,1.0,0.9999999999911148,0.0,8.883990222148684e-12,0.00025223783,0.0006799332,0.99906784,3.549558431619057e-14,2.6667402467038934e-07,0.99999973332594,1.830384879038589e-05,2.4238727632596035e-06,0.9999792722784464,0.3496633829383427,0.2554033128244036,0.3949333042372536,0.2639256194151018,0.0840431176062954,0.6520312630368105,0.8333333333333334,MUT,MUT,MUT,MUT,FalsePositive,MUT,MUT,MUT,MUT,MUT,MUT,MUT,MUT
GCATGCAAGTTAGGCG,BCOR,CLL8,CLL8,0,FRP.FFPEtest1_CLL8,True,WT,WT,WT,T-cell,WT,WT,WT,WT,WT,WT,WT,WT,WT,WT,4.46312167434443e-06,0.9999915322793128,4.0045990130369885e-06,0.0,1.0,0.0,0.0,1.0,0.0,0.0,1.0,4.50500270857433e-38,0.0002475009,0.9967179,0.0030345821,7.122081850933562e-09,0.9999999854485944,7.429323655842319e-09,4.438715443867135e-06,0.9999833423521758,1.2218932380460124e-05,0.2766527127718924,0.4354465618431341,0.2879007253849734,0.0776655778881037,0.8421410470013275,0.0801933700659048,1.0,WT,WT,WT,WT,WT,WT,WT,WT,WT,WT,WT,WT,WT
GGACATAGTCATCCCT,BCOR,CLL8,CLL8,0,FRP.FFPEtest1_CLL8,True,WT,WT,WT,T-cell,WT,WT,WT,WT,WT,WT,WT,WT,WT,WT,0.0006860610139155,0.9993136496203674,2.893657170968396e-07,0.0,1.0,0.0,0.0,1.0,0.0,0.0,1.0,1.007927383570404e-31,0.002901452,0.9955012,0.0015973394,2.151692429997058e-06,0.999997570414051,2.7789351886073573e-07,2.81715871449727e-05,0.999970128130784,1.700282070722057e-06,0.3034925229164489,0.4348210806577939,0.2616863964257571,0.0894207133645004,0.8342085897788586,0.0763706929955326,1.0,WT,WT,WT,WT,WT,WT,WT,WT,WT,WT,WT,WT,WT
GTCAAAGGTCGAATCT,BCOR,CLL8,CLL8,1,FRP.FFPEtest1_CLL8,False,WT,WT,WT,Memory -B,WT,WT,WT,WT,WT,WT,WT,WT,WT,WT,2.454791660478031e-07,0.9999992109881248,5.435327092173274e-07,0.0,1.0,0.0,0.0,1.0,0.0,0.0,1.0,1.3722589303132853e-59,0.0008883939,0.99663687,0.0024747595,3.914357206169476e-15,0.9999986379414556,1.3620585403394237e-06,2.166956767857936e-05,0.9999662965051492,1.2033927172161095e-05,0.2908404839357271,0.435383043434917,0.2737764726293558,0.0788270269481273,0.8461724895605395,0.0750004817645061,1.0,WT,WT,WT,WT,WT,WT,WT,WT,WT,WT,WT,WT,WT
GCGTTACTCTATTCGG,BCOR,CLL8,CLL8,1,FRP.FFPEtest1_CLL8,False,MUT,MUT,MUT,Memory -B,FalsePositive,MUT,MUT,FalsePositive,MUT,MUT,MUT,MUT,MUT,MUT,0.5936310326778873,0.0001078030760445,0.4062611642460682,0.02,0.0,0.98,0.0,0.0,1.0,0.9999999999999112,0.0,8.981835275395821e-14,0.012489427,0.0013803372,0.9861303,0.0025076742089718,3.3821004254037e-07,0.9974919875809856,0.0028637689348859,2.438016394648725e-05,0.9971118509011676,0.3697245294685979,0.2557516412023933,0.3745238293290088,0.4108493705517979,0.0745408627458372,0.51460977213508,0.5416666666666666,MUT,FalsePositive,MUT,MUT,FalsePositive,MUT,MUT,MUT,MUT,MUT,MUT,MUT,MUT
TTAGGTGCAACATAGT,BCOR,CLL8,CLL8,1,FRP.FFPEtest1_CLL8,False,WT,WT,WT,GCB,WT,WT,WT,WT,WT,WT,WT,WT,WT,WT,7.529645049461526e-08,0.9999981467364074,1.7779671421323031e-06,0.0,1.0,0.0,0.0,1.0,0.0,0.0,1.0,2.7765648728092226e-59,0.00075736665,0.9966755,0.0025671646,9.216932576935536e-17,0.9999996427600232,3.572399767826125e-07,3.461155588858818e-05,0.9999577324007258,7.656043385803941e-06,0.2908404839357271,0.435383043434917,0.2737764726293558,0.0761894732554642,0.8474280115935519,0.0763825099122944,1.0,WT,WT,WT,WT,WT,WT,WT,WT,WT,WT,WT,WT,WT
GACCCAAAGCTTCCTT,BCOR,CLL8,CLL8,1,FRP.FFPEtest1_CLL8,False,WT,WT,WT,GCB,WT,WT,WT,WT,WT,WT,WT,WT,WT,WT,5.263521865192841e-05,0.9999434575709454,3.9072104026465325e-06,0.0,1.0,0.0,0.0,1.0,0.0,0.0,1.0,4.046409779905386e-31,0.00024746594,0.9965771,0.0031754156,3.869170702831361e-12,0.9999998751941634,1.2480196749404385e-07,4.438713569583361e-06,0.9999833423592096,1.2218927220916338e-05,0.2766527127718924,0.4354465618431341,0.2879007253849734,0.0780278417419144,0.8372348700252689,0.0847372831881528,1.0,WT,WT,WT,WT,WT,WT,WT,WT,WT,WT,WT,WT,WT
GCTTGGTTCGGGCAAC,BCOR,CLL8,CLL8,1,FRP.FFPEtest1_CLL8,False,MUT,MUT,MUT,CD24+ -B,FalsePositive,MUT,MUT,FalsePositive,MUT,MUT,MUT,FalsePositive,MUT,FalsePositive,0.9389090650024038,0.000123105738449,0.060967829259147,0.02,0.0,0.98,0.3961730527286433,0.0,0.6038269472713567,0.9999999999999822,0.0,1.7143304589471113e-14,0.004308829,0.0008096625,0.9948815,0.0002686926857695,1.3426934764795237e-07,0.9997311730448828,4.493931931330874e-05,1.8973686502196577e-05,0.9999360869941846,0.3810581035606921,0.2557010492456989,0.3632408471936089,0.4925456071001654,0.0765617451289728,0.4308926472275902,0.5416666666666666,MUT,FalsePositive,MUT,MUT,FalsePositive,MUT,MUT,MUT,FalsePositive,MUT,FalsePositive,MUT,MUT
TTCCTCCCAGGCTTAA,BCOR,CLL8,CLL8,1,FRP.FFPEtest1_CLL8,False,MUT,MUT,MUT,GCB,MUT,MUT,MUT,MUT,MUT,MUT,MUT,MUT,MUT,MUT,0.0058532250737288,2.1851119416045832e-09,0.9941467727411591,0.0,0.0,1.0,0.0,0.0,1.0,0.0,0.0,1.0,0.0001830035,0.00032295522,0.9994941,8.305800426827632e-21,1.0678844032542365e-13,0.9999999999998932,2.841743638799661e-05,6.743478629450168e-06,0.9999648390849826,0.3550845577603544,0.2555536677477711,0.3893617744918744,0.1118192398375384,0.0733983856523165,0.8147823740735874,1.0,MUT,MUT,MUT,MUT,MUT,MUT,MUT,MUT,MUT,MUT,MUT,MUT,MUT
TCAATGGCATACTTGC,BCOR,CLL8,CLL8,0,FRP.FFPEtest1_CLL8,True,WT,WT,WT,T-cell,WT,WT,WT,WT,WT,WT,WT,WT,WT,WT,0.0171745002765265,0.982825368011128,1.317123456254895e-07,0.0,1.0,0.0,0.0,1.0,0.0,0.0,1.0,1.7494339261134937e-27,0.004135782,0.99480385,0.0010603253,1.7404411400138302e-06,0.9999971294735271,1.1300853328219806e-06,9.118738289646388e-05,0.9999051345745368,3.678042566452598e-06,0.3034925229164489,0.4348210806577939,0.2616863964257571,0.0961404188306475,0.8259249667641874,0.0779346098649676,1.0,WT,WT,WT,WT,WT,WT,WT,WT,WT,WT,WT,WT,WT
TGCCCTGAGTCACCTA,BCOR,CLL8,CLL8,1,FRP.FFPEtest1_CLL8,False,WT,WT,WT,Memory -B,WT,WT,WT,WT,WT,WT,WT,WT,WT,WT,8.171018831122038e-10,0.999998806204053,1.1929788452455676e-06,0.0,1.0,0.0,0.0,1.0,0.0,0.0,1.0,6.981861663071228e-91,0.0010585224,0.99730396,0.0016374979,3.324392055376852e-16,0.9999998756793436,1.243206563211539e-07,2.0107374923175404e-05,0.9999653369155804,1.455570949649816e-05,0.3022238192482164,0.4348981229373341,0.2628780578144495,0.0779065562734021,0.8488739859671891,0.07321945640123,1.0,WT,WT,WT,WT,WT,WT,WT,WT,WT,WT,WT,WT,WT
AGCGAACGTTGAGGAC,BCOR,CLL8,CLL8,1,FRP.FFPEtest1_CLL8,False,WT,WT,WT,CD24+ -B,WT,WT,WT,WT,WT,WT,WT,WT,WT,WT,1.237751663990196e-07,0.9999962391082188,3.637116614945929e-06,0.0,1.0,0.0,0.0,1.0,0.0,0.0,1.0,5.527945420977307e-24,0.00023246558,0.996402,0.0033654796,3.044261911297819e-15,0.9999999547906476,4.5209349401245264e-08,4.438714710906237e-06,0.9999833384630192,1.2222822269941412e-05,0.2808060216537879,0.4354921297857122,0.2837018485604997,0.0754739844354383,0.8421956639979622,0.082330347763699,1.0,WT,WT,WT,WT,WT,WT,WT,WT,WT,WT,WT,WT,WT
TTGGCCAGTACCGTTG,BCOR,CLL8,CLL8,1,FRP.FFPEtest1_CLL8,False,MUT,MUT,MUT,GCB,MUT,MUT,MUT,MUT,MUT,MUT,MUT,MUT,MUT,MUT,0.0432618240412854,0.0010192178703771,0.9557189580883374,0.12,0.0,0.88,0.0,0.0,1.0,1.678914153693942e-33,0.0,1.0,0.004410909,0.009637164,0.9859519,1.0756101093272389e-18,3.8530868653689234e-08,0.9999999614691314,0.0001206592815194,1.6302955650609127e-05,0.99986303776283,0.3284453822919246,0.2544011537555815,0.4171534639524938,0.1640337031348337,0.1033119153732923,0.7326543797844493,0.9583333333333334,MUT,MUT,MUT,MUT,MUT,MUT,MUT,MUT,MUT,MUT,MUT,MUT,MUT
ATGGCCTTCGCTTGGT,BCOR,CLL8,CLL8,0,FRP.FFPEtest1_CLL8,True,WT,WT,WT,T-cell,WT,WT,WT,WT,WT,WT,WT,WT,WT,WT,7.313511601218987e-07,0.9999971395296016,2.129119238188614e-06,0.0,1.0,0.0,0.0,1.0,0.0,0.0,1.0,1.8403971189331374e-47,0.000247485,0.9966539,0.0030986103,1.1638453087056764e-10,0.9999999836113228,1.6272292764610172e-08,4.438715443867135e-06,0.9999833423521758,1.2218932380460124e-05,0.2808060216537879,0.4354921297857122,0.2837018485604997,0.0770746972546972,0.8455308199313328,0.077394477769306,1.0,WT,WT,WT,WT,WT,WT,WT,WT,WT,WT,WT,WT,WT
AGCGAACGTGGAAGCT,BCOR,CLL8,CLL8,1,FRP.FFPEtest1_CLL8,False,MUT,MUT,MUT,CD24+ -B,MUT,MUT,MUT,MUT,MUT,MUT,MUT,MUT,MUT,MUT,5.69894916797724e-06,9.691370545702564e-05,0.9998973873453748,0.0,0.0,1.0,0.0,0.0,1.0,0.0,0.0,1.0,0.0010196443,0.0004760949,0.9985043,1.4306683679356068e-48,2.239076839731817e-25,1.0,1.2787257373033072e-05,2.175305024331886e-06,0.9999850374376028,0.3681404205716778,0.255744672100354,0.3761149073279682,0.1044295425065726,0.0772832482873562,0.8182872088180203,0.9583333333333334,MUT,MUT,MUT,MUT,MUT,MUT,MUT,MUT,MUT,MUT,MUT,MUT,MUT
ACTTCAAGTAACGGGT,BCOR,CLL8,CLL8,1,FRP.FFPEtest1_CLL8,False,WT,WT,WT,Plasmacytic,WT,WT,WT,WT,WT,WT,WT,WT,WT,WT,0.0015854203947556,0.9984132216320554,1.3579731889332396e-06,0.0,1.0,0.0,0.0,1.0,0.0,0.0,1.0,5.416775147573286e-27,0.0006111453,0.99675626,0.0026326212,2.072133776454697e-11,0.9999992683184784,7.316608001739003e-07,1.4356992446133654e-05,0.9999778498242844,7.793183269461212e-06,0.2908404839357271,0.435383043434917,0.2737764726293558,0.0826492000432776,0.8329395571955,0.0844112410537978,1.0,WT,WT,WT,WT,WT,WT,WT,WT,WT,WT,WT,WT,WT
TAATGTGAGCATTTCG,BCOR,CLL8,CLL8,0,FRP.FFPEtest1_CLL8,True,WT,WT,WT,T-cell,WT,WT,WT,WT,WT,WT,WT,WT,WT,WT,2.0323822089559792e-05,0.999978857400301,8.187776096256673e-07,0.0,1.0,0.0,0.0,1.0,0.0,0.0,1.0,1.8635900358636166e-38,0.0010443107,0.9967901,0.00216558,1.056835921348064e-05,0.999989411969054,1.9671732391028187e-08,1.1432188058237974e-06,0.9999676081877312,3.124859346277823e-05,0.2932781531218204,0.4353109079664636,0.271410938911716,0.084370151462928,0.8399475166655682,0.0756823264581912,1.0,WT,WT,WT,WT,WT,WT,WT,WT,WT,WT,WT,WT,WT
TAACCCTCAAACTGGC,BCOR,CLL8,CLL8,0,FRP.FFPEtest1_CLL8,True,WT,WT,WT,T-cell,WT,WT,WT,WT,WT,WT,WT,WT,WT,WT,1.7243443887678764e-12,0.99999574397157,4.256026705737386e-06,0.0,1.0,0.0,0.0,1.0,0.0,0.0,1.0,4.092010692411664e-132,0.0012488179,0.99719304,0.0015581289,5.135970994886331e-19,0.9999999887399212,1.1260078803618004e-08,1.733873388548674e-05,0.9999734022344904,9.259031624401384e-06,0.3022238192482164,0.4348981229373341,0.2628780578144495,0.0756502249579258,0.8513890622253096,0.0729607098869789,1.0,WT,WT,WT,WT,WT,WT,WT,WT,WT,WT,WT,WT,WT
TGACTACGTCGCAACC,BCOR,CLL8,CLL8,0,FRP.FFPEtest1_CLL8,True,WT,WT,WT,Macrophage,WT,WT,WT,WT,WT,WT,WT,WT,WT,WT,0.0001009217736534,0.9998989052623996,1.7296394696073558e-07,0.0,1.0,0.0,0.0,1.0,0.0,0.0,1.0,1.2694585938607907e-38,0.00127082,0.99721754,0.0015116014,1.7352021658503518e-10,0.9999968170714584,3.18275502158555e-06,1.8552824814774784e-05,0.999966912873307,1.4534301878297364e-05,0.3022238192482164,0.4348981229373341,0.2628780578144495,0.0864849751186983,0.8385949570194798,0.0749200666200584,1.0,WT,WT,WT,WT,WT,WT,WT,WT,WT,WT,WT,WT,WT
GTAATGGGTCTCACTC,BCOR,CLL8,CLL8,1,FRP.FFPEtest1_CLL8,False,WT,WT,WT,CD24+ -B,WT,WT,WT,WT,WT,WT,WT,WT,WT,WT,0.0038690285918675,0.9961303588142538,6.125938785444384e-07,0.0,1.0,0.0,0.0,1.0,0.0,0.0,1.0,4.170544833828323e-27,0.00023239473,0.9960983,0.0036693015,3.136566725764989e-09,0.9999995804054782,4.1645795510256955e-07,4.438713569583361e-06,0.9999833423592096,1.2218927220916338e-05,0.2808060216537879,0.4354921297857122,0.2837018485604997,0.0847405589928416,0.8321097970964396,0.0831496388660547,1.0,WT,WT,WT,WT,WT,WT,WT,WT,WT,WT,WT,WT,WT
GGCAGGTTCTGGTCTA,BCOR,CLL8,CLL8,0,FRP.FFPEtest1_CLL8,True,MUT,MUT,MUT,Myo Fibro,MUT,MUT,MUT,FalsePositive,MUT,MUT,MUT,MUT,MUT,MUT,0.0258157018758629,0.0007614298360668,0.97342286828807,0.0,0.0,1.0,0.0,0.0,1.0,0.9999969784375062,0.0,3.021562493164174e-06,0.00030418605,0.00043392542,0.9992619,7.006277996745913e-19,2.01181356894656e-08,0.9999999798818644,6.087265157667164e-05,8.080081716662417e-06,0.9999310472667068,0.3337522045671043,0.2547147065929851,0.4115330888399106,0.2393615844558518,0.0823748449220279,0.6782635707579381,0.875,FalsePositive,MUT,MUT,MUT,FalsePositive,MUT,MUT,MUT,MUT,MUT,MUT,MUT,FalsePositive
GATAAAGCAGTAAGTT,BCOR,CLL8,CLL8,0,FRP.FFPEtest1_CLL8,True,WT,WT,WT,Myo Fibro,WT,WT,WT,WT,WT,WT,WT,WT,WT,WT,0.0002455026138517,0.9997544277220718,6.966407645945644e-08,0.0,1.0,0.0,0.0,1.0,0.0,0.0,1.0,6.860667355399834e-39,0.0011730718,0.9967384,0.002088561,9.587688474064567e-12,0.9999564716423736,4.352834803874367e-05,3.946316155822014e-06,0.9999932413435764,2.812340267861082e-06,0.2981566780993402,0.4351143385635346,0.2667289833371251,0.092054359847741,0.833752573496607,0.0741930621154545,1.0,WT,WT,WT,WT,WT,WT,WT,WT,WT,WT,WT,WT,WT
GGGCTTAAGCTACGTC,BCOR,CLL8,CLL8,1,FRP.FFPEtest1_CLL8,False,MUT,MUT,MUT,CD24+ -B,MUT,MUT,MUT,FalsePositive,MUT,MUT,MUT,MUT,MUT,MUT,0.2788721035797658,0.000955971207005,0.7201719252132293,0.0,0.0,1.0,0.0,0.0,1.0,0.99999999999622,0.0,3.778816304071949e-12,0.0009011561,0.0011841125,0.99791473,1.8442945519196808e-11,1.9241578569993254e-06,0.9999980758237,2.2271654418972223e-05,2.958612913719339e-06,0.9999747697326674,0.358185273207099,0.2556207833955176,0.3861939433973835,0.2743477107656787,0.0847429394685537,0.6409093525403328,0.875,MUT,MUT,MUT,MUT,FalsePositive,MUT,MUT,MUT,MUT,MUT,MUT,MUT,MUT
GTAAAGCTCGTGATTT,BCOR,CLL8,CLL8,1,FRP.FFPEtest1_CLL8,False,MUT,MUT,MUT,GCB,MUT,MUT,MUT,MUT,MUT,MUT,MUT,MUT,MUT,MUT,2.571041777010712e-06,1.639365209273121e-09,0.9999974273188578,0.0,0.0,1.0,0.0,0.0,1.0,0.0,0.0,1.0,0.00022871143,0.0004591663,0.99931216,6.2901835028904e-33,2.4064781477552045e-17,1.0,3.379605248617555e-05,6.221818975605112e-06,0.9999599821285382,0.3284453822919246,0.2544011537555815,0.4171534639524938,0.100153384547773,0.0739543281003078,0.8258922896608228,1.0,MUT,MUT,MUT,MUT,MUT,MUT,MUT,MUT,MUT,MUT,MUT,MUT,MUT
TAGCGGTCAACAAAGA,BCOR,CLL8,CLL8,1,FRP.FFPEtest1_CLL8,False,MUT,MUT,MUT,GCB,MUT,MUT,MUT,MUT,MUT,MUT,MUT,MUT,MUT,MUT,0.0745480954211238,6.728599581468087e-10,0.9254519039060162,0.0,0.0,1.0,0.0,0.0,1.0,0.0,0.0,1.0,0.0006903555,0.0005884663,0.9987212,2.577351632033427e-22,3.8517347627403615e-15,0.9999999999999962,9.896530146020134e-05,6.632359895609927e-06,0.9998944023386442,0.3681404205716778,0.255744672100354,0.3761149073279682,0.118012279725849,0.0750322585638488,0.8069554611476281,1.0,MUT,MUT,MUT,MUT,MUT,MUT,MUT,MUT,MUT,MUT,MUT,MUT,MUT
ATAGAAGCACTAAGGC,BCOR,CLL8,CLL8,0,FRP.FFPEtest1_CLL8,True,MUT,MUT,MUT,T-cell,FalsePositive,MUT,MUT,FalsePositive,MUT,MUT,MUT,MUT,MUT,MUT,0.8197106269735674,0.0005602102075617,0.1797291628188707,0.06,0.0,0.94,0.0,0.0,1.0,0.9999999999999504,0.0,4.9424581398744217e-14,0.003674804,0.001055089,0.9952701,0.0035473757273175,1.2600003770766724e-05,0.9964400242689118,0.0003286458150466,5.3728798587628136e-06,0.9996659813050948,0.3681404205716778,0.255744672100354,0.3761149073279682,0.3717298251577907,0.0814963328379882,0.5467738393654739,0.625,FalsePositive,FalsePositive,MUT,MUT,FalsePositive,MUT,MUT,MUT,MUT,MUT,MUT,MUT,FalsePositive
AGAGGAGGTGCTTCGA,BCOR,CLL8,CLL8,1,FRP.FFPEtest1_CLL8,False,MUT,MUT,MUT,CD24+ -B,FalsePositive,MUT,MUT,FalsePositive,MUT,MUT,MUT,FalsePositive,MUT,MUT,0.949113110220729,6.098721559634489e-05,0.0508259025636746,0.06,0.0,0.94,0.0,0.0,1.0,0.999999999999993,0.0,6.4704241756046406e-15,0.005635693,0.00088095164,0.99348336,1.954939097268586e-05,1.4375154482668636e-08,0.9999804362338728,4.874681599972239e-05,1.948043962140688e-05,0.9999317727443788,0.3810581035606921,0.2557010492456989,0.3632408471936089,0.432413403990942,0.0759423995401526,0.491644194877896,0.625,MUT,FalsePositive,MUT,MUT,FalsePositive,MUT,MUT,MUT,FalsePositive,MUT,MUT,MUT,MUT
GATTAACCATCAAGTG,BCOR,CLL8,CLL8,1,FRP.FFPEtest1_CLL8,False,MUT,MUT,MUT,Memory -B,MUT,MUT,MUT,FalsePositive,MUT,MUT,MUT,MUT,MUT,MUT,0.3800028921894191,0.0001153693452332,0.6198817384653477,0.0,0.0,1.0,0.0,0.0,1.0,0.9999999999993284,0.0,6.725202641648963e-13,0.0030887285,0.0009921484,0.99591917,2.6911155581557183e-05,8.373044075335031e-08,0.9999730051139776,0.0001294997249,1.2341780325940136e-05,0.999858158494774,0.358466866719928,0.2556262025313776,0.3859069307486942,0.3676627031908883,0.0755053955739895,0.5568318997799306,0.7916666666666666,MUT,MUT,MUT,MUT,FalsePositive,MUT,MUT,MUT,MUT,MUT,MUT,MUT,MUT
TTCAACTAGGTTTCGC,BCOR,CLL8,CLL8,1,FRP.FFPEtest1_CLL8,False,MUT,MUT,MUT,Memory -B,MUT,MUT,MUT,MUT,MUT,MUT,MUT,MUT,MUT,MUT,0.0004642824950766,0.0001711221223374,0.9993645953825858,0.02,0.0,0.98,0.0,0.0,1.0,6.5358129950360665e-196,0.0,1.0,0.1282176,0.0025782774,0.8692041,8.157201104588676e-33,6.462806757444628e-17,1.0,0.2416678164333035,0.001514443761464,0.7568177398052324,0.3681404205716778,0.255744672100354,0.3761149073279682,0.161428823559544,0.0798393571135797,0.7587318174254262,0.875,MUT,MUT,MUT,MUT,MUT,MUT,MUT,MUT,MUT,MUT,MUT,MUT,MUT
ACATTACTCTTAAGCT,BCOR,CLL8,CLL8,1,FRP.FFPEtest1_CLL8,False,WT,WT,WT,GCB,WT,WT,WT,WT,WT,WT,WT,WT,WT,WT,0.0027845608520041,0.997214646372143,7.927758527925261e-07,0.0,1.0,0.0,0.0,1.0,0.0,0.0,1.0,5.019857602816413e-27,0.0013717011,0.9970011,0.0016272204,1.1655989056827946e-12,0.999997691280286,2.308718548585896e-06,1.5815907971729832e-05,0.9999723227346816,1.186135734674488e-05,0.2932550889819007,0.4353116725226822,0.271433238495417,0.0827193455669014,0.8335285963539215,0.08375205916572,1.0,WT,WT,WT,WT,WT,WT,WT,WT,WT,WT,WT,WT,WT
GTCCGTAGTAAGGTTG,BCOR,CLL8,CLL8,1,FRP.FFPEtest1_CLL8,False,WT,WT,WT,GCB,WT,WT,WT,WT,WT,WT,WT,WT,WT,WT,0.0029510456210652,0.9970481731479612,7.81230973477748e-07,0.0,1.0,0.0,0.0,1.0,0.0,0.0,1.0,2.888078756155504e-27,0.000794221,0.9978114,0.0013944791,0.0004383983485895,0.9995613963277016,2.0532370893218066e-07,7.20788148283033e-06,0.9999520580843524,4.073403416495832e-05,0.2890462685102903,0.4354248819177749,0.2755288495719346,0.0912704986667028,0.8279603135077319,0.0807691850898051,1.0,WT,WT,WT,WT,WT,WT,WT,WT,WT,WT,WT,WT,WT
TCTGTGATCGGTTCCG,BCOR,CLL8,CLL8,0,FRP.FFPEtest1_CLL8,True,WT,WT,WT,T-cell,WT,WT,WT,WT,WT,WT,WT,WT,WT,WT,0.0001770319073952,0.9998218643518592,1.1037407456776717e-06,0.0,1.0,0.0,0.0,1.0,0.0,0.0,1.0,1.4218440008320967e-31,0.0010319117,0.9970414,0.0019266849,0.0007919973316276,0.999207986648094,1.6020278453140637e-08,2.3643183123406185e-06,0.9999850274955268,1.2608186160829489e-05,0.2890462685102903,0.4354248819177749,0.2755288495719346,0.0864616718640616,0.8353719852642238,0.078166337943466,1.0,WT,WT,WT,WT,WT,WT,WT,WT,WT,WT,WT,WT,WT
AGGCTTTGTGTTTGTA,BCOR,CLL8,CLL8,1,FRP.FFPEtest1_CLL8,False,MUT,MUT,MUT,GCB,MUT,MUT,MUT,MUT,MUT,MUT,MUT,MUT,MUT,MUT,0.0001163601877185,0.0027438837280581,0.9971397560842232,0.1,0.0266666666666666,0.8733333333333333,0.0,0.0,1.0,5.5574322704376455e-132,0.0,1.0,0.030629076,0.019086255,0.9502846,2.6882715637207765e-25,1.0051996799146929e-08,0.9999999899480032,0.0003320769931777,2.7086513856969912e-05,0.9996408364929652,0.3465571660697608,0.2552980627614947,0.3981447711687444,0.1212008073345389,0.111623779016004,0.7671754124076937,1.0,MUT,MUT,MUT,MUT,MUT,MUT,MUT,MUT,MUT,MUT,MUT,MUT,MUT
AGCGAAGCAATTGCGA,BCOR,CLL8,CLL8,0,FRP.FFPEtest1_CLL8,True,WT,WT,WT,Myo Fibro,WT,WT,WT,WT,WT,WT,WT,WT,WT,WT,2.88436790929901e-07,0.9999946594239626,5.052139246555212e-06,0.0,1.0,0.0,0.0,1.0,0.0,0.0,1.0,3.988029826790911e-47,0.00032856248,0.9974368,0.0022346585,1.656739584707215e-19,0.9999989567516868,1.0432483131877474e-06,4.422505265908171e-06,0.9999844568679122,1.1120626822072304e-05,0.2645034116746381,0.4349954530281844,0.3005011352971773,0.0746890737749773,0.8450548345896934,0.0802560893070227,1.0,WT,WT,WT,WT,WT,WT,WT,WT,WT,WT,WT,WT,WT
TGACATGCATCCTTGG,BCOR,CLL8,CLL8,1,FRP.FFPEtest1_CLL8,False,WT,WT,WT,CD24+ -B,WT,WT,WT,WT,WT,WT,WT,WT,WT,WT,9.128256206932771e-06,0.9999869268301405,3.944913652597489e-06,0.0,0.9866666666666668,0.0133333333333333,0.0,1.0,0.0,0.0,0.5954273809023194,0.4045726190976793,0.00024715948,0.99534297,0.004409869,4.7985372009641925e-11,0.9999722159633224,2.7783988692301045e-05,4.22443859439732e-06,0.9999481801715144,4.759538989130242e-05,0.2766527127718924,0.4354465618431341,0.2879007253849734,0.0771121831515714,0.7624328222644917,0.1604549943899112,1.0,WT,WT,WT,WT,WT,WT,WT,WT,WT,WT,WT,WT,WT
TGGACCAAGTGAGTCG,BCOR,CLL8,CLL8,1,FRP.FFPEtest1_CLL8,False,MUT,MUT,MUT,GCB,MUT,MUT,MUT,MUT,MUT,MUT,MUT,MUT,MUT,MUT,1.1938120022034404e-12,0.0004410049144036,0.9995589950844024,0.0,0.0266666666666666,0.9733333333333332,0.0,0.0,1.0,0.0,0.0,1.0,0.00028687593,0.00053390063,0.9991792,6.912830062268268e-47,2.5178799901705738e-21,1.0,3.026158928723516e-05,5.782937334075249e-06,0.9999639554733786,0.3284453822919246,0.2544011537555815,0.4171534639524938,0.0900093006060817,0.0811599312428681,0.8288307678988168,1.0,MUT,MUT,MUT,MUT,MUT,MUT,MUT,MUT,MUT,MUT,MUT,MUT,MUT
AACTTACTCACATTCG,BCOR,CLL8,CLL8,1,FRP.FFPEtest1_CLL8,False,WT,WT,WT,CD24+ -B,WT,WT,WT,WT,WT,WT,WT,WT,WT,WT,0.0122904139660947,0.9877094055329444,1.8050096085078485e-07,0.0,1.0,0.0,0.0,1.0,0.0,0.0,1.0,1.678080137474659e-27,0.0029014407,0.99549747,0.0016010614,6.131871991895636e-05,0.9999381581696252,5.231104561304749e-07,2.3395989524344227e-05,0.9999555670965844,2.103691389117431e-05,0.3034925229164489,0.4348210806577939,0.2616863964257571,0.0978687821938451,0.8243616933547671,0.0777695212887717,1.0,WT,WT,WT,WT,WT,WT,WT,WT,WT,WT,WT,WT,WT
ATCTAGCGTATGGTGA,BCOR,CLL8,CLL8,1,FRP.FFPEtest1_CLL8,False,MUT,MUT,MUT,CD24+ -B,MUT,MUT,MUT,FalsePositive,MUT,MUT,MUT,MUT,MUT,MUT,0.4541066816683438,0.0006443600565607,0.5452489582750955,0.0,0.0,1.0,0.0,0.0,1.0,0.9999999999997442,0.0,2.575379200168896e-13,0.00014151345,0.00029376204,0.9995647,5.9061138934759554e-08,8.373334621780628e-07,0.999999103605399,7.10079572763466e-05,9.422916434578956e-06,0.9999195691262892,0.3550845577603544,0.2555536677477711,0.3893617744918744,0.2948758123753305,0.081138795364006,0.6239853933375051,0.75,MUT,MUT,MUT,MUT,FalsePositive,MUT,MUT,MUT,MUT,MUT,MUT,MUT,MUT
TACGGGCAGTGTCCAC,BCOR,CLL8,CLL8,1,FRP.FFPEtest1_CLL8,False,MUT,MUT,MUT,Memory -B,FalsePositive,MUT,MUT,FalsePositive,MUT,MUT,MUT,MUT,FalsePositive,FalsePositive,0.8557374755718721,0.0001337434009293,0.1441287810271986,0.0,0.0,1.0,0.1296370956411477,0.0,0.8703629043588522,0.9999999999999646,0.0,3.3857500108758564e-14,0.0075875823,0.0014280934,0.9909843,0.0408940392404871,1.7821477023970855e-06,0.9591041786118104,0.000221664835075,3.5283162092441445e-06,0.9997748068487158,0.3715571905863561,0.2557553793609645,0.3726874300526793,0.5329843233659125,0.0768272239519997,0.3901884529925286,0.5,MUT,FalsePositive,MUT,MUT,FalsePositive,MUT,MUT,MUT,MUT,FalsePositive,FalsePositive,MUT,MUT
AACGTTAAGGTTCGAG,BCOR,CLL8,CLL8,1,FRP.FFPEtest1_CLL8,False,MUT,MUT,MUT,CCDN2$^{hi}$ -B,MUT,MUT,MUT,FalsePositive,MUT,MUT,MUT,MUT,MUT,MUT,0.200064635576479,0.0010013296694791,0.7989340347540418,0.06,0.0,0.94,0.0,0.0,1.0,0.999999999998039,0.0,1.960742168856093e-12,0.0044980743,0.00264864,0.9928532,1.07303880924004e-10,2.5163326824302967e-06,0.9999974835600136,0.0008177987655514,4.487092821772017e-05,0.9991373303062308,0.3641940252203238,0.2557121591772898,0.3800938156023863,0.3465682910414597,0.0857543387007697,0.5676773731681535,0.75,MUT,MUT,MUT,MUT,FalsePositive,MUT,MUT,MUT,MUT,MUT,MUT,MUT,MUT
TTCGATGTCCATCCTT,BCOR,CLL8,CLL8,1,FRP.FFPEtest1_CLL8,False,MUT,MUT,MUT,CCDN2$^{hi}$ -B,MUT,MUT,MUT,MUT,MUT,MUT,MUT,FalsePositive,MUT,MUT,0.2043136158208241,1.8490115114522867e-09,0.7956863823301644,0.04,0.0,0.96,0.0,0.0,1.0,0.0,0.0,1.0,0.021268783,0.0020370628,0.9766941,3.781335190976529e-06,1.1286168548508065e-08,0.9999962073786406,0.0008230601303356,1.0671494383772092e-05,0.9991662683752808,0.3794769686759694,0.2557186065798519,0.3648044247441788,0.1910051801072218,0.0725622090416769,0.7364326132958231,0.8333333333333334,MUT,MUT,MUT,MUT,MUT,MUT,MUT,MUT,FalsePositive,MUT,MUT,MUT,MUT
ATCGATGCATGCGCAG,BCOR,CLL8,CLL8,1,FRP.FFPEtest1_CLL8,False,MUT,MUT,MUT,Memory -B,MUT,MUT,FalsePositive,FalsePositive,MUT,MUT,MUT,MUT,MUT,MUT,0.4542461689867245,2.8101307977949632e-05,0.5457257297052975,0.08,0.0,0.92,1.0,0.0,0.0,0.9999999999999344,0.0,6.569444451594707e-14,0.003442211,0.0011176976,0.99544,5.8973318667802104e-09,1.93233847950235e-10,0.9999999939094342,0.0001209077987971,1.1555745164765472e-05,0.9998675364560382,0.358466866719928,0.2556262025313776,0.3859069307486942,0.4511923542485818,0.0743003950387745,0.4745072495872954,0.7083333333333334,MUT,MUT,MUT,FalsePositive,FalsePositive,MUT,MUT,MUT,MUT,MUT,MUT,MUT,MUT
GGAACAAAGGTATAGC,BCOR,CLL8,CLL8,1,FRP.FFPEtest1_CLL8,False,WT,WT,WT,GCB,WT,WT,WT,WT,WT,WT,WT,WT,WT,WT,0.0013669577616633,0.9986328941253528,1.4811298378942278e-07,0.0,1.0,0.0,0.0,1.0,0.0,0.0,1.0,8.402454563589064e-32,0.0014761923,0.9972356,0.0012881823,3.7255197959611135e-08,0.9999982744118658,1.6883329361095258e-06,4.269259851274893e-05,0.999953264941651,4.0424598362911306e-06,0.3034925229164489,0.4348210806577939,0.2616863964257571,0.0903712300092529,0.8335880381685702,0.0760407316087489,1.0,WT,WT,WT,WT,WT,WT,WT,WT,WT,WT,WT,WT,WT
GTGGTTACACTCAATC,BCOR,CLL8,CLL8,1,FRP.FFPEtest1_CLL8,False,WT,WT,WT,GCB,WT,WT,WT,WT,WT,WT,WT,WT,WT,WT,1.1866354959823308e-12,0.994688412741462,0.0053115872573512,0.0,1.0,0.0,0.0,1.0,0.0,0.0,1.0,2.4366183580960896e-72,0.0003496348,0.99724543,0.0024049042,2.853904336609991e-28,0.9999998081618818,1.9183811821939038e-07,4.364329853346897e-06,0.9999848849563574,1.0750713789160987e-05,0.2604636507598386,0.4347369971284066,0.3047993521117547,0.0721309976153615,0.8416983333862408,0.0861706680282703,1.0,WT,WT,WT,WT,WT,WT,WT,WT,WT,WT,WT,WT,WT
ATAAGCCAGGAACCTG,BCOR,CLL8,CLL8,1,FRP.FFPEtest1_CLL8,False,MUT,MUT,MUT,Memory -B,FalsePositive,MUT,MUT,FalsePositive,MUT,MUT,MUT,FalsePositive,MUT,MUT,0.9074115703686454,6.414458908736385e-05,0.0925242850422672,0.08,0.0,0.92,0.0,0.0,1.0,0.999999999999993,0.0,6.9699461399171005e-15,0.05854474,0.0017626521,0.9396926,0.0003772067159418,4.642447282400869e-08,0.9996227468595852,0.007080841524512,2.914279193513904e-05,0.9928900156835528,0.3863230842643627,0.2556183091335647,0.3580586066020726,0.460148558413783,0.0764630277597225,0.4633884133220281,0.5416666666666666,MUT,FalsePositive,MUT,MUT,FalsePositive,MUT,MUT,MUT,FalsePositive,MUT,MUT,MUT,MUT
GCCATCAGTGAACGTA,BCOR,CLL8,CLL8,1,FRP.FFPEtest1_CLL8,False,MUT,MUT,MUT,Memory -B,FalsePositive,MUT,MUT,FalsePositive,MUT,MUT,MUT,MUT,FalsePositive,MUT,0.85889818067855,0.0001901715590378,0.1409116477624121,0.1,0.0,0.9,0.2895263793540356,0.0,0.7104736206459644,0.9999999999999646,0.0,3.64963324420226e-14,0.0026884268,0.00077002315,0.99654156,0.0741541140068056,3.387578797771553e-06,0.9258424984143964,2.2995912956084103e-05,3.542219038913172e-06,0.9999734618680052,0.3715571905863561,0.2557553793609645,0.3726874300526793,0.4595819761859943,0.0767879195970722,0.4636301031303906,0.5,MUT,FalsePositive,MUT,MUT,FalsePositive,MUT,MUT,MUT,MUT,FalsePositive,MUT,MUT,MUT
AGTTACGCAGTTGCCC,BCOR,CLL8,CLL8,1,FRP.FFPEtest1_CLL8,False,MUT,MUT,MUT,CCDN2$^{hi}$ -B,MUT,MUT,MUT,FalsePositive,MUT,MUT,MUT,MUT,MUT,MUT,0.1810216797164098,0.0007244308418841,0.818253889441706,0.0,0.0,1.0,0.0,0.0,1.0,0.9999999999926388,0.0,7.36133692068496e-12,0.00019021083,0.0003620921,0.99944764,8.700757485686252e-15,1.1365178201924509e-08,0.9999999886348132,7.10079572763466e-05,9.422916434578956e-06,0.9999195691262892,0.3496633829383427,0.2554033128244036,0.3949333042372536,0.2686628149443497,0.0813213606929712,0.6500158254395209,0.8333333333333334,MUT,MUT,MUT,MUT,FalsePositive,MUT,MUT,MUT,MUT,MUT,MUT,MUT,MUT
ACGTTCGGTAGCTTTA,BCOR,CLL8,CLL8,1,FRP.FFPEtest1_CLL8,False,WT,WT,WT,GCB,WT,WT,WT,WT,WT,WT,WT,WT,WT,WT,0.0001887673157221,0.9997998213325024,1.1411351775487376e-05,0.0,1.0,0.0,0.0,1.0,0.0,0.0,1.0,1.0923603159083856e-26,0.00034972784,0.9975108,0.002139421,7.920036580996782e-15,0.9999963027354224,3.69726456979268e-06,4.438698527931605e-06,0.9999843999558236,1.1161345648431405e-05,0.2645273679113056,0.434996821016045,0.3004758110726493,0.0795252316161141,0.8271764965973216,0.0932982674015871,1.0,WT,WT,WT,WT,WT,WT,WT,WT,WT,WT,WT,WT,WT
GTATACTTCCTGAGGA,BCOR,CLL8,CLL8,1,FRP.FFPEtest1_CLL8,False,MUT,MUT,MUT,GCB,MUT,MUT,MUT,FalsePositive,MUT,MUT,MUT,MUT,MUT,MUT,0.0066387155583277,0.0011242799520942,0.992237004489578,0.0,0.0,1.0,0.0,0.0,1.0,0.9999890447226044,0.0,1.0955277395057815e-05,0.0004895993,0.0009291972,0.9985812,7.592896292907302e-20,9.596205044853025e-08,0.9999999040379496,2.2271654418972223e-05,2.958612913719339e-06,0.9999747697326674,0.3337522045671043,0.2547147065929851,0.4115330888399106,0.2379216848466927,0.0851644496301991,0.6769138659305618,0.875,MUT,MUT,MUT,MUT,FalsePositive,MUT,MUT,MUT,MUT,MUT,MUT,MUT,MUT
TGCATTAGTTAAGCCT,BCOR,CLL8,CLL8,1,FRP.FFPEtest1_CLL8,False,MUT,MUT,MUT,GCB,MUT,MUT,MUT,MUT,MUT,MUT,MUT,MUT,MUT,MUT,0.0158631295319265,0.0004477492687636,0.9836891211993098,0.0,0.0,1.0,0.0,0.0,1.0,1.6906763779245973e-43,0.0,1.0,0.00019918277,0.00044123124,0.99935955,6.859886618191517e-20,2.43239323942918e-09,0.9999999975676068,4.001097142957533e-05,5.779625193582236e-06,0.999954209403377,0.3337522045671043,0.2547147065929851,0.4115330888399106,0.1021993819069174,0.0823787843644432,0.8154218313906316,1.0,MUT,MUT,MUT,MUT,MUT,MUT,MUT,MUT,MUT,MUT,MUT,MUT,MUT
TGTTGGTGTAAAGCGC,BCOR,CLL8,CLL8,1,FRP.FFPEtest1_CLL8,False,WT,WT,WT,Memory -B,WT,WT,WT,WT,WT,WT,WT,WT,WT,WT,1.447739156091162e-06,0.999997571907243,9.803536007797165e-07,0.0,1.0,0.0,0.0,1.0,0.0,0.0,1.0,1.392895808685222e-47,0.0007032429,0.99664944,0.0026472702,1.0579739566801049e-17,0.9999873081966414,1.2691803358568736e-05,5.363673826973496e-06,0.9999886826605304,5.953665642703335e-06,0.2897080012973749,0.4354105681256662,0.2748814305769588,0.0781045253580618,0.8451399791587736,0.0767554912340054,1.0,WT,WT,WT,WT,WT,WT,WT,WT,WT,WT,WT,WT,WT
ATTCGATTCCAGATAA,BCOR,CLL8,CLL8,1,FRP.FFPEtest1_CLL8,False,WT,WT,WT,GCB,WT,WT,WT,WT,WT,WT,WT,WT,WT,WT,1.3661915451774073e-07,0.9999896045481916,1.0258832653623384e-05,0.0,1.0,0.0,0.0,1.0,0.0,0.0,1.0,4.43650832909958e-47,0.00032845332,0.9971054,0.0025661176,2.984850382215173e-18,0.9999997335149936,2.664850063004272e-07,4.435037540407346e-06,0.9999844128225608,1.1152139898837075e-05,0.2645034116746381,0.4349954530281844,0.3005011352971773,0.07442827577897,0.844672466606546,0.0808992552861775,1.0,WT,WT,WT,WT,WT,WT,WT,WT,WT,WT,WT,WT,WT
GACCTGAAGGTCACAG,BCOR,CLL8,CLL8,1,FRP.FFPEtest1_CLL8,False,MUT,MUT,MUT,Memory -B,MUT,MUT,MUT,MUT,MUT,MUT,MUT,MUT,MUT,MUT,3.328060963508917e-07,6.093748982938186e-15,0.9999996671938975,0.0,0.0,1.0,0.0,0.0,1.0,0.0,0.0,1.0,0.00011725184,0.00027649433,0.9996063,3.372864145335146e-36,1.477705558524586e-23,1.0,3.2400434461769066e-05,6.743678801775958e-06,0.9999608558867366,0.3550845577603544,0.2555536677477711,0.3893617744918744,0.1052180627020148,0.0733985990916416,0.8213833419025299,1.0,MUT,MUT,MUT,MUT,MUT,MUT,MUT,MUT,MUT,MUT,MUT,MUT,MUT
GGTCATTGTGCCCGAT,BCOR,CLL8,CLL8,1,FRP.FFPEtest1_CLL8,False,MUT,MUT,MUT,CD24+ -B,MUT,MUT,MUT,MUT,FalsePositive,MUT,FalsePositive,FalsePositive,MUT,MUT,1.4970428369277882e-08,7.5965947154274e-11,0.9999999849536056,0.2,0.0,0.8,0.0,0.0,1.0,0.0,0.0,1.0,0.81137496,0.0026899376,0.18593505,1.4205795899571007e-34,3.1255528593235568e-21,1.0,0.8981344866440881,0.0002323786443674,0.1016331347115443,0.3879629327806472,0.2555849536555808,0.3564521135637719,0.2184889059699039,0.0771795802192847,0.7043315171480505,0.7916666666666666,MUT,MUT,MUT,MUT,MUT,FalsePositive,MUT,FalsePositive,FalsePositive,MUT,MUT,FalsePositive,FalsePositive
AACCTGCTCTTGAAAG,BCOR,CLL8,CLL8,1,FRP.FFPEtest1_CLL8,False,MUT,MUT,MUT,CD24+ -B,FalsePositive,MUT,MUT,FalsePositive,MUT,MUT,MUT,FalsePositive,FalsePositive,FalsePositive,0.6305225011995478,0.0008586312104857,0.3686188675899665,0.0,0.0,1.0,0.2674164787198819,0.0,0.7325835212801182,0.9999999999999504,0.0,4.9195492317372524e-14,0.036012206,0.004874947,0.9591128,0.0089006636508058,0.000382368127453,0.990716968221741,0.0050766024951839,4.5297274202396456e-05,0.9948781002306136,0.3794769686759694,0.2557186065798519,0.3648044247441788,0.5067309535958024,0.0865706668484357,0.4066983780811679,0.5416666666666666,MUT,FalsePositive,MUT,MUT,FalsePositive,MUT,MUT,MUT,FalsePositive,FalsePositive,FalsePositive,MUT,MUT
ACAGCCGCATTGTGAG,BCOR,CLL8,CLL8,1,FRP.FFPEtest1_CLL8,False,MUT,MUT,MUT,Memory -B,MUT,MUT,MUT,FalsePositive,MUT,MUT,MUT,MUT,MUT,MUT,0.2209440080336594,0.0004886195087782,0.7785673724575622,0.0,0.0,1.0,0.0,0.0,1.0,0.9999999999917648,0.0,8.235776563217642e-12,0.00016034448,0.00029369156,0.999546,1.0481891358949266e-10,1.0234432922587582e-07,0.9999998975508518,3.405440931692342e-05,8.08029842344289e-06,0.9999578652922596,0.3550845577603544,0.2555536677477711,0.3893617744918744,0.269027055007917,0.0794658000120697,0.6515071452904541,0.875,MUT,MUT,MUT,MUT,FalsePositive,MUT,MUT,MUT,MUT,MUT,MUT,MUT,MUT
TCCCGTTGTATGGTAG,BCOR,CLL8,CLL8,1,FRP.FFPEtest1_CLL8,False,WT,WT,WT,CCDN2$^{hi}$ -B,WT,WT,WT,WT,WT,WT,WT,WT,WT,WT,4.5585385544107775e-09,0.999972097245462,2.789819599942928e-05,0.0,1.0,0.0,0.0,1.0,0.0,0.0,1.0,7.546593301398065e-59,0.0003496946,0.997416,0.002234323,1.5942632339916544e-18,0.9999999805150716,1.9484928468035853e-08,4.435037540407346e-06,0.9999844128225608,1.1152139898837075e-05,0.2748502932449826,0.4354098459942082,0.2897398607608091,0.0735751364133973,0.8456404044076051,0.0807844563268222,1.0,WT,WT,WT,WT,WT,WT,WT,WT,WT,WT,WT,WT,WT
ATAGCAGGTATTTGTG,BCOR,CLL8,CLL8,1,FRP.FFPEtest1_CLL8,False,WT,WT,WT,CCDN2$^{hi}$ -B,WT,WT,WT,WT,WT,WT,WT,WT,WT,WT,0.0041602358172929,0.9958397232798332,4.0902873991523085e-08,0.0,1.0,0.0,0.0,1.0,0.0,0.0,0.999999999960595,3.9405174002813166e-11,0.00024747342,0.9966073,0.0031451888,2.5940202534944756e-11,0.9999960655226346,3.934451425184436e-06,4.234414484267587e-06,0.9999845466494058,1.1218936109874997e-05,0.2808060216537879,0.4354921297857122,0.2837018485604997,0.082608296647281,0.8323548541524411,0.0850368453973772,1.0,WT,WT,WT,WT,WT,WT,WT,WT,WT,WT,WT,WT,WT
GTAACCACACTATGGA,BCOR,CLL8,CLL8,1,FRP.FFPEtest1_CLL8,False,MUT,MUT,MUT,CD24+ -B,MUT,MUT,MUT,MUT,MUT,MUT,MUT,MUT,MUT,MUT,0.3590730668444263,2.5990980767511997e-09,0.6409269305564756,0.0,0.0,1.0,0.0,0.0,1.0,0.0,0.0,1.0,0.0056879846,0.0018669927,0.99244505,1.3212572486960464e-10,1.376577298099177e-09,0.9999999984912972,0.0345894507668441,0.0007892012329042,0.9646213480002516,0.3681404205716778,0.255744672100354,0.3761149073279682,0.1566055230170762,0.0750918641714484,0.7683026057489459,0.9583333333333334,MUT,MUT,MUT,MUT,MUT,MUT,MUT,MUT,MUT,MUT,MUT,MUT,MUT
TACGGGTCAACTTAGG,BCOR,CLL8,CLL8,1,FRP.FFPEtest1_CLL8,False,MUT,MUT,MUT,CCDN2$^{hi}$ -B,MUT,MUT,MUT,MUT,MUT,MUT,MUT,MUT,MUT,MUT,6.815579234999137e-07,0.0020040798437553,0.9979952385983212,0.0,0.02,0.98,0.0,0.0,1.0,1.5313280041726658e-172,0.0,1.0,0.00022171064,0.0005376375,0.99924064,1.4460290136834613e-30,7.49535526583047e-13,0.9999999999992504,3.030324031540205e-05,5.782340475635111e-06,0.999963914419209,0.3337522045671043,0.2547147065929851,0.4115330888399106,0.0909800276020865,0.0895518213198168,0.8194681542989204,1.0,MUT,MUT,MUT,MUT,MUT,MUT,MUT,MUT,MUT,MUT,MUT,MUT,MUT
GAAATACGTCCTCCAT,BCOR,CLL8,CLL8,1,FRP.FFPEtest1_CLL8,False,MUT,MUT,MUT,Memory -B,FalsePositive,MUT,MUT,FalsePositive,MUT,MUT,MUT,MUT,MUT,MUT,0.5352468060126512,0.0004414301207286,0.4643117638666201,0.0,0.0,1.0,0.0,0.0,1.0,0.9999999999997088,0.0,2.892549793718501e-13,0.001152135,0.0005467711,0.9983011,0.0001223603007922,4.522074155561191e-06,0.9998731176250524,0.0001247555075947,1.1353735741646358e-05,0.9998638907566636,0.3681404205716778,0.255744672100354,0.3761149073279682,0.3135377295051034,0.0794421800282917,0.6070200896905026,0.6666666666666666,MUT,FalsePositive,MUT,MUT,FalsePositive,MUT,MUT,MUT,MUT,MUT,MUT,MUT,MUT
GACGTAAGTTAGTGCT,BCOR,CLL8,CLL8,1,FRP.FFPEtest1_CLL8,False,MUT,MUT,MUT,Memory -B,MUT,MUT,MUT,FalsePositive,MUT,MUT,MUT,MUT,MUT,MUT,0.4141672731402582,0.0009228391854427,0.5849098876742991,0.0,0.0,1.0,0.0,0.0,1.0,0.9999999999998151,0.0,1.8425063602764977e-13,0.00019197473,0.00056430645,0.99924374,1.0190249884083888e-06,3.145279421842471e-05,0.9999675281807932,2.034353464077545e-05,2.6939765559090567e-06,0.9999769624888032,0.3550845577603544,0.2555536677477711,0.3893617744918744,0.2927324268697961,0.0839387891619432,0.6233287840264683,0.75,MUT,MUT,MUT,MUT,FalsePositive,MUT,MUT,MUT,MUT,MUT,MUT,MUT,MUT
GGCAGGTTCTTGATCG,BCOR,CLL8,CLL8,0,FRP.FFPEtest1_CLL8,True,WT,WT,WT,T-cell,WT,WT,WT,WT,WT,WT,WT,WT,WT,WT,1.9312635964625864e-10,0.9999995596785508,4.401283228187771e-07,0.0,1.0,0.0,0.0,1.0,0.0,0.0,1.0,1.3362166343396557e-110,0.0010566281,0.9973743,0.0015690472,1.1313974771913148e-20,0.9999868141653117,1.318583468833843e-05,5.774390201932991e-06,0.999983479651974,1.074595782430471e-05,0.2981566780993402,0.4351143385635346,0.2667289833371251,0.0792022942481552,0.8481483363264871,0.0726493676209203,1.0,WT,WT,WT,WT,WT,WT,WT,WT,WT,WT,WT,WT,WT
GCCCTTTGTTAAGGAT,BCOR,CLL8,CLL8,1,FRP.FFPEtest1_CLL8,False,MUT,MUT,MUT,GCB,MUT,MUT,MUT,MUT,MUT,MUT,MUT,MUT,MUT,MUT,0.0008132375867398,3.6937815799057635e-09,0.9991867587194786,0.0,0.0,1.0,0.0,0.0,1.0,0.0,0.0,1.0,0.0003288037,0.0004591203,0.999212,9.857259457667459e-28,1.0969065043099916e-15,0.9999999999999988,3.4189901625377326e-05,5.779750625017455e-06,0.9999600303477496,0.3284453822919246,0.2544011537555815,0.4171534639524938,0.1048059978561817,0.0734334374509406,0.8217605659152385,1.0,MUT,MUT,MUT,MUT,MUT,MUT,MUT,MUT,MUT,MUT,MUT,MUT,MUT
GGGCAATGTTGCGAAA,BCOR,CLL8,CLL8,1,FRP.FFPEtest1_CLL8,False,WT,WT,WT,Memory -B,WT,WT,WT,WT,WT,WT,WT,WT,WT,WT,1.8335496139477533e-07,0.9999922714001696,7.545244869017023e-06,0.0,1.0,0.0,0.0,1.0,0.0,0.0,1.0,3.8350904500330104e-47,0.00032845594,0.99711335,0.00255817,3.0825491749466266e-18,0.9999995362195372,4.637804628298434e-07,4.435037540407346e-06,0.9999844128225608,1.1152139898837075e-05,0.2645034116746381,0.4349954530281844,0.3005011352971773,0.0747686914397906,0.8450973362905619,0.0801339699413411,1.0,WT,WT,WT,WT,WT,WT,WT,WT,WT,WT,WT,WT,WT
TTATGTCAGCAACTTT,BCOR,CLL8,CLL8,1,FRP.FFPEtest1_CLL8,False,MUT,MUT,MUT,GCB,MUT,MUT,MUT,MUT,MUT,MUT,MUT,MUT,MUT,MUT,0.0910192220779422,1.7037783956440627e-09,0.9089807762182792,0.0,0.0,1.0,0.0,0.0,1.0,0.0,0.0,1.0,0.00033537287,0.0005526264,0.99911195,3.468282215245138e-20,3.2413115439007e-13,0.9999999999996758,3.381769129311437e-05,6.2218188409678216e-06,0.9999599604898658,0.3527494618451985,0.255494075509903,0.3917564626448984,0.1137146028636396,0.0738610602007485,0.8124243380318559,1.0,MUT,MUT,MUT,MUT,MUT,MUT,MUT,MUT,MUT,MUT,MUT,MUT,MUT
AGTGGCGGTGAACGGT,BCOR,CLL8,CLL8,1,FRP.FFPEtest1_CLL8,False,MUT,MUT,MUT,CCDN2$^{hi}$ -B,MUT,MUT,MUT,FalsePositive,MUT,MUT,MUT,MUT,MUT,MUT,0.0602875532640011,0.0003937243367681,0.9393187223992306,0.0,0.0,1.0,0.0,0.0,1.0,0.999999998136648,0.0,1.86335278420505e-09,0.00048217195,0.0004919498,0.99902594,1.2394786205053442e-21,1.0302629616509196e-11,0.9999999999896974,3.405440931692342e-05,8.08029842344289e-06,0.9999578652922596,0.3473077577960664,0.2553247783954051,0.3973674638085285,0.2468919858762594,0.0782744561588847,0.6748335574603895,0.875,MUT,MUT,MUT,MUT,FalsePositive,MUT,MUT,MUT,MUT,MUT,MUT,MUT,MUT
GAGCCTTTCCAATGAA,BCOR,CLL8,CLL8,1,FRP.FFPEtest1_CLL8,False,WT,WT,WT,CD24+ -B,WT,WT,WT,WT,WT,WT,WT,WT,WT,WT,9.669309337780337e-08,0.999998506574958,1.3967319485340271e-06,0.0,1.0,0.0,0.0,1.0,0.0,0.0,1.0,2.424265526813337e-59,0.0007157192,0.9968123,0.0024720302,7.991994203732534e-16,0.999999734729412,2.652705870019681e-07,3.067258802389966e-05,0.9999570224921924,1.2304919783813203e-05,0.2908404839357271,0.435383043434917,0.2737764726293558,0.076632652085641,0.8473344085769209,0.0760329378240391,1.0,WT,WT,WT,WT,WT,WT,WT,WT,WT,WT,WT,WT,WT
TGAAACTCATTTGTTG,BCOR,CLL8,CLL8,1,FRP.FFPEtest1_CLL8,False,WT,WT,WT,GCB,WT,WT,WT,WT,WT,WT,WT,WT,WT,WT,1.1679589286999867e-11,0.9993539280857052,0.0006460719026152,0.0,1.0,0.0,0.0,1.0,0.0,0.0,1.0,9.930402443908682e-73,0.0003496946,0.997416,0.002234323,9.885827748486036e-26,0.9999997490140908,2.509859093428009e-07,4.434639934149778e-06,0.9999844424387748,1.112292129094286e-05,0.2645034116746381,0.4349954530281844,0.3005011352971773,0.0724734709944609,0.8453806300907215,0.0821458978282746,1.0,WT,WT,WT,WT,WT,WT,WT,WT,WT,WT,WT,WT,WT
GTGGAAGCATTCAGGA,BCOR,CLL8,CLL8,1,FRP.FFPEtest1_CLL8,False,MUT,MUT,MUT,GCB,MUT,MUT,MUT,MUT,MUT,MUT,MUT,MUT,MUT,MUT,0.0102261256265661,4.931889544429726e-09,0.9897738694415444,0.0,0.0,1.0,0.0,0.0,1.0,0.0,0.0,1.0,0.00018467175,0.00039995866,0.9994154,9.326429009375164e-21,1.0226960274417677e-12,0.9999999999989772,4.779849905658684e-05,8.080260852257442e-06,0.9999441212400912,0.3337522045671043,0.2547147065929851,0.4115330888399106,0.1139837275860742,0.0735753695214473,0.8124409033581396,1.0,MUT,MUT,MUT,MUT,MUT,MUT,MUT,MUT,MUT,MUT,MUT,MUT,MUT
GGCAAGCTCTTCAAGT,BCOR,CLL8,CLL8,1,FRP.FFPEtest1_CLL8,False,MUT,MUT,MUT,CD24+ -B,MUT,MUT,MUT,MUT,MUT,MUT,MUT,MUT,MUT,MUT,3.251841061376449e-06,0.000101918053289,0.9998948301056496,0.0,0.0,1.0,0.0,0.0,1.0,0.0,0.0,1.0,0.00017856223,0.00036304304,0.9994584,1.1550145398381814e-47,8.011229800764315e-25,1.0,2.5901260396301423e-05,6.7399582938695785e-06,0.9999673587813098,0.3550845577603544,0.2555536677477711,0.3893617744918744,0.1006129813963665,0.0771476597056532,0.8222393542510686,1.0,MUT,MUT,MUT,MUT,MUT,MUT,MUT,MUT,MUT,MUT,MUT,MUT,MUT
TCCACTAAGAGCAACT,BCOR,CLL8,CLL8,1,FRP.FFPEtest1_CLL8,False,WT,WT,WT,Memory -B,WT,WT,WT,WT,WT,WT,WT,WT,WT,WT,0.0001408039429805,0.9998578021193614,1.3939376581044262e-06,0.0,1.0,0.0,0.0,1.0,0.0,0.0,1.0,2.966790932099004e-31,0.00024641547,0.9967278,0.0030257683,1.0490664242043745e-12,0.9999994847112594,5.15287691539156e-07,4.434812267113935e-06,0.999984413614296,1.115157343705163e-05,0.2808060216537879,0.4354921297857122,0.2837018485604997,0.0791091411440057,0.8391824046384585,0.0817084491728717,1.0,WT,WT,WT,WT,WT,WT,WT,WT,WT,WT,WT,WT,WT
ATAACCAAGCTCCCTC,BCOR,CLL8,CLL8,1,FRP.FFPEtest1_CLL8,False,MUT,MUT,MUT,Memory -B,MUT,MUT,MUT,MUT,MUT,MUT,MUT,MUT,MUT,MUT,0.0008463487748454,2.1331644017083116e-10,0.999153651011838,0.0,0.0,1.0,0.0,0.0,1.0,0.0,0.0,1.0,0.008871333,0.0016231734,0.98950547,4.311153834322565e-32,1.5787491813507512e-19,1.0,0.0008989009703056,4.9563397239855545e-05,0.9990515356324544,0.3465571660697608,0.2552980627614947,0.3981447711687444,0.1082730958076317,0.0742707630147343,0.8174561401298961,0.9583333333333334,MUT,MUT,MUT,MUT,MUT,MUT,MUT,MUT,MUT,MUT,MUT,MUT,MUT
TCTACCTTCCCTCGCT,BCOR,CLL8,CLL8,1,FRP.FFPEtest1_CLL8,False,MUT,MUT,MUT,Memory -B,MUT,MUT,MUT,MUT,MUT,MUT,MUT,MUT,MUT,MUT,0.1658943025358114,0.0005086624512499,0.8335970350129385,0.0,0.0,1.0,0.0,0.0,1.0,6.5105227831202875e-50,0.0,1.0,0.0009577663,0.00075258507,0.99828964,5.297663643901045e-19,2.2731374954674408e-10,0.9999999997726864,5.066996786735951e-05,2.3451595130897038e-06,0.9999469848726196,0.3681404205716778,0.255744672100354,0.3761149073279682,0.1561033901371185,0.085163410324473,0.7587331945325496,0.9583333333333334,MUT,MUT,MUT,MUT,MUT,MUT,MUT,MUT,MUT,MUT,MUT,MUT,MUT
ACAATGTCAACAGCTA,BCOR,CLL8,CLL8,1,FRP.FFPEtest1_CLL8,False,MUT,MUT,MUT,CCDN2$^{hi}$ -B,MUT,MUT,MUT,MUT,MUT,MUT,MUT,MUT,MUT,MUT,0.0006955372244386,3.8870149153742046e-10,0.9993044623868598,0.0,0.0,1.0,0.0,0.0,1.0,0.0,0.0,1.0,0.0015441404,0.00057783263,0.9978781,1.0639222784997282e-25,1.1102013890025704e-16,1.0,1.53351265605924e-05,2.252053915489728e-06,0.9999824128195238,0.3681404205716778,0.255744672100354,0.3761149073279682,0.1086657257392765,0.0738724241999559,0.8174618506234416,0.9583333333333334,MUT,MUT,MUT,MUT,MUT,MUT,MUT,MUT,MUT,MUT,MUT,MUT,MUT
AGTCGTTGTGTTTGGT,BCOR,CLL8,CLL8,1,FRP.FFPEtest1_CLL8,False,WT,WT,WT,GCB,WT,WT,WT,WT,WT,WT,WT,WT,WT,WT,2.025531432470817e-07,0.9999922728286452,7.524618211352293e-06,0.0,1.0,0.0,0.0,1.0,0.0,0.0,1.0,3.3082853352045476e-47,0.00024746594,0.9965771,0.0031754156,6.121876884818973e-14,0.9999999787268394,2.127309931047029e-08,4.438715443867135e-06,0.9999833423521758,1.2218932380460124e-05,0.2766527127718924,0.4354465618431341,0.2879007253849734,0.075059970121908,0.8449000617475089,0.0800399630859192,1.0,WT,WT,WT,WT,WT,WT,WT,WT,WT,WT,WT,WT,WT
TGATCTTAGACTAATG,BCOR,CLL8,CLL8,0,FRP.FFPEtest1_CLL8,True,WT,WT,WT,T-cell,WT,WT,WT,WT,WT,WT,WT,WT,WT,WT,0.0010633079821465,0.9989364990841696,1.9293368390127415e-07,0.0,1.0,0.0,0.0,1.0,0.0,0.0,1.0,1.0159032671727327e-31,0.0034121878,0.99518245,0.0014053895,4.6435621599922223e-08,0.9999990493546488,9.042097297849332e-07,9.941751330364296e-05,0.9998969000953108,3.6823913854111367e-06,0.3034925229164489,0.4348210806577939,0.2616863964257571,0.0884725707281755,0.8350347740714771,0.0764926506601499,1.0,WT,WT,WT,WT,WT,WT,WT,WT,WT,WT,WT,WT,WT
GGTTGACCAAACTTGG,BCOR,CLL8,CLL8,1,FRP.FFPEtest1_CLL8,False,MUT,MUT,MUT,CCDN2$^{hi}$ -B,MUT,MUT,MUT,MUT,MUT,MUT,MUT,MUT,MUT,MUT,0.0001484266340527,1.649716404335597e-09,0.999851571716231,0.0,0.0,1.0,0.0,0.0,1.0,0.0,0.0,1.0,0.0003885905,0.00046558454,0.99914587,4.158213073963185e-28,1.5833589509261262e-16,0.9999999999999998,2.436096181430345e-05,5.779807435780825e-06,0.99996985923075,0.3284453822919246,0.2544011537555815,0.4171534639524938,0.1020371576269859,0.0734120659545551,0.8245507778833518,1.0,MUT,MUT,MUT,MUT,MUT,MUT,MUT,MUT,MUT,MUT,MUT,MUT,MUT
TGACGAAGTAATGCGA,BCOR,CLL8,CLL8,1,FRP.FFPEtest1_CLL8,False,WT,WT,WT,Memory -B,WT,WT,WT,WT,WT,WT,WT,WT,WT,WT,0.0327351255328359,0.967264808552132,6.591503209916278e-08,0.0,1.0,0.0,0.0,1.0,0.0,0.0,1.0,1.2965830346080455e-27,0.0013220983,0.996606,0.002071972,8.6558439164928e-09,0.9999891292155596,1.0862128596564158e-05,1.389621756739324e-05,0.9999802345451886,5.869237244036052e-06,0.3010736090850193,0.434964042237202,0.2639623486777785,0.0983155858375545,0.8243533683006512,0.0773310435140853,1.0,WT,WT,WT,WT,WT,WT,WT,WT,WT,WT,WT,WT,WT
GACGTAAGTCCCTCAT,BCOR,CLL8,CLL8,1,FRP.FFPEtest1_CLL8,False,WT,WT,WT,CCDN2$^{hi}$ -B,WT,WT,WT,WT,WT,WT,WT,WT,WT,WT,0.0027148586421046,0.9972842596768552,8.816810401506564e-07,0.0,1.0,0.0,0.0,1.0,0.0,0.0,1.0,4.248500532828452e-27,0.000247485,0.9966539,0.0030986103,2.5689100759492156e-08,0.9999995920610656,3.8224983374382876e-07,4.438713569583361e-06,0.9999833423592096,1.2218927220916338e-05,0.2808060216537879,0.4354921297857122,0.2837018485604997,0.085356424634702,0.8310275480643771,0.0836160222562571,1.0,WT,WT,WT,WT,WT,WT,WT,WT,WT,WT,WT,WT,WT
TGGACCAAGGTCAAAC,BCOR,CLL8,CLL8,1,FRP.FFPEtest1_CLL8,False,MUT,MUT,MUT,CCDN2$^{hi}$ -B,MUT,MUT,MUT,MUT,MUT,MUT,MUT,MUT,MUT,MUT,0.0128070105499625,0.0003642144798591,0.9868287749701782,0.02,0.0,0.98,0.0,0.0,1.0,1.500491419641126e-85,0.0,1.0,0.10002507,0.0031087787,0.89686614,9.302765684219177e-25,5.949723190787402e-13,0.9999999999994048,0.3190869467022343,0.0012001976790256,0.6797128556187401,0.3712727831097681,0.2557551026778158,0.3729721142124161,0.1660573335618151,0.0828553904384946,0.7510872753788087,0.875,MUT,MUT,MUT,MUT,MUT,MUT,MUT,MUT,MUT,MUT,MUT,MUT,MUT
AGGGACCTCCTTTGAG,BCOR,CLL8,CLL8,0,FRP.FFPEtest1_CLL8,True,WT,WT,WT,T-cell,WT,WT,WT,WT,WT,WT,WT,WT,WT,WT,4.71249287455489e-06,0.999994957551972,3.299551534070152e-07,0.0,1.0,0.0,0.0,1.0,0.0,0.0,1.0,9.71720364090498e-48,0.00068399747,0.996534,0.0027820256,1.5631613472143315e-16,0.99997785420996,2.214579003978089e-05,5.365703960489209e-06,0.999988113780655,6.52051538446795e-06,0.2855969080262448,0.4354781932430713,0.2789248987306837,0.079723274111833,0.8443265913580263,0.0759501303585916,1.0,WT,WT,WT,WT,WT,WT,WT,WT,WT,WT,WT,WT,WT
TAAAGGCTCGATTAAG,BCOR,CLL8,CLL8,1,FRP.FFPEtest1_CLL8,False,MUT,MUT,MUT,Plasmacytic,FalsePositive,MUT,MUT,MUT,MUT,MUT,MUT,MUT,MUT,MUT,0.8771164894662337,0.0007272262422058,0.1221562842915604,0.1,0.0,0.9,0.0,0.0,1.0,1.814880665738865e-19,0.0,1.0,0.01009523,0.008626764,0.981278,9.812879630772095e-10,6.165740997502776e-06,0.9999938332777144,0.0019130717209826,2.498845587393605e-05,0.9980619398231436,0.3681404205716778,0.255744672100354,0.3761149073279682,0.2104173354599738,0.1168700985454459,0.672712565218478,0.8333333333333334,MUT,FalsePositive,MUT,MUT,MUT,MUT,MUT,MUT,MUT,MUT,MUT,MUT,MUT
ATAGCAGGTACCTAGT,BCOR,CLL8,CLL8,1,FRP.FFPEtest1_CLL8,False,MUT,MUT,MUT,GCB,MUT,MUT,MUT,MUT,MUT,MUT,MUT,MUT,MUT,MUT,0.0303771213829619,0.0004521100003352,0.9691707686167028,0.0,0.0,1.0,0.0,0.0,1.0,1.0343732204447307e-41,0.0,1.0,0.00012254258,0.00036225124,0.9995152,1.9372233187706732e-13,5.270620050162516e-07,0.9999994729378012,4.667220234850897e-05,6.739915551247637e-06,0.9999465878821004,0.3496633829383427,0.2554033128244036,0.3949333042372536,0.1075436297155774,0.0825729701995382,0.8098833993184833,1.0,MUT,MUT,MUT,MUT,MUT,MUT,MUT,MUT,MUT,MUT,MUT,MUT,MUT
TAGTGCACATCCCAAT,BCOR,CLL8,CLL8,1,FRP.FFPEtest1_CLL8,False,MUT,MUT,MUT,Memory -B,MUT,MUT,MUT,MUT,MUT,MUT,MUT,MUT,MUT,MUT,6.747311937942781e-06,2.324900982834261e-09,0.999993250363161,0.0,0.0,1.0,0.0,0.0,1.0,0.0,0.0,1.0,0.0003805368,0.0004559351,0.9991635,5.134716338303791e-26,4.8841350901865536e-15,0.9999999999999952,3.405748219933956e-05,8.080298398612237e-06,0.999957862219402,0.3284453822919246,0.2544011537555815,0.4171534639524938,0.1085274663457628,0.0730692978292777,0.818403239559951,1.0,MUT,MUT,MUT,MUT,MUT,MUT,MUT,MUT,MUT,MUT,MUT,MUT,MUT
TCCGTTAAGATAGCCG,BCOR,CLL8,CLL8,1,FRP.FFPEtest1_CLL8,False,MUT,MUT,MUT,CCDN2$^{hi}$ -B,MUT,MUT,MUT,MUT,MUT,MUT,MUT,MUT,MUT,MUT,0.0055485177049904,0.0007678703987641,0.9936836118962452,0.0,0.0,1.0,0.0,0.0,1.0,1.633635282790744e-135,0.0,1.0,0.00014342334,0.00039178363,0.9994648,6.972476601895645e-34,8.884096455093621e-17,1.0,3.129610918155698e-05,5.787260788320138e-06,0.9999629166300302,0.3550845577603544,0.2555536677477711,0.3893617744918744,0.1074833443089998,0.0848218755733213,0.8076947768677512,1.0,MUT,MUT,MUT,MUT,MUT,MUT,MUT,MUT,MUT,MUT,MUT,MUT,MUT
TGGGTCCGTGTTTCGG,BCOR,CLL8,CLL8,1,FRP.FFPEtest1_CLL8,False,MUT,MUT,MUT,CD24+ -B,MUT,MUT,MUT,MUT,MUT,MUT,MUT,MUT,MUT,MUT,0.00289175222174,0.0002854975250063,0.9968227502532536,0.0,0.0,1.0,0.0,0.0,1.0,8.771602176201646e-244,0.0,1.0,0.0011260016,0.00051756867,0.9983564,1.6236718813948228e-36,1.310861479912729e-19,1.0,3.05191568898728e-05,2.2513342425710453e-06,0.9999672295088676,0.3681404205716778,0.255744672100354,0.3761149073279682,0.119120368003561,0.0802709322719263,0.8006086990454234,0.9583333333333334,MUT,MUT,MUT,MUT,MUT,MUT,MUT,MUT,MUT,MUT,MUT,MUT,MUT
GCATTTAGTGGGTGTG,BCOR,CLL8,CLL8,0,FRP.FFPEtest1_CLL8,True,WT,WT,WT,T-cell,WT,WT,WT,WT,WT,WT,WT,WT,WT,WT,6.1842384438342446e-09,0.999998141338556,1.852477205580403e-06,0.0,1.0,0.0,0.0,1.0,0.0,0.0,1.0,8.36830331086503e-74,0.00024977102,0.99722373,0.0025264597,2.5093436949057022e-14,0.9999999690315512,3.0968423733477125e-08,4.309343028727601e-06,0.9999834892609432,1.2201396028115704e-05,0.2808060216537879,0.4354921297857122,0.2837018485604997,0.0763172850690734,0.8485937062946164,0.0750890035916463,1.0,WT,WT,WT,WT,WT,WT,WT,WT,WT,WT,WT,WT,WT
ATCGTGACAACTTAGG,BCOR,CLL8,CLL8,0,FRP.FFPEtest1_CLL8,True,WT,WT,WT,T-cell,WT,WT,WT,WT,WT,WT,WT,WT,WT,WT,0.0485251978054102,0.9514747604679828,4.1726606821452725e-08,0.0,1.0,0.0,0.0,1.0,0.0,0.0,1.0,9.377693869092398e-28,0.0010800839,0.99735093,0.0015690104,7.153825233152384e-09,0.9999672729671236,3.271987905134415e-05,5.817203090661646e-06,0.9999557955560476,3.838724086191702e-05,0.2981566780993402,0.4351143385635346,0.2667289833371251,0.10356164828164,0.8198273793463429,0.0766109705675798,1.0,WT,WT,WT,WT,WT,WT,WT,WT,WT,WT,WT,WT,WT
AGTGATGGTACCTTAA,BCOR,CLL8,CLL8,1,FRP.FFPEtest1_CLL8,False,WT,WT,WT,GCB,WT,WT,WT,WT,WT,WT,WT,WT,WT,WT,0.0010839991169585,0.998913804748815,2.1961342264187806e-06,0.0,1.0,0.0,0.0,1.0,0.0,0.0,1.0,5.341165652182348e-27,0.00024747342,0.9966073,0.0031451888,2.4726675671689872e-09,0.9999992557684496,7.417588830081403e-07,4.438713569583361e-06,0.9999833423592096,1.2218927220916338e-05,0.2766527127718924,0.4354465618431341,0.2879007253849734,0.0838278563503872,0.8298422019649867,0.086329936639962,1.0,WT,WT,WT,WT,WT,WT,WT,WT,WT,WT,WT,WT,WT
TCCCGTTGTTGAGGAC,BCOR,CLL8,CLL8,0,FRP.FFPEtest1_CLL8,True,WT,WT,WT,T-cell,WT,WT,WT,WT,WT,WT,WT,WT,WT,WT,0.0008958361257175,0.99910393658224,2.272920425494105e-07,0.0,1.0,0.0,0.0,1.0,0.0,0.0,1.0,1.0579664527971912e-31,0.004546533,0.99421114,0.0012422621,9.029733031112667e-08,0.9999992799995916,6.297030781267221e-07,9.73563421551626e-05,0.9998991547666616,3.4888911833587715e-06,0.3034925229164489,0.4348210806577939,0.2616863964257571,0.0881663058004601,0.8352429450794299,0.0765907446963278,1.0,WT,WT,WT,WT,WT,WT,WT,WT,WT,WT,WT,WT,WT
GCTAGACCAACTTCGT,BCOR,CLL8,CLL8,1,FRP.FFPEtest1_CLL8,False,MUT,MUT,MUT,CD24+ -B,FalsePositive,MUT,MUT,FalsePositive,MUT,MUT,MUT,MUT,MUT,MUT,0.5456967810183595,0.0008850094693604,0.4534182095122799,0.0,0.0,1.0,0.0,0.0,1.0,0.9999999999999218,0.0,7.894992940736248e-14,0.0002591017,0.0007328089,0.9990081,0.0001646073009136,0.0001155649989853,0.9997198277001011,1.5200049045456283e-05,2.0642812744041244e-06,0.9999827356696802,0.3550845577603544,0.2555536677477711,0.3893617744918744,0.3538721378764143,0.0837591768109471,0.5623686853708462,0.7083333333333334,MUT,FalsePositive,MUT,MUT,FalsePositive,MUT,MUT,MUT,MUT,MUT,MUT,MUT,MUT
TGAGTCGAGTCATAAG,BCOR,CLL8,CLL8,0,FRP.FFPEtest1_CLL8,True,WT,WT,WT,T-cell,WT,WT,WT,WT,WT,WT,WT,WT,WT,WT,0.0298693149590328,0.9701306127015084,7.233945866468833e-08,0.0,1.0,0.0,0.0,1.0,0.0,0.0,1.0,1.2811295831580752e-27,0.0014582329,0.9973162,0.0012255264,8.663963181237118e-08,0.9999933442349856,6.5691253824324005e-06,4.052485910445449e-05,0.99990950783736,4.996730353566696e-05,0.3034925229164489,0.4348210806577939,0.2616863964257571,0.0997513720441534,0.82305777327025,0.0771908521632646,1.0,WT,WT,WT,WT,WT,WT,WT,WT,WT,WT,WT,WT,WT
GTTTCACCACAAGCGT,BCOR,CLL8,CLL8,1,FRP.FFPEtest1_CLL8,False,MUT,MUT,MUT,GCB,MUT,MUT,MUT,MUT,MUT,MUT,MUT,MUT,MUT,MUT,2.6376833136147217e-08,0.0006943923017933,0.9993055813213736,0.04,0.0,0.96,0.0,0.0,1.0,2.8403889857228095e-288,0.0,1.0,0.0035747178,0.009008223,0.9874171,2.342415845514888e-26,4.007406219000573e-06,0.9999959925937808,0.0001037822887844,1.450821603136982e-05,0.9998817094951844,0.3284453822919246,0.2544011537555815,0.4171534639524938,0.1101831267915904,0.1000794932317,0.7897373816841342,1.0,MUT,MUT,MUT,MUT,MUT,MUT,MUT,MUT,MUT,MUT,MUT,MUT,MUT
TTGTCAGTCGATTCTG,BCOR,CLL8,CLL8,1,FRP.FFPEtest1_CLL8,False,MUT,MUT,MUT,Memory -B,MUT,MUT,MUT,FalsePositive,MUT,MUT,MUT,MUT,MUT,MUT,0.4447463147129336,0.0009050567862703,0.554348628500796,0.0,0.0,1.0,0.0,0.0,1.0,0.999999999999627,0.0,3.7331277816636205e-13,0.0028641059,0.0012660194,0.9958698,4.238051686176466e-08,9.874694757116337e-06,0.999990082924726,0.0001054299422592,4.121393748230783e-06,0.9998904486639928,0.3681404205716778,0.255744672100354,0.3761149073279682,0.3085772826371856,0.0846717220749663,0.6067509970340778,0.7083333333333334,MUT,MUT,MUT,MUT,FalsePositive,MUT,MUT,MUT,MUT,MUT,MUT,MUT,MUT
GTTGTAAAGGCTGTGA,BCOR,CLL8,CLL8,1,FRP.FFPEtest1_CLL8,False,WT,WT,WT,Memory -B,WT,WT,WT,WT,WT,WT,WT,WT,WT,WT,5.401215082255002e-06,0.9999943157906044,2.829943131692958e-07,0.0,1.0,0.0,0.0,1.0,0.0,0.0,1.0,7.857457660343185e-48,0.0006840075,0.9965486,0.0027673813,4.401713494303985e-15,0.9999857453743785,1.4254625617157596e-05,5.365516372555987e-06,0.9999881141962036,6.520287423698294e-06,0.2897080012973749,0.4354105681256662,0.2748814305769588,0.0809735386054012,0.8435336858790233,0.0754927713440265,1.0,WT,WT,WT,WT,WT,WT,WT,WT,WT,WT,WT,WT,WT
AGCGCTAAGGGTTTCC,BCOR,CLL8,CLL8,1,FRP.FFPEtest1_CLL8,False,MUT,MUT,MUT,CCDN2$^{hi}$ -B,FalsePositive,MUT,MUT,FalsePositive,MUT,MUT,MUT,MUT,MUT,MUT,0.7901200527924899,0.0004035602880642,0.2094763869194457,0.0,0.0,1.0,0.0,0.0,1.0,0.9999999999998082,0.0,1.913328085222307e-13,0.0010390492,0.0005627945,0.9983981,0.0082001252326648,1.3889589095251352e-05,0.99178598517824,3.514546428660106e-05,4.519135248876391e-06,0.9999603354004646,0.3681404205716778,0.255744672100354,0.3761149073279682,0.3392659869667362,0.0794938990486785,0.5812401156143997,0.625,MUT,FalsePositive,MUT,MUT,FalsePositive,MUT,MUT,MUT,MUT,MUT,MUT,MUT,MUT
ACAGCCGCAGCCTATT,BCOR,CLL8,CLL8,1,FRP.FFPEtest1_CLL8,False,MUT,MUT,MUT,GCB,MUT,MUT,MUT,FalsePositive,MUT,MUT,MUT,MUT,MUT,MUT,0.0673075296480862,0.001064180317638,0.9316282900342756,0.0,0.0,1.0,0.0,0.0,1.0,0.9999999998997212,0.0,1.0028067223973512e-10,0.0009827317,0.0011841685,0.9978331,1.8583236603725225e-15,3.439601774310439e-07,0.9999996560398208,2.2271654418972223e-05,2.958612913719339e-06,0.9999747697326674,0.3527494618451985,0.255494075509903,0.3917564626448984,0.2524542139883052,0.0847613099270476,0.6627844788592123,0.875,MUT,MUT,MUT,MUT,FalsePositive,MUT,MUT,MUT,MUT,MUT,MUT,MUT,MUT
GCAGTAAGTTCGATGT,BCOR,CLL8,CLL8,1,FRP.FFPEtest1_CLL8,False,WT,WT,WT,GCB,WT,WT,WT,WT,WT,WT,WT,WT,WT,WT,1.3848368861630566e-05,0.9999848372073014,1.3144238369913463e-06,0.0,1.0,0.0,0.0,1.0,0.0,0.0,1.0,3.76530671925906e-38,0.00023248458,0.99648345,0.003284094,6.916047001882832e-10,0.9999999507952296,4.8513165763480216e-08,4.438715443867135e-06,0.9999833423521758,1.2218932380460124e-05,0.2808060216537879,0.4354921297857122,0.2837018485604997,0.0785870178885305,0.8427304741046107,0.0786825029621949,1.0,WT,WT,WT,WT,WT,WT,WT,WT,WT,WT,WT,WT,WT
GGCTGGTAGGTTCATT,BCOR,CLL8,CLL8,1,FRP.FFPEtest1_CLL8,False,MUT,MUT,MUT,GCB,MUT,MUT,MUT,MUT,MUT,MUT,MUT,MUT,MUT,MUT,5.53722311250538e-05,1.2281694389983276e-14,0.9999446277688628,0.0,0.0,1.0,0.0,0.0,1.0,0.0,0.0,1.0,0.00072901044,0.00058757537,0.9986834,5.5081486045012936e-27,5.480539684089952e-19,1.0,3.240290101798137e-05,6.744142395515012e-06,0.9999608529565864,0.3527494618451985,0.255494075509903,0.3917564626448984,0.1159467282282118,0.0731008173547144,0.810952459830386,1.0,MUT,MUT,MUT,MUT,MUT,MUT,MUT,MUT,MUT,MUT,MUT,MUT,MUT
GGGTTAGTCCAAAGAC,BCOR,CLL8,CLL8,1,FRP.FFPEtest1_CLL8,False,MUT,MUT,MUT,CCDN2$^{hi}$ -B,MUT,MUT,MUT,FalsePositive,MUT,MUT,MUT,MUT,MUT,MUT,0.1413954176862746,0.0007371553696672,0.857867426944058,0.0,0.0,1.0,0.0,0.0,1.0,0.9999999999862936,0.0,1.3706457595455635e-11,0.00018516892,0.00035249395,0.9994623,4.47491684105723e-16,6.568276945040295e-09,0.9999999934317224,7.101556661830461e-05,9.42359084030748e-06,0.9999195608425414,0.3496633829383427,0.2554033128244036,0.3949333042372536,0.2615084245322825,0.0815314015816533,0.6569601749629058,0.875,MUT,MUT,MUT,MUT,FalsePositive,MUT,MUT,MUT,MUT,MUT,MUT,MUT,MUT
TGTACCTCAAGGCCAT,BCOR,CLL8,CLL8,1,FRP.FFPEtest1_CLL8,False,MUT,MUT,MUT,GCB,MUT,MUT,MUT,MUT,MUT,MUT,MUT,MUT,MUT,MUT,0.0644570216689326,4.5918936513691976e-11,0.9355429782851484,0.0,0.0,1.0,0.0,0.0,1.0,0.0,0.0,1.0,0.0001872987,0.00040021853,0.99941254,1.4969382514541423e-34,8.0170607880369165e-22,1.0,3.3686236004124605e-05,6.22909362757181e-06,0.9999600846703685,0.3337522045671043,0.2547147065929851,0.4115330888399106,0.1342575696022413,0.0741795712687843,0.7915628577125879,1.0,MUT,MUT,MUT,MUT,MUT,MUT,MUT,MUT,MUT,MUT,MUT,MUT,MUT
ATAGGCGTCCTGATCA,BCOR,CLL8,CLL8,1,FRP.FFPEtest1_CLL8,False,MUT,MUT,MUT,GCB,FalsePositive,MUT,MUT,FalsePositive,MUT,MUT,MUT,MUT,MUT,MUT,0.7347163601978934,0.0004104836750728,0.2648731561270336,0.06,0.0,0.94,0.0,0.0,1.0,0.9999999999971187,0.0,2.879631223498117e-12,0.07496084,0.0031382553,0.9219009,2.627202877248725e-08,4.634251262886018e-07,0.999999510302845,0.0158396976073258,0.0003378601508505,0.9838224422418236,0.3644420515910614,0.2557148417573753,0.3798431066515632,0.3781962465052671,0.0805041354118319,0.5412996157933996,0.5416666666666666,MUT,FalsePositive,MUT,MUT,FalsePositive,MUT,MUT,MUT,MUT,MUT,MUT,MUT,MUT
GGCCTAAAGGCGGATC,BCOR,CLL8,CLL8,1,FRP.FFPEtest1_CLL8,False,WT,WT,WT,Memory -B,WT,WT,WT,MUT,WT,WT,WT,WT,WT,WT,0.0486053982099178,0.9513945958559568,5.9341254185703345e-09,0.0,0.9866666666666668,0.0133333333333333,0.0,1.0,0.0,0.0,0.2394338795270622,0.7605661204729356,0.001261786,0.997311,0.0014272725,1.518644630795643e-12,0.999236345444932,0.0007636545535492,3.6931184088322496e-05,0.9999593371756184,3.731640293342367e-06,0.3034925229164489,0.4348210806577939,0.2616863964257571,0.0983770390724726,0.7448022087199547,0.1568207480166207,0.9583333333333334,WT,WT,WT,WT,MUT,WT,WT,WT,WT,WT,WT,WT,WT
ACGCCTAGTACGAACA,BCOR,CLL8,CLL8,1,FRP.FFPEtest1_CLL8,False,MUT,MUT,MUT,Memory -B,FalsePositive,FalsePositive,FalsePositive,FalsePositive,MUT,FalsePositive,MUT,FalsePositive,FalsePositive,FalsePositive,0.7570947937533993,0.000806623224042,0.2420985830225586,0.5,0.0,0.5,1.0,0.0,0.0,0.9999999999999752,0.0,2.4712398761404923e-14,0.08006067,0.0066383258,0.91330105,0.8744836169859532,0.0003463451952385,0.1251700378188083,0.1491498554924339,0.0002686894095067,0.8505814550980594,0.3828740264110241,0.2556767208300946,0.3614492527588812,0.6588963322083036,0.0883498301888533,0.2527538388446066,0.7916666666666666,MUT,FalsePositive,FalsePositive,FalsePositive,FalsePositive,MUT,FalsePositive,MUT,FalsePositive,FalsePositive,FalsePositive,MUT,MUT
ATTACGTTCACAAAGC,BCOR,CLL8,CLL8,1,FRP.FFPEtest1_CLL8,False,MUT,MUT,MUT,GCB,MUT,MUT,MUT,MUT,MUT,MUT,MUT,MUT,MUT,MUT,0.0015113823830719,0.0004768724896158,0.9980117451273124,0.0,0.0,1.0,0.0,0.0,1.0,6.473217828304052e-48,0.0,1.0,0.00023982911,0.00049915584,0.99926096,3.002810507910123e-22,3.244936863773554e-09,0.9999999967550632,4.001097142957533e-05,5.779625193582236e-06,0.999954209403377,0.3337522045671043,0.2547147065929851,0.4115330888399106,0.0980630683068031,0.0822513827688087,0.8196855465863804,1.0,MUT,MUT,MUT,MUT,MUT,MUT,MUT,MUT,MUT,MUT,MUT,MUT,MUT
TCGTCCCTCAATACAG,BCOR,CLL8,CLL8,1,FRP.FFPEtest1_CLL8,False,MUT,MUT,MUT,Memory -B,FalsePositive,MUT,MUT,FalsePositive,MUT,MUT,MUT,MUT,MUT,MUT,0.6399576029889019,0.0002977367028861,0.3597446603082119,0.0,0.0,1.0,0.0,0.0,1.0,0.9999999999999292,0.0,7.138380956886548e-14,0.00792831,0.0014108449,0.99066085,0.0009422933485536,2.165116594275957e-06,0.999055541534852,0.0007465634125579,8.336850609132368e-06,0.9992450997368332,0.3713026852143296,0.2557551370062952,0.3729421777793753,0.3785349950289869,0.0757024033556619,0.5457625987825784,0.5416666666666666,MUT,FalsePositive,MUT,MUT,FalsePositive,MUT,MUT,MUT,MUT,MUT,MUT,MUT,MUT
ATGCACCTCCTTTGGA,BCOR,CLL8,CLL8,1,FRP.FFPEtest1_CLL8,False,MUT,MUT,MUT,GCB,MUT,MUT,MUT,MUT,MUT,MUT,MUT,MUT,MUT,MUT,0.4186158268728985,3.711960717392848e-09,0.5813841694151408,0.0,0.0,1.0,0.0,0.0,1.0,0.0,0.0,1.0,0.00043519595,0.00062711176,0.99893767,3.369952968367727e-13,3.2180905084826674e-10,0.999999999677854,6.087409985046993e-05,8.080296301800418e-06,0.9999310456038476,0.358185273207099,0.2556207833955176,0.3861939433973835,0.1533187184615229,0.0741348927046939,0.7725463891248214,1.0,MUT,MUT,MUT,MUT,MUT,MUT,MUT,MUT,MUT,MUT,MUT,MUT,MUT
ACAGCCGCATATAGGT,BCOR,CLL8,CLL8,1,FRP.FFPEtest1_CLL8,False,WT,WT,WT,GCB,WT,WT,WT,WT,WT,WT,WT,WT,WT,WT,0.0285471980613533,0.925125005447041,0.0463277964916057,0.0,1.0,0.0,0.0,1.0,0.0,4.1270984783237555e-118,1.0,9.228443526792663e-17,0.00056033,0.99751115,0.0019284982,5.751438501621845e-08,0.9997147133679622,0.0002852291176528,4.870107978500169e-06,0.9999838601061029,1.1269785918995265e-05,0.275542837622567,0.4350056116060437,0.2894515507713894,0.0944583682681049,0.8065824129687815,0.0989592218675222,1.0,WT,WT,WT,WT,WT,WT,WT,WT,WT,WT,WT,WT,WT
GACCAATAGATGCCTC,BCOR,CLL8,CLL8,1,FRP.FFPEtest1_CLL8,False,WT,WT,WT,GCB,WT,WT,WT,WT,WT,WT,WT,WT,WT,WT,0.0108841109254376,0.9501949926373896,0.0389208964371727,0.0,1.0,0.0,0.0,1.0,0.0,3.961573335264642e-144,1.0,3.594892875786042e-28,0.0006332158,0.997526,0.0018407432,1.6460063360335391e-09,0.999923867734298,7.613061969566172e-05,4.240171109688267e-06,0.9999462058985767,4.955393031345274e-05,0.2724680176697526,0.4349239040399245,0.2926080782903228,0.0908383989624443,0.811996258519696,0.0971653418969778,1.0,WT,WT,WT,WT,WT,WT,WT,WT,WT,WT,WT,WT,WT
TTCCTCTAGTCCTCAA,BCOR,CLL8,CLL8,1,FRP.FFPEtest1_CLL8,False,MUT,MUT,MUT,Memory -B,FalsePositive,MUT,MUT,FalsePositive,MUT,MUT,MUT,MUT,MUT,MUT,0.5004159777043616,0.0057093630919847,0.4938746592036537,0.0,0.0,1.0,0.0,0.0,1.0,0.9999999921612108,0.0,7.838789320340774e-09,0.00035087147,0.00028988405,0.9993593,0.013724940787561,7.088890894238868e-06,0.9862679703215446,2.4556518919309967e-05,3.0644454507795157e-06,0.99997237903563,0.3572708440641813,0.2556024106499524,0.3871267452858662,0.3056923769276967,0.087678008920091,0.6066296147730942,0.8333333333333334,MUT,FalsePositive,MUT,MUT,FalsePositive,MUT,MUT,MUT,MUT,MUT,MUT,MUT,MUT
GAGGATGCAACAAGTT,BCOR,CLL8,CLL8,1,FRP.FFPEtest1_CLL8,False,MUT,MUT,MUT,Memory -B,MUT,MUT,MUT,MUT,MUT,MUT,MUT,MUT,MUT,MUT,0.0386255298887979,8.229005055717807e-05,0.9612921800606448,0.0,0.0,1.0,0.0,0.0,1.0,1.8938830184773057e-192,0.0,1.0,0.00068503246,0.00062655774,0.9986884,2.507566262328149e-11,2.560085086480571e-10,0.9999999997189156,5.301399466363058e-05,8.172163158096662e-06,0.9999388138421782,0.3257061081413983,0.2542225397946213,0.4200713520639804,0.1061094331133402,0.0863368103907683,0.8075537564958916,1.0,MUT,MUT,MUT,MUT,MUT,MUT,MUT,MUT,MUT,MUT,MUT,MUT,MUT
TGGTAAGGTCCACAAT,BCOR,CLL8,CLL8,1,FRP.FFPEtest1_CLL8,False,MUT,MUT,MUT,Memory -B,FalsePositive,MUT,MUT,FalsePositive,MUT,MUT,MUT,MUT,MUT,MUT,0.6041331403102463,0.0331860310430134,0.3626808286467401,0.0,0.0,1.0,0.0,0.0,1.0,0.9999999993464496,1.0710248616557854e-126,6.535504725702972e-10,0.0006190013,0.0008035966,0.99857736,0.0046086977886423,0.0004330920009899,0.9949582102103678,0.0002970028156031,3.0018744057682057e-05,0.9996729784403392,0.3665170753600814,0.2557339218009407,0.3777490028389779,0.3310175687194251,0.0993121887142371,0.5696702425663376,0.75,MUT,FalsePositive,MUT,MUT,FalsePositive,MUT,MUT,MUT,MUT,MUT,MUT,MUT,MUT
GTAGTAGGTCATCATA,BCOR,CLL8,CLL8,1,FRP.FFPEtest1_CLL8,False,MUT,MUT,MUT,CD24+ -B,MUT,MUT,MUT,MUT,MUT,MUT,MUT,MUT,MUT,MUT,0.098708128214235,3.973217665215872e-05,0.9012521396091128,0.0,0.0,1.0,0.0,0.0,1.0,1.4097719377631488e-163,0.0,1.0,0.0005892452,0.00046044705,0.9989503,2.0195624528633795e-08,6.374027864683134e-08,0.9999999160640968,2.4647458933648957e-05,3.871731834026374e-06,0.9999714808092324,0.3393648661385546,0.2550002725962515,0.4056348612651939,0.1167263088884293,0.0861773841462709,0.7970963057235364,1.0,MUT,MUT,MUT,MUT,MUT,MUT,MUT,MUT,MUT,MUT,MUT,MUT,MUT
TGCGCTTAGTCCTGCG,BCOR,CLL8,CLL8,1,FRP.FFPEtest1_CLL8,False,WT,WT,WT,CD24+ -B,WT,WT,WT,WT,WT,WT,WT,WT,WT,WT,0.0115370306887173,0.9519684627096764,0.0364945066016062,0.0,1.0,0.0,0.0,1.0,0.0,2.759929942850883e-144,1.0,1.999451176968622e-28,0.00043531996,0.9970938,0.0024709085,6.189856006575334e-10,0.9995415109051866,0.0004584884758278,4.239706029931463e-06,0.9999462062968794,4.9553997090886525e-05,0.2724680176697526,0.4349239040399245,0.2926080782903228,0.0911269122153645,0.8124225947038192,0.0964504924599346,1.0,WT,WT,WT,WT,WT,WT,WT,WT,WT,WT,WT,WT,WT
GGTTTGACAGATAGCC,BCOR,CLL8,CLL8,1,FRP.FFPEtest1_CLL8,False,WT,WT,WT,Memory -B,WT,WT,WT,WT,WT,WT,WT,WT,WT,WT,0.0861800493123703,0.8998146649066096,0.01400528578102,0.0,1.0,0.0,0.0,1.0,0.0,1.0079197445921402e-116,1.0,2.1020239473845277e-17,0.00035991703,0.99692386,0.0027161618,5.498050400258588e-07,0.999376637308564,0.0006228128863958,4.870398727677044e-06,0.9999850717364234,1.0057864848973482e-05,0.2862568190609552,0.4350580310212876,0.2786851499177571,0.1026656304617793,0.8047513209425882,0.0925830492165142,1.0,WT,WT,WT,WT,WT,WT,WT,WT,WT,WT,WT,WT,WT
TAGGCGCAGCCATAAA,BCOR,CLL8,CLL8,0,FRP.FFPEtest1_CLL8,True,WT,WT,WT,T-cell,WT,WT,WT,WT,WT,WT,WT,WT,WT,WT,0.0364351863534703,0.9429021745560316,0.0206626390904981,0.0,1.0,0.0,0.0,1.0,0.0,6.326546242814894e-127,1.0,1.4337006242425026e-21,0.0004353391,0.99713767,0.0024270406,4.6456810705594826e-08,0.9996537976875112,0.000346155855678,4.543565595153718e-06,0.999945902519126,4.9553915278999806e-05,0.2848470720670524,0.4350713626880098,0.2800815652449377,0.0961616364886697,0.8102935204051668,0.093544842485282,1.0,WT,WT,WT,WT,WT,WT,WT,WT,WT,WT,WT,WT,WT
TAAGCTTTCCCAGACT,BCOR,CLL8,CLL8,1,FRP.FFPEtest1_CLL8,False,MUT,MUT,MUT,CCDN2$^{hi}$ -B,MUT,MUT,MUT,MUT,MUT,MUT,MUT,MUT,MUT,MUT,0.1063654704282266,0.0286755629344462,0.8649589666373272,0.0,0.0,1.0,0.0,0.0,1.0,5.870472308692515e-88,0.0,1.0,0.0007178358,0.0005725512,0.99870956,2.604937322921806e-09,6.975403767545488e-06,0.999993021991295,5.365781597778914e-05,8.173094747593764e-06,0.9999381690892746,0.355444494757996,0.2555621604654181,0.3889933447765859,0.114637074289478,0.0933399503899491,0.7920229759414545,1.0,MUT,MUT,MUT,MUT,MUT,MUT,MUT,MUT,MUT,MUT,MUT,MUT,MUT
TGGCCAGCAAGAAATG,BCOR,CLL8,CLL8,1,FRP.FFPEtest1_CLL8,False,WT,WT,WT,GCB,WT,WT,WT,WT,WT,WT,WT,WT,WT,WT,0.0329114879332378,0.9548010550601672,0.012287457006595,0.0,1.0,0.0,0.0,1.0,0.0,1.3780198858801345e-143,1.0,6.640983946099277e-29,0.0026115752,0.9959455,0.001442861,2.0172770925285508e-08,0.9993976668716296,0.0006023129555993,3.4874046348309604e-06,0.9999548463355928,4.166625977224953e-05,0.2865458000818458,0.4350545538282201,0.2783996460899339,0.0958878630276702,0.8123663395657946,0.0917457974065349,1.0,WT,WT,WT,WT,WT,WT,WT,WT,WT,WT,WT,WT,WT
TGTCTTGAGCACGTTC,BCOR,CLL8,CLL8,1,FRP.FFPEtest1_CLL8,False,MUT,MUT,MUT,Plasmacytic,MUT,MUT,MUT,MUT,MUT,MUT,MUT,MUT,MUT,MUT,0.1455546859883512,4.643769412879048e-05,0.85439887631752,0.0,0.0,1.0,0.0,0.0,1.0,2.7600752935013427e-203,0.0,1.0,0.001106341,0.0006013922,0.99829227,3.678980416785804e-13,1.0349680940563516e-11,0.9999999999892824,0.0001171005142034,1.1003171498281472e-05,0.9998718963142984,0.3433656689653156,0.2551752940054317,0.4014590370292527,0.1162949203645957,0.0863262741238774,0.7973788067532902,1.0,MUT,MUT,MUT,MUT,MUT,MUT,MUT,MUT,MUT,MUT,MUT,MUT,MUT
TTTGCTGAGGTAACTA,BCOR,CLL8,CLL8,1,FRP.FFPEtest1_CLL8,False,MUT,MUT,MUT,GCB,MUT,MUT,MUT,MUT,MUT,MUT,MUT,MUT,MUT,MUT,0.0175862790178831,4.540401623979716e-05,0.9823683169658772,0.0,0.0,1.0,0.0,0.0,1.0,1.2547433521947528e-205,0.0,1.0,0.0015079809,0.0007545627,0.9977374,1.785835037287135e-11,4.258244399053923e-09,0.9999999957238972,2.456713716593645e-05,3.870742221521494e-06,0.9999715621206124,0.3257061081413983,0.2542225397946213,0.4200713520639804,0.1053892844429333,0.0860927326001671,0.8085179798524912,1.0,MUT,MUT,MUT,MUT,MUT,MUT,MUT,MUT,MUT,MUT,MUT,MUT,MUT
GACCCAAAGGATCCCT,BCOR,CLL8,CLL8,1,FRP.FFPEtest1_CLL8,False,MUT,MUT,MUT,Plasmacytic,MUT,MUT,MUT,MUT,MUT,MUT,MUT,MUT,MUT,MUT,0.0022470082576144,0.0013676140480866,0.9963853776942988,0.0,0.04,0.96,0.0,0.0,1.0,0.0,0.0,1.0,0.0013860558,0.0016895836,0.99692434,5.37498297299639e-16,2.136523821677107e-12,0.999999999997863,5.152226228402351e-05,8.031100191767607e-06,0.999940446637524,0.3415624961727528,0.2550993320150773,0.4033381718121697,0.0997434580758612,0.09610191449875,0.8041546342550876,1.0,MUT,MUT,MUT,MUT,MUT,MUT,MUT,MUT,MUT,MUT,MUT,MUT,MUT
GACCTTCAGGAACCAT,BCOR,CLL8,CLL8,1,FRP.FFPEtest1_CLL8,False,MUT,MUT,MUT,GCB,MUT,MUT,MUT,MUT,MUT,MUT,MUT,MUT,MUT,MUT,0.1241976101665368,3.985089306623032e-05,0.875762538940397,0.02,0.0,0.98,0.0,0.0,1.0,1.0657407195352763e-200,0.0,1.0,0.0007349644,0.0003495035,0.99891555,3.519123724117103e-13,8.1359800133682e-12,0.999999999991512,0.0001014834785898,1.0336055044764928e-05,0.9998881804663652,0.3433656689653156,0.2551752940054317,0.4014590370292527,0.1166559853217226,0.0862661420937264,0.7970778738263142,1.0,MUT,MUT,MUT,MUT,MUT,MUT,MUT,MUT,MUT,MUT,MUT,MUT,MUT
TCGTTAAGTCTCACTC,BCOR,CLL8,CLL8,1,FRP.FFPEtest1_CLL8,False,MUT,MUT,MUT,Memory -B,MUT,MUT,MUT,MUT,MUT,MUT,MUT,MUT,MUT,MUT,0.0737848564363217,0.0280061894624815,0.8982089541011966,0.0,0.0,1.0,0.0,0.0,1.0,4.9133941823053296e-36,4.988365444691311e-255,1.0,0.0013693867,0.00087115593,0.99775946,4.544995957831797e-07,4.099243362398056e-05,0.9999585530667802,0.001319555279512,7.507151484105904e-05,0.9986053732056468,0.3665170753600814,0.2557339218009407,0.3777490028389779,0.1258569276876566,0.0985215472352438,0.7756215225935729,1.0,MUT,MUT,MUT,MUT,MUT,MUT,MUT,MUT,MUT,MUT,MUT,MUT,MUT
GATGGAGCAAGTTGGC,BCOR,CLL8,CLL8,1,FRP.FFPEtest1_CLL8,False,MUT,MUT,MUT,GCB,MUT,MUT,MUT,FalsePositive,MUT,MUT,MUT,MUT,MUT,MUT,0.347692720606009,0.0110450690297567,0.6412622103642344,0.0,0.0,1.0,0.0,0.0,1.0,0.9999999665167584,0.0,3.3483241582516546e-08,0.0013449867,0.00067864516,0.99797636,0.0046558411451883,1.7352460607243904e-05,0.9953268063942045,3.1076137006458735e-05,4.398026357489664e-06,0.999964525836636,0.355444494757996,0.2555621604654181,0.3889933447765859,0.2856910824836857,0.0889569128536935,0.6253520034208572,0.875,MUT,MUT,MUT,MUT,FalsePositive,MUT,MUT,MUT,MUT,MUT,MUT,MUT,MUT
ACGGAACGTCGTTCTC,BCOR,CLL8,CLL8,0,FRP.FFPEtest1_CLL8,True,WT,WT,WT,Myo Fibro,WT,WT,WT,WT,WT,WT,WT,WT,WT,WT,0.0058420015226763,0.9911447917208314,0.0030132067564923,0.0,1.0,0.0,0.0,1.0,0.0,0.0,1.0,1.858412034469526e-127,0.0010034387,0.99701,0.0019865301,4.663793010932463e-13,0.9999988937232202,1.106276313481594e-06,9.760866395075886e-06,0.9999649909835558,2.524815004916324e-05,0.2862568190609552,0.4350580310212876,0.2786851499177571,0.0912148924543926,0.8192005970533686,0.0895845104922389,1.0,WT,WT,WT,WT,WT,WT,WT,WT,WT,WT,WT,WT,WT
GCTGATGAGGCTTAAA,BCOR,CLL8,CLL8,1,FRP.FFPEtest1_CLL8,False,MUT,MUT,MUT,GCB,FalsePositive,MUT,MUT,FalsePositive,MUT,MUT,MUT,FalsePositive,MUT,MUT,0.5988505867755599,0.014670527089609,0.386478886134831,0.02,0.0,0.98,0.0,0.0,1.0,0.9999999984717404,0.0,1.5282597458857635e-09,0.005111169,0.0006628245,0.99422604,0.4584233260273775,0.0002030252309451,0.5413736487416774,0.0006406295970254,4.77601852626007e-06,0.9993545943844484,0.3758286309439555,0.2557461809927266,0.3684251880633178,0.359572686374129,0.086988175765703,0.5534391372392864,0.625,MUT,FalsePositive,MUT,MUT,FalsePositive,MUT,MUT,MUT,FalsePositive,MUT,MUT,MUT,MUT
ATTTGTCAGGGATGAA,BCOR,CLL8,CLL8,1,FRP.FFPEtest1_CLL8,False,WT,WT,WT,Memory -B,WT,WT,WT,WT,WT,WT,WT,WT,WT,WT,0.0049420732768931,0.9477647095026768,0.0472932172204303,0.0,1.0,0.0,0.0,1.0,0.0,1.873649058603128e-167,1.0,1.4107118809091182e-37,0.00074758707,0.9974547,0.0017977682,1.2029193501315268e-10,0.9999798981090168,2.0101770691135685e-05,4.240139721991772e-06,0.9999388038369122,5.695602336571922e-05,0.2619939841758082,0.4344136357998157,0.303592380024376,0.0885035769140996,0.8124647737000372,0.0990316487649816,1.0,WT,WT,WT,WT,WT,WT,WT,WT,WT,WT,WT,WT,WT
TACGTCCAGCAACTTT,BCOR,CLL8,CLL8,1,FRP.FFPEtest1_CLL8,False,MUT,MUT,MUT,GCB,MUT,MUT,MUT,MUT,MUT,MUT,MUT,MUT,MUT,MUT,0.0300372712392121,3.199935040153407e-07,0.969962408767284,0.0,0.0,1.0,0.0,0.0,1.0,0.0,0.0,1.0,0.0009006726,0.0005022238,0.9985971,6.101315126350753e-13,3.6719706122128173e-13,0.9999999999990228,2.6396333399324908e-05,4.14395235126516e-06,0.9999694597142492,0.3393648661385546,0.2550002725962515,0.4056348612651939,0.1087289198689317,0.0859793654501752,0.8052917115764847,1.0,MUT,MUT,MUT,MUT,MUT,MUT,MUT,MUT,MUT,MUT,MUT,MUT,MUT
GACCAAGTCCGTGACT,BCOR,CLL8,CLL8,1,FRP.FFPEtest1_CLL8,False,MUT,MUT,MUT,GCB,MUT,MUT,MUT,FalsePositive,MUT,MUT,MUT,MUT,MUT,MUT,0.4456002003506489,0.0042997672208112,0.55010003242854,0.0,0.0,1.0,0.0,0.0,1.0,0.999999981650671,0.0,1.8349329771821137e-08,0.00043736395,0.00036134268,0.99920136,0.0034206126509857,1.8217971422033231e-06,0.996577565551872,2.4437447414624392e-05,3.840953744015384e-06,0.9999717215988412,0.3572708440641813,0.2556024106499524,0.3871267452858662,0.2986233865956554,0.0872921212357051,0.6140844927895214,0.875,MUT,MUT,MUT,MUT,FalsePositive,MUT,MUT,MUT,MUT,MUT,MUT,MUT,MUT
AGGAACCGTTCTTACT,BCOR,CLL8,CLL8,1,FRP.FFPEtest1_CLL8,False,MUT,MUT,MUT,Plasmacytic,MUT,MUT,MUT,MUT,MUT,MUT,MUT,MUT,MUT,MUT,0.2800094748186543,3.651354350314411e-05,0.7199540116378426,0.0,0.0,1.0,0.0,0.0,1.0,1.5070271872963786e-118,0.0,1.0,0.00034866095,0.00022822803,0.99942315,1.0389150691527837e-07,2.3143715371612244e-08,0.9999998729647778,1.8003155691460792e-05,3.361629066719422e-06,0.9999786352152418,0.3572708440641813,0.2556024106499524,0.3871267452858662,0.1323177307115507,0.0862538077729223,0.7814284621364087,1.0,MUT,MUT,MUT,MUT,MUT,MUT,MUT,MUT,MUT,MUT,MUT,MUT,MUT
AGTGGATTCAGCACGA,BCOR,CLL8,CLL8,1,FRP.FFPEtest1_CLL8,False,MUT,MUT,MUT,GCB,MUT,MUT,MUT,MUT,MUT,MUT,MUT,MUT,MUT,MUT,0.0086318805796537,0.0097127447498473,0.9816553746704988,0.0,0.04,0.96,0.0,0.0,1.0,1.0505943605058669e-255,0.0,1.0,0.0015900476,0.0006844516,0.99772555,1.229766400468517e-15,2.1984238855281188e-10,0.9999999997801564,9.504663199427788e-06,6.459377673779917e-06,0.9999840359591268,0.3538830421537499,0.2555239789133505,0.3905929789328995,0.1029346923406693,0.0925206058325406,0.8045447055520802,1.0,MUT,MUT,MUT,MUT,MUT,MUT,MUT,MUT,MUT,MUT,MUT,MUT,MUT
ATGACTTTCCAAACGG,BCOR,CLL8,CLL8,0,FRP.FFPEtest1_CLL8,True,WT,WT,WT,T-cell,WT,WT,WT,WT,WT,WT,WT,WT,WT,WT,0.1462890093300991,0.8500222969803456,0.0036886936895552,0.0,1.0,0.0,0.0,1.0,0.0,4.544810716309867e-126,1.0,3.5309153410917777e-22,0.0023443897,0.99629587,0.0013596861,4.791082540087746e-07,0.9998155199943856,0.0001840008973604,5.90741645032051e-05,0.999935414359373,5.51147612372532e-06,0.3006295992170614,0.4345852805974004,0.2647851201855382,0.1095097228236903,0.8016117885664727,0.088878488609837,1.0,WT,WT,WT,WT,WT,WT,WT,WT,WT,WT,WT,WT,WT
AGACTCCTCGATTGAA,BCOR,CLL8,CLL8,1,FRP.FFPEtest1_CLL8,False,WT,WT,WT,GCB,WT,WT,WT,WT,WT,WT,WT,WT,WT,WT,0.0520978476053307,0.9431266278855416,0.0047755245091275,0.0,1.0,0.0,0.0,1.0,0.0,1.5494476501645157e-164,1.0,1.0400311507922971e-38,0.0010643475,0.99674255,0.002193074,8.569346157931649e-09,0.9999548280848004,4.516334585349594e-05,6.937471232461735e-06,0.9998676832659364,0.0001253792628311,0.2862568190609552,0.4350580310212876,0.2786851499177571,0.0980117784731849,0.8116396818716631,0.0903485384133886,1.0,WT,WT,WT,WT,WT,WT,WT,WT,WT,WT,WT,WT,WT
GATCACACATCACAGA,BCOR,CLL8,CLL8,1,FRP.FFPEtest1_CLL8,False,WT,WT,WT,Memory -B,WT,WT,WT,WT,WT,WT,WT,WT,WT,WT,0.0233754304032005,0.9581608335833036,0.0184637360134959,0.0,1.0,0.0,0.0,1.0,0.0,2.5402453725296964e-143,1.0,1.177866532473794e-28,0.00046259267,0.9970599,0.0024775153,6.706026491440343e-09,0.9996495872495308,0.0003504060444429,4.240171109688267e-06,0.9999462058985767,4.955393031345274e-05,0.2724680176697526,0.4349239040399245,0.2926080782903228,0.0931843095404499,0.812850129312499,0.0939655605261692,1.0,WT,WT,WT,WT,WT,WT,WT,WT,WT,WT,WT,WT,WT
TTATTGGGTACTTACA,BCOR,CLL8,CLL8,1,FRP.FFPEtest1_CLL8,False,MUT,MUT,MUT,CD24+ -B,FalsePositive,MUT,FalsePositive,FalsePositive,MUT,FalsePositive,MUT,MUT,FalsePositive,FalsePositive,0.5893601979620019,0.0237657980410572,0.3868740039969409,0.1,0.0,0.9,0.6476361851363613,0.0,0.3523638148636386,0.999999998887048,8.872079979418751e-173,1.112952174277873e-09,0.010704375,0.0020727208,0.9872229,0.5614919206362566,0.0004328973863352,0.4380751819774081,0.0008409454679657,7.510772138913602e-05,0.9990839468106452,0.3665170753600814,0.2557339218009407,0.3777490028389779,0.5414975998348378,0.0975561778147986,0.3609462211086007,0.5,MUT,FalsePositive,MUT,FalsePositive,FalsePositive,MUT,FalsePositive,MUT,MUT,FalsePositive,FalsePositive,MUT,MUT
AGCGAAGCACCGGTAG,BCOR,CLL8,CLL8,1,FRP.FFPEtest1_CLL8,False,WT,WT,WT,CD24+ -B,WT,WT,WT,WT,WT,WT,WT,WT,WT,WT,0.062594478000753,0.9257280017828652,0.0116775202163819,0.0,1.0,0.0,0.0,1.0,0.0,1.7995226847222518e-126,1.0,9.844843250985589e-22,0.0005861333,0.99713624,0.0022776064,1.2086719787963897e-07,0.9998601170420104,0.0001397620907917,7.302632203277923e-06,0.999963037406652,2.965996114475693e-05,0.2862568190609552,0.4350580310212876,0.2786851499177571,0.0993645047874809,0.8085784665695134,0.092057030505651,1.0,WT,WT,WT,WT,WT,WT,WT,WT,WT,WT,WT,WT,WT
AGTCACACAACATGAT,BCOR,CLL8,CLL8,1,FRP.FFPEtest1_CLL8,False,MUT,MUT,MUT,CD24+ -B,FalsePositive,MUT,MUT,FalsePositive,MUT,MUT,MUT,MUT,MUT,MUT,0.5268623047256438,0.0333601881734414,0.4397775071009147,0.0,0.0,1.0,0.0,0.0,1.0,0.9999999984903494,1.8059482981791175e-126,1.5096506877422891e-09,0.0006055926,0.00078618934,0.9986083,0.006144833414379,0.0006266089352782,0.9932285576503428,0.0002650468014378,2.6788877672802204e-05,0.9997081643208892,0.3665170753600814,0.2557339218009407,0.3777490028389779,0.3187494398345295,0.0993147150030231,0.5819358451624475,0.75,MUT,FalsePositive,MUT,MUT,FalsePositive,MUT,MUT,MUT,MUT,MUT,MUT,MUT,MUT
GTCACTCAGATAACGC,BCOR,CLL8,CLL8,1,FRP.FFPEtest1_CLL8,False,MUT,MUT,MUT,GCB,FalsePositive,MUT,MUT,FalsePositive,MUT,FalsePositive,MUT,FalsePositive,FalsePositive,FalsePositive,0.8157155612024714,0.0226614773180518,0.1616229614794768,0.02,0.0,0.98,0.0,0.0,1.0,0.9999999998682924,3.2886781230191106e-173,1.3170760437506819e-10,0.059192088,0.0035490228,0.9372589,0.7308517550037461,0.0003015024785249,0.268846742517729,0.0627249880077854,0.0007913955762103,0.9364836164160044,0.3851956076914475,0.2556391580303357,0.3591652342782167,0.4578097121640354,0.092508572962704,0.4496817130106156,0.625,MUT,FalsePositive,MUT,MUT,FalsePositive,MUT,FalsePositive,MUT,FalsePositive,FalsePositive,FalsePositive,MUT,MUT
GCAAGGCTCCCTCAAA,BCOR,CLL8,CLL8,1,FRP.FFPEtest1_CLL8,False,MUT,MUT,MUT,GCB,MUT,MUT,MUT,FalsePositive,MUT,MUT,MUT,MUT,MUT,MUT,0.2440380175006605,0.0061173248770269,0.7498446576223127,0.0,0.0,1.0,0.0,0.0,1.0,0.9999993260113303,0.0,6.739886701219698e-07,0.0014709934,0.0006106732,0.9979183,1.883920733835321e-05,4.488784938486663e-07,0.9999807119141678,2.750581771545652e-05,3.892555257556832e-06,0.9999686016270268,0.355444494757996,0.2555621604654181,0.3889933447765859,0.2653182918967092,0.0877168480921106,0.6469648581485347,0.875,MUT,MUT,MUT,MUT,FalsePositive,MUT,MUT,MUT,MUT,MUT,MUT,MUT,MUT
TGAAGGAAGTCGAAGT,BCOR,CLL8,CLL8,1,FRP.FFPEtest1_CLL8,False,MUT,MUT,MUT,Memory -B,MUT,MUT,MUT,MUT,MUT,MUT,MUT,MUT,MUT,MUT,0.3116153216429551,3.9219170716840666e-05,0.688345459186328,0.0,0.0,1.0,0.0,0.0,1.0,4.682701921557923e-207,0.0,1.0,0.00043306893,0.000482992,0.9990839,4.040555024650006e-09,8.238413651988077e-10,0.9999999951356036,5.281530607640379e-05,8.1487898320387e-06,0.9999390359040916,0.3393648661385546,0.2550002725962515,0.4056348612651939,0.1317524507056146,0.0863517070959308,0.7818958428193362,1.0,MUT,MUT,MUT,MUT,MUT,MUT,MUT,MUT,MUT,MUT,MUT,MUT,MUT
TGTTCACCATGCGGAT,BCOR,CLL8,CLL8,0,FRP.FFPEtest1_CLL8,True,WT,WT,WT,T-cell,WT,WT,WT,WT,WT,WT,WT,WT,WT,WT,0.0997515388598754,0.8937849850807665,0.006463476059358,0.0,1.0,0.0,0.0,1.0,0.0,3.415198960570143e-126,1.0,5.7727451041799535e-22,0.0015196456,0.9970733,0.0014071086,3.121229431649671e-07,0.9997970114517022,0.0002026764253544,5.974364239537357e-05,0.999933172850568,7.08350703651978e-06,0.3006295992170614,0.4345852805974004,0.2647851201855382,0.1047270789038322,0.8056356999682905,0.0896372211278772,1.0,WT,WT,WT,WT,WT,WT,WT,WT,WT,WT,WT,WT,WT
AACGGCTCAAACCCAA,BCOR,CLL8,CLL8,1,FRP.FFPEtest1_CLL8,False,WT,WT,WT,CCDN2$^{hi}$ -B,WT,WT,WT,WT,WT,WT,WT,WT,WT,WT,0.0071352183408217,0.904874759001034,0.0879900226581443,0.0,1.0,0.0,0.0,1.0,0.0,5.129274615681968e-130,1.0,1.5086103954620602e-20,0.0013272006,0.99691296,0.0017597867,7.34968140206787e-10,0.9998635619199558,0.0001364373450759,3.745314671089915e-06,0.9999853747036114,1.087998171757197e-05,0.269910584664762,0.4348327055322856,0.2952567098029523,0.0898451391081113,0.80686852490979,0.1032863341194538,1.0,WT,WT,WT,WT,WT,WT,WT,WT,WT,WT,WT,WT,WT
TAGCTTTAGGCTTAAA,BCOR,CLL8,CLL8,1,FRP.FFPEtest1_CLL8,False,WT,WT,WT,CD24+ -B,WT,WT,WT,WT,WT,WT,WT,WT,WT,WT,0.0331001561470914,0.9541944565712818,0.0127053872816267,0.0,1.0,0.0,0.0,1.0,0.0,4.644309756519499e-143,1.0,8.39893082116042e-29,0.0010569957,0.9971576,0.0017853753,1.67920422819041e-08,0.9996846719664306,0.0003153112415271,2.8468596018527656e-05,0.999904225868358,6.73055356235563e-05,0.2865458000818458,0.4350545538282201,0.2783996460899339,0.0958542863228206,0.8123365464990062,0.0918091671781731,1.0,WT,WT,WT,WT,WT,WT,WT,WT,WT,WT,WT,WT,WT
AAGCATGGTGGCTCAC,BCOR,CLL8,CLL8,0,FRP.FFPEtest1_CLL8,True,WT,WT,WT,T-cell,WT,WT,WT,WT,WT,WT,WT,WT,WT,WT,0.0425263777435564,0.9472263671777646,0.0102472550786788,0.0,1.0,0.0,0.0,1.0,0.0,1.863592412068358e-142,1.0,8.850370629554897e-29,0.00034360887,0.99716395,0.0024923808,2.9631880872800472e-08,0.9999272200580828,7.275031003639865e-05,4.870618940715663e-06,0.9999850710614484,1.0058319611120128e-05,0.2862568190609552,0.4350580310212876,0.2786851499177571,0.0967471282861685,0.8117339333051822,0.0915189402712947,1.0,WT,WT,WT,WT,WT,WT,WT,WT,WT,WT,WT,WT,WT
TAGCCTGGTTAATCCA,BCOR,CLL8,CLL8,0,FRP.FFPEtest1_CLL8,True,WT,WT,WT,T-cell,WT,WT,WT,WT,WT,WT,WT,WT,WT,WT,0.1209370480217566,0.8704265351853124,0.0086364167929309,0.0,1.0,0.0,0.0,1.0,0.0,1.5223740055096137e-116,1.0,1.3030249026267493e-17,0.001723522,0.9968509,0.0014256036,9.870641294660183e-07,0.9990573687125394,0.0009416442233312,2.266252311360431e-05,0.99996670307878,1.0634398106418028e-05,0.3006295992170614,0.4345852805974004,0.2647851201855382,0.1078825614198435,0.8018589446427821,0.0902584939373743,1.0,WT,WT,WT,WT,WT,WT,WT,WT,WT,WT,WT,WT,WT
GGATGTCCAGATAGCC,BCOR,CLL8,CLL8,0,FRP.FFPEtest1_CLL8,True,WT,WT,WT,Macrophage,WT,WT,WT,WT,WT,WT,WT,WT,WT,WT,0.0883619518954291,0.8974856405571368,0.0141524075474342,0.0,1.0,0.0,0.0,1.0,0.0,8.340209730929719e-117,1.0,2.325132737514932e-17,0.00061778794,0.99736834,0.0020138968,3.3182010949088655e-07,0.9996079306605532,0.000391737519337,5.537818663211451e-06,0.9999731162075484,2.134597378839114e-05,0.2862568190609552,0.4350580310212876,0.2786851499177571,0.1028410789603697,0.8042979457565754,0.0928609771457,1.0,WT,WT,WT,WT,WT,WT,WT,WT,WT,WT,WT,WT,WT
GCATTGTGTCTACCAG,BCOR,CLL8,CLL8,0,FRP.FFPEtest1_CLL8,True,WT,WT,WT,T-cell,WT,WT,WT,WT,WT,WT,WT,WT,WT,WT,0.1014898359115244,0.8864046859074425,0.0121054781810331,0.0,1.0,0.0,0.0,1.0,0.0,4.054778861474899e-117,1.0,2.1380342710510878e-17,0.00079919794,0.99695075,0.002250009,2.71735928540656e-07,0.9995535794090455,0.0004461488550261,2.386749650544589e-06,0.9999760502558072,2.1562994542246576e-05,0.2841908771311459,0.4350755051803548,0.2807336176884993,0.1045079980139228,0.8027924781409395,0.0926995238451377,1.0,WT,WT,WT,WT,WT,WT,WT,WT,WT,WT,WT,WT,WT
GTCATTAGTTAGAGGC,BCOR,CLL8,CLL8,1,FRP.FFPEtest1_CLL8,False,MUT,MUT,MUT,CD24+ -B,FalsePositive,MUT,MUT,FalsePositive,MUT,MUT,MUT,FalsePositive,MUT,MUT,0.6109375915484854,0.0153025121080896,0.373759896343425,0.0,0.0,1.0,0.0,0.0,1.0,0.9999999983194748,0.0,1.6805253435289786e-09,0.029782455,0.002156941,0.9680606,0.3844147106531704,0.0002080110071775,0.6153772783396521,0.0210570669107452,4.1122064089402415e-05,0.9789018110251652,0.3739766240497766,0.2557532383445922,0.3702701376056312,0.3807073314798133,0.0900356277726599,0.5292570376431184,0.625,MUT,FalsePositive,MUT,MUT,FalsePositive,MUT,MUT,MUT,FalsePositive,MUT,MUT,MUT,MUT
AGCTTGTGTTATGTGC,BCOR,CLL8,CLL8,0,FRP.FFPEtest1_CLL8,True,MUT,MUT,MUT,Myo Fibro,MUT,MUT,MUT,FalsePositive,MUT,MUT,MUT,MUT,MUT,MUT,0.4577675596794543,0.0073684976143781,0.5348639427061674,0.0,0.0,1.0,0.0,0.0,1.0,0.9999999891515636,0.0,1.0848436349576957e-08,0.0006142171,0.00036142944,0.9990244,0.0021279838560282,5.161061555729793e-06,0.997866855082416,4.959347796224681e-05,5.057423563178405e-06,0.9999453490984748,0.3572708440641813,0.2556024106499524,0.3871267452858662,0.2965778907931481,0.0881662821491495,0.6152558264368203,0.875,FalsePositive,MUT,MUT,MUT,FalsePositive,MUT,MUT,MUT,MUT,MUT,MUT,MUT,FalsePositive
TACAACAAGACAAAGG,BCOR,CLL8,CLL8,0,FRP.FFPEtest1_CLL8,True,WT,WT,WT,Myo Fibro,WT,WT,WT,WT,WT,WT,WT,WT,WT,WT,0.0223652510079148,0.9429122532294744,0.0347224957626108,0.0,1.0,0.0,0.0,1.0,0.0,4.1124713456588167e-128,1.0,4.6908421549157385e-21,0.0015912639,0.9967962,0.0016125998,7.774435040152792e-09,0.9998889416822216,0.0001110505433431,4.878960386223492e-06,0.9999862285475652,8.89249204850109e-06,0.2836424268655603,0.4350779580610913,0.2812796150733484,0.0937950679675837,0.8097654698230236,0.0964394615885109,1.0,WT,WT,WT,WT,WT,WT,WT,WT,WT,WT,WT,WT,WT
ATGGATTCATCATGCT,BCOR,CLL8,CLL8,1,FRP.FFPEtest1_CLL8,False,WT,WT,WT,CD24+ -B,WT,WT,WT,WT,WT,WT,WT,WT,WT,WT,0.0661503701422537,0.9144251652524684,0.0194244646052776,0.0,1.0,0.0,0.0,1.0,0.0,6.56754459824822e-117,1.0,2.853974160963456e-17,0.0003387526,0.997118,0.0025433246,3.660735700072499e-07,0.999503829383134,0.000495804543296,4.87039282117351e-06,0.999983859019418,1.127058776096542e-05,0.2862568190609552,0.4350580310212876,0.2786851499177571,0.1003335433444631,0.8060688240329119,0.0935976344852703,1.0,WT,WT,WT,WT,WT,WT,WT,WT,WT,WT,WT,WT,WT
GCTCAGGCAGCTTAAG,BCOR,CLL8,CLL8,1,FRP.FFPEtest1_CLL8,False,MUT,MUT,MUT,Memory -B,MUT,MUT,MUT,FalsePositive,MUT,MUT,MUT,MUT,MUT,MUT,0.2224903353268296,0.0008165586634766,0.7766931060096937,0.0,0.0,1.0,0.0,0.0,1.0,0.9999955495000832,0.0,4.450499913465896e-06,0.0010734054,0.00056677026,0.99835986,5.312332477931356e-05,4.994246041368862e-09,0.9999468716809748,2.110493916778192e-05,3.222629616624506e-06,0.9999756724312155,0.3393648661385546,0.2550002725962515,0.4056348612651939,0.3046878286110893,0.0863819149013294,0.6089302577293447,0.7916666666666666,MUT,MUT,MUT,MUT,FalsePositive,MUT,MUT,MUT,MUT,MUT,MUT,MUT,MUT
GTATTACTCACGGACA,BCOR,CLL8,CLL8,1,FRP.FFPEtest1_CLL8,False,WT,WT,WT,GCB,WT,WT,WT,WT,WT,WT,WT,WT,WT,WT,0.0056808167189613,0.951853843248254,0.0424653400327845,0.0,1.0,0.0,0.0,1.0,0.0,5.893906570256745e-167,1.0,1.0480112765787314e-37,0.00074764236,0.9975285,0.0017238293,1.2974648385074196e-10,0.9999749677229252,2.5032147328356705e-05,4.240171109688267e-06,0.9999462058985767,4.955393031345274e-05,0.2619939841758082,0.4344136357998157,0.303592380024376,0.0887158300761684,0.8128928673353578,0.0983913019675924,1.0,WT,WT,WT,WT,WT,WT,WT,WT,WT,WT,WT,WT,WT
ATCAGCACAGGTATAT,BCOR,CLL8,CLL8,1,FRP.FFPEtest1_CLL8,False,MUT,MUT,MUT,CCDN2$^{hi}$ -B,MUT,MUT,MUT,FalsePositive,MUT,MUT,MUT,MUT,MUT,MUT,0.3340710743199134,0.0283530630612093,0.6375758626188771,0.0,0.0,1.0,0.0,0.0,1.0,0.9999999663726808,1.3323531203220197e-171,3.3627319345611816e-08,0.0021266623,0.0011646488,0.99670863,0.0023098645494739,0.0001952108165002,0.9974949246340256,0.0001348630881418,1.8323633070324323e-05,0.999846813278788,0.3484655088903921,0.2553643814388268,0.396170109670781,0.2848121149689561,0.0927495451365602,0.6224383442406558,0.875,MUT,MUT,MUT,MUT,FalsePositive,MUT,MUT,MUT,MUT,MUT,MUT,MUT,MUT
AAGTGAACACAGCAAC,BCOR,CLL8,CLL8,1,FRP.FFPEtest1_CLL8,False,MUT,MUT,MUT,Memory -B,FalsePositive,MUT,MUT,FalsePositive,MUT,MUT,MUT,MUT,MUT,MUT,0.6751112893047222,0.0068545053742122,0.3180342053210654,0.0,0.0,1.0,0.0,0.0,1.0,0.999999998077235,0.0,1.922765235093284e-09,0.0010762515,0.00042579602,0.99849796,0.0034499018442249,7.820748157664276e-06,0.9965422774076176,9.13896207459234e-05,4.6536072166726015e-06,0.9999039567720376,0.3572708440641813,0.2556024106499524,0.3871267452858662,0.3295893281401676,0.0881596189226002,0.5822510535581135,0.75,MUT,FalsePositive,MUT,MUT,FalsePositive,MUT,MUT,MUT,MUT,MUT,MUT,MUT,MUT
TTCGCGCCATACTGAG,BCOR,CLL8,CLL8,1,FRP.FFPEtest1_CLL8,False,MUT,MUT,MUT,GCB,FalsePositive,MUT,MUT,FalsePositive,MUT,FalsePositive,MUT,FalsePositive,FalsePositive,FalsePositive,0.7948523370866918,0.0233908092635238,0.1817568536497844,0.06,0.0,0.94,0.0,0.0,1.0,0.9999999998654348,2.975422685251112e-173,1.3456516257999404e-10,0.29845583,0.005409927,0.69613427,0.7666950136720196,0.0003108440135986,0.2329941423143817,0.3625885357296919,0.0005926917294331,0.636818772540875,0.3851956076914475,0.2556391580303357,0.3591652342782167,0.4756473753960262,0.0923332274566387,0.432019397768217,0.6666666666666666,MUT,FalsePositive,MUT,MUT,FalsePositive,MUT,FalsePositive,MUT,FalsePositive,FalsePositive,FalsePositive,MUT,MUT
GGACCCACACGAACGT,BCOR,CLL8,CLL8,0,FRP.FFPEtest1_CLL8,True,WT,WT,WT,Macrophage,WT,WT,WT,WT,WT,WT,WT,WT,WT,WT,0.0401127637847302,0.9487546674480132,0.0111325687672564,0.0,1.0,0.0,0.0,1.0,0.0,1.6113199717884204e-142,1.0,1.0056058855130355e-28,0.00060539355,0.9971258,0.0022687723,1.3860412992681426e-08,0.9999294235740778,7.056256550903284e-05,9.212501219416488e-06,0.9999626409158208,2.8146582959909645e-05,0.2862568190609552,0.4350580310212876,0.2786851499177571,0.0964232314058367,0.8117768957985235,0.0917998746582851,1.0,WT,WT,WT,WT,WT,WT,WT,WT,WT,WT,WT,WT,WT
GCACTAACACCAACAA,BCOR,CLL8,CLL8,1,FRP.FFPEtest1_CLL8,False,WT,WT,WT,GCB,WT,WT,WT,WT,WT,WT,WT,WT,WT,WT,0.0448928355129851,0.9381322354987957,0.0169749289882192,0.0,1.0,0.0,0.0,1.0,0.0,1.1566934563107276e-126,1.0,1.3391602495329735e-21,0.0003387652,0.9971551,0.0025060957,6.200843623052994e-08,0.9998522133673088,0.0001477246242549,4.870398727677044e-06,0.9999850717364234,1.0057864848973482e-05,0.2862568190609552,0.4350580310212876,0.2786851499177571,0.0972767281985994,0.8097600853739357,0.0929631882901101,1.0,WT,WT,WT,WT,WT,WT,WT,WT,WT,WT,WT,WT,WT
TACAGAATCCTGACTA,BCOR,CLL8,CLL8,1,FRP.FFPEtest1_CLL8,False,MUT,MUT,MUT,Memory -B,FalsePositive,MUT,MUT,FalsePositive,MUT,MUT,MUT,MUT,MUT,MUT,0.5174206092128337,0.0382863085329621,0.4442930822542041,0.04,0.0,0.96,0.0,0.0,1.0,0.9999999966701186,5.1599132127321396e-126,3.329881475216552e-09,0.0069109513,0.0021594807,0.99092954,1.067153685746387e-05,4.61672713428265e-05,0.9999431611917996,0.0120602822808951,4.125581849984601e-05,0.9878984619006052,0.3668940625750689,0.2557367446175866,0.3773691928073444,0.336933779067642,0.0945334472601397,0.5685327767766262,0.75,MUT,FalsePositive,MUT,MUT,FalsePositive,MUT,MUT,MUT,MUT,MUT,MUT,MUT,MUT
TAGTGGCCAGGCTGTG,BCOR,CLL8,CLL8,1,FRP.FFPEtest1_CLL8,False,MUT,MUT,MUT,Plasmacytic,MUT,MUT,MUT,FalsePositive,MUT,MUT,MUT,MUT,MUT,MUT,0.4532481025936851,0.0261431081902167,0.5206087892160982,0.16,0.0,0.84,0.2647714022183199,0.0,0.73522859778168,0.9999999943841208,2.8860453010492265e-172,5.615879274702907e-09,0.004443717,0.0016455229,0.9939108,0.2293475181755672,0.0008319926512401,0.7698204891731926,0.0001936584708686,2.2807152760626384e-05,0.9997835343763708,0.3665170753600814,0.2557339218009407,0.3777490028389779,0.3731741324491455,0.0926603652263296,0.5341655004618794,0.75,MUT,MUT,MUT,MUT,FalsePositive,MUT,MUT,MUT,MUT,MUT,MUT,MUT,MUT
GTTGGATAGCCCTGAT,BCOR,CLL8,CLL8,1,FRP.FFPEtest1_CLL8,False,WT,WT,WT,Memory -B,WT,WT,WT,WT,WT,WT,WT,WT,WT,WT,0.0056877813540065,0.9859112610136952,0.0084009576322981,0.0,1.0,0.0,0.0,1.0,0.0,6.7956435714548e-188,1.0,3.715544996891756e-26,0.00061775587,0.99731654,0.0020656886,1.018480175294002e-09,0.9999817620558245,1.8236925695338125e-05,5.5256547271806925e-06,0.9999606688199618,3.3805525311086763e-05,0.2862568190609552,0.4350580310212876,0.2786851499177571,0.0911204750996407,0.8164408174821407,0.0924387092808637,1.0,WT,WT,WT,WT,WT,WT,WT,WT,WT,WT,WT,WT,WT
GCTCCTGAGGATGTTA,BCOR,CLL8,CLL8,1,FRP.FFPEtest1_CLL8,False,MUT,MUT,MUT,Memory -B,FalsePositive,MUT,MUT,FalsePositive,MUT,MUT,MUT,MUT,MUT,MUT,0.6028351881044746,0.0175078621109257,0.3796569497845997,0.0,0.0,1.0,0.0,0.0,1.0,0.9999999986803498,5.464042602710966e-249,1.3196503869537663e-09,0.00039142338,0.00023884221,0.9993698,0.2528812641723264,0.0002025689760188,0.7469161668516547,4.3064489494516345e-05,4.622124696079301e-06,0.9999523133858094,0.3572708440641813,0.2556024106499524,0.3871267452858662,0.3313041387926834,0.0908194783015053,0.5778763835266927,0.7083333333333334,MUT,FalsePositive,MUT,MUT,FalsePositive,MUT,MUT,MUT,MUT,MUT,MUT,MUT,MUT
GCAGGCTAGGCGAGAG,BCOR,CLL8,CLL8,1,FRP.FFPEtest1_CLL8,False,WT,WT,WT,GCB,WT,WT,WT,WT,WT,WT,WT,WT,WT,WT,0.0123359976100124,0.8967864189814506,0.0908775834085369,0.0,1.0,0.0,0.0,1.0,0.0,6.22767832982657e-120,0.9999999999999998,2.80779702862639e-16,0.00092227175,0.99731725,0.0017605004,9.523476239905984e-09,0.9994696227009112,0.0005303677756125,4.240745090667205e-06,0.9999387950998792,5.696415502992925e-05,0.2619939841758082,0.4344136357998157,0.303592380024376,0.0906040693451191,0.8039805707793235,0.1054153586337942,1.0,WT,WT,WT,WT,WT,WT,WT,WT,WT,WT,WT,WT,WT
GTCACTCAGTACGGGC,BCOR,CLL8,CLL8,1,FRP.FFPEtest1_CLL8,False,WT,WT,WT,GCB,WT,WT,WT,WT,WT,WT,WT,WT,WT,WT,0.0084901656217893,0.9813705595192072,0.0101392748590033,0.0,1.0,0.0,0.0,1.0,0.0,1.0048744101123019e-228,1.0,6.701161444141133e-66,0.0004415327,0.99707496,0.002483514,1.0897668727483998e-10,0.9999903903162124,9.609574810735272e-06,4.240171109688267e-06,0.9999462058985767,4.955393031345274e-05,0.2724680176697526,0.4349239040399245,0.2926080782903228,0.0903573341169266,0.8172615549074465,0.0923811103547452,1.0,WT,WT,WT,WT,WT,WT,WT,WT,WT,WT,WT,WT,WT
GAATGACTCCCATAAT,BCOR,CLL8,CLL8,1,FRP.FFPEtest1_CLL8,False,MUT,MUT,MUT,Memory -B,FalsePositive,MUT,MUT,FalsePositive,MUT,FalsePositive,MUT,FalsePositive,MUT,MUT,0.8320893039197703,0.0221295839113758,0.1457811121688538,0.0,0.0,1.0,0.0,0.0,1.0,0.9999999998649703,3.771175964860864e-173,1.3502973307330014e-10,0.03710548,0.0038216137,0.9590729,0.5982098753079091,0.0003442648985871,0.4014458597935037,0.0013656518240696,8.020550025532612e-05,0.9985541426756752,0.3824652173095813,0.2556825852956699,0.3618521973947486,0.4177744941593797,0.0961654905024049,0.4860600172008609,0.5416666666666666,MUT,FalsePositive,MUT,MUT,FalsePositive,MUT,FalsePositive,MUT,FalsePositive,MUT,MUT,MUT,MUT
TTATAGCTCTCAGCAC,BCOR,CLL8,CLL8,1,FRP.FFPEtest1_CLL8,False,WT,WT,WT,Memory -B,WT,WT,WT,WT,WT,WT,WT,WT,WT,WT,0.0444145401621718,0.9259319820816266,0.0296534777562015,0.0,1.0,0.0,0.0,1.0,0.0,2.6596333911264868e-117,1.0,4.0084372364055043e-17,0.0005077465,0.99715936,0.002332938,1.2544582962725877e-07,0.9992374871786576,0.0007623873755127,4.543565595153718e-06,0.999945902519126,4.9553915278999806e-05,0.2862568190609552,0.4350580310212876,0.2786851499177571,0.0976561148180974,0.8072156825667888,0.0951282019942321,1.0,WT,WT,WT,WT,WT,WT,WT,WT,WT,WT,WT,WT,WT
GGACTTACACAGGCTG,BCOR,CLL8,CLL8,1,FRP.FFPEtest1_CLL8,False,WT,WT,WT,CD24+ -B,WT,WT,WT,WT,WT,WT,WT,WT,WT,WT,0.0464105680943617,0.9481334753533358,0.0054559565523024,0.0,1.0,0.0,0.0,1.0,0.0,1.4184096759196e-164,1.0,1.1707161175537055e-38,0.0008755818,0.997355,0.0017694898,6.902674401763916e-09,0.9999565897951406,4.340330218511352e-05,2.302249045792912e-05,0.999952229985156,2.4747524386120866e-05,0.2862568190609552,0.4350580310212876,0.2786851499177571,0.0969953671391084,0.8125884615786395,0.0904161731448975,1.0,WT,WT,WT,WT,WT,WT,WT,WT,WT,WT,WT,WT,WT
TGCCTTAAGTTACATC,BCOR,CLL8,CLL8,1,FRP.FFPEtest1_CLL8,False,MUT,MUT,MUT,CD24+ -B,FalsePositive,MUT,MUT,FalsePositive,MUT,MUT,MUT,FalsePositive,MUT,MUT,0.5873454780485557,0.0277585555817273,0.384895966369717,0.0,0.0,1.0,0.0,0.0,1.0,0.9999999985375264,1.5019422707938503e-172,1.4624735929300523e-09,0.009680859,0.0014221676,0.9888969,0.01333604496391,0.0002483261579946,0.9864156288780952,0.0019067435001366,5.6603154475443504e-06,0.998087596184416,0.3833329128990699,0.2556698701353361,0.3609972169655939,0.3657312925673239,0.089977548734953,0.5442911599394865,0.6666666666666666,MUT,FalsePositive,MUT,MUT,FalsePositive,MUT,MUT,MUT,FalsePositive,MUT,MUT,MUT,MUT
ACACCTATCCAGGAAT,BCOR,CLL8,CLL8,0,FRP.FFPEtest1_CLL8,True,WT,WT,WT,T-cell,WT,WT,WT,WT,WT,WT,WT,WT,WT,WT,0.1369235356699576,0.8554670970360065,0.0076093672940358,0.0,1.0,0.0,0.0,1.0,0.0,1.6727033381687311e-116,1.0,1.3192654760348728e-17,0.001349975,0.9966793,0.0019707175,9.128756343816152e-07,0.9995381356706494,0.0004609514537161,1.7728584144646154e-05,0.999973509965826,8.761450029445771e-06,0.3006295992170614,0.4345852805974004,0.2647851201855382,0.1094021580167389,0.8004220020540195,0.0901758399292416,1.0,WT,WT,WT,WT,WT,WT,WT,WT,WT,WT,WT,WT,WT
GCAGGTTCAACAAAGA,BCOR,CLL8,CLL8,1,FRP.FFPEtest1_CLL8,False,WT,WT,WT,Memory -B,WT,WT,WT,WT,WT,WT,WT,WT,WT,WT,0.0646213374007163,0.915697991612188,0.0196806709870954,0.0,1.0,0.0,0.0,1.0,0.0,5.9692681323128016e-117,1.0,2.7776875846992016e-17,0.00034356548,0.9970381,0.002618328,4.227143954033435e-07,0.9993670916675408,0.0006324856180636,4.863375787155939e-06,0.9999455827247816,4.955389943108063e-05,0.2862568190609552,0.4350580310212876,0.2786851499177571,0.1001877663933182,0.8062243435880464,0.0935878918812806,1.0,WT,WT,WT,WT,WT,WT,WT,WT,WT,WT,WT,WT,WT
GATTAACCAAACAAGA,BCOR,CLL8,CLL8,0,FRP.FFPEtest1_CLL8,True,WT,WT,WT,T-cell,WT,WT,WT,WT,WT,WT,WT,WT,WT,WT,0.1429580109397324,0.8498859237397072,0.0071560653205604,0.0,1.0,0.0,0.0,1.0,0.0,1.6420605717972136e-116,1.0,1.2569995601974744e-17,0.0012078208,0.99711347,0.0016787597,9.316564682919372e-07,0.999544259243736,0.0004548090997957,2.395495260531684e-05,0.9999495672326534,2.647781474133235e-05,0.3006295992170614,0.4345852805974004,0.2647851201855382,0.1100268742892281,0.7999132415874506,0.0900598841233213,1.0,WT,WT,WT,WT,WT,WT,WT,WT,WT,WT,WT,WT,WT
GCATCACTCTCAGCTA,BCOR,CLL8,CLL8,1,FRP.FFPEtest1_CLL8,False,MUT,MUT,MUT,GCB,MUT,MUT,MUT,FalsePositive,MUT,MUT,MUT,MUT,MUT,MUT,0.4313622161963309,0.0324356285485539,0.5362021552551152,0.1,0.0,0.9,0.0,0.0,1.0,0.999999987476516,8.067305761560655e-126,1.2523484181938888e-08,0.018814376,0.002935383,0.9782502,0.218519797311106,0.0035837080728721,0.7778964946160217,0.0014823468411623,0.0001318557345238,0.998385797424314,0.3665170753600814,0.2557339218009407,0.3777490028389779,0.3560275293457249,0.1001832387271619,0.5437892294435859,0.6666666666666666,MUT,MUT,MUT,MUT,FalsePositive,MUT,MUT,MUT,MUT,MUT,MUT,MUT,MUT
TCACTCGCATTTCTTC,BCOR,CLL8,CLL8,1,FRP.FFPEtest1_CLL8,False,MUT,MUT,MUT,GCB,MUT,MUT,MUT,FalsePositive,MUT,MUT,MUT,MUT,MUT,MUT,0.3103875513511702,0.0283143081290131,0.6612981405198166,0.14,0.0,0.86,0.0,0.0,1.0,0.9999999385674474,2.043343631981881e-171,6.143255262585666e-08,0.0039874185,0.0016336951,0.99437886,0.0064683616759606,0.0003617038629594,0.9931699344610796,0.0001348630836699,1.8356791542996023e-05,0.999846780124787,0.3484655088903921,0.2553643814388268,0.396170109670781,0.3128743300159771,0.0928462692647068,0.5942793957522626,0.8333333333333334,MUT,MUT,MUT,MUT,FalsePositive,MUT,MUT,MUT,MUT,MUT,MUT,MUT,MUT
TGACTACGTGACCTGC,BCOR,CLL8,CLL8,1,FRP.FFPEtest1_CLL8,False,MUT,MUT,MUT,GCB,MUT,MUT,MUT,MUT,WT,MUT,MUT,MUT,MUT,MUT,1.2213461796889162e-12,0.4774268809646695,0.5225731190341091,0.0,0.0,1.0,0.0,0.0,1.0,0.0,0.0,1.0,0.008290103,0.9642024,0.027507493,2.6665480043661012e-24,4.556000459570642e-11,0.99999999995444,6.391347467377942e-05,1.1059585580329297e-05,0.9999250269397458,0.3451044192339814,0.2552440246009213,0.3996515561650972,0.101921450569693,0.2461996884209625,0.6518788603884627,0.8333333333333334,MUT,MUT,MUT,MUT,MUT,WT,MUT,MUT,MUT,MUT,MUT,MUT,MUT
GGCTTAACACATAGTG,BCOR,CLL8,CLL8,1,FRP.FFPEtest1_CLL8,False,MUT,MUT,MUT,GCB,MUT,MUT,MUT,FalsePositive,MUT,MUT,MUT,MUT,MUT,MUT,0.2883052157059448,0.0148526581491319,0.6968421261449234,0.0,0.0,1.0,0.0,0.0,1.0,0.9999998684355887,0.0,1.31564411145791e-07,0.0011586983,0.00059354556,0.99824774,0.0324981012557817,0.0001014704951517,0.9674004282490666,2.7841526617850083e-05,4.371234283042999e-06,0.9999677872390992,0.355444494757996,0.2555621604654181,0.3889933447765859,0.2756362024228299,0.0899739827145526,0.6343898142417352,0.875,MUT,MUT,MUT,MUT,FalsePositive,MUT,MUT,MUT,MUT,MUT,MUT,MUT,MUT
TGGCCAGCAAACTTGG,BCOR,CLL8,CLL8,1,FRP.FFPEtest1_CLL8,False,WT,WT,WT,CD24+ -B,WT,WT,WT,WT,WT,WT,WT,WT,WT,WT,0.0852021264090061,0.9004258913833334,0.0143719822076604,0.0,1.0,0.0,0.0,1.0,0.0,1.0006563790447056e-116,1.0,2.213867747612975e-17,0.00048098262,0.99725807,0.0022609148,4.848829694179326e-07,0.9995207124279788,0.0004788026890517,5.575684595288864e-06,0.999956487608747,3.793670665752176e-05,0.2862568190609552,0.4350580310212876,0.2786851499177571,0.1025407616939782,0.8047569651651417,0.0927022750035254,1.0,WT,WT,WT,WT,WT,WT,WT,WT,WT,WT,WT,WT,WT
GTAACGGTCATGCGGA,BCOR,CLL8,CLL8,1,FRP.FFPEtest1_CLL8,False,WT,WT,WT,Memory -B,WT,WT,WT,WT,WT,WT,WT,WT,WT,WT,0.0437864867732854,0.939543782099612,0.0166697311271023,0.0,1.0,0.0,0.0,1.0,0.0,6.361346363948214e-127,1.0,1.0987128931373696e-21,0.0007761427,0.99699724,0.0022266856,5.9031919416444866e-08,0.9992762919006888,0.0007236490673916,3.286575349227177e-05,0.9999189912253544,4.814302115326987e-05,0.2991910899636215,0.4346596441088694,0.2661492659275091,0.0985870032093911,0.809794077652112,0.0916189191384968,1.0,WT,WT,WT,WT,WT,WT,WT,WT,WT,WT,WT,WT,WT
GGCCTAAAGCCATTTG,BCOR,CLL8,CLL8,1,FRP.FFPEtest1_CLL8,False,WT,WT,WT,CD24+ -B,WT,WT,WT,WT,WT,WT,WT,WT,WT,WT,0.1005414318554076,0.8877231120553224,0.0117354560892699,0.0,1.0,0.0,0.0,1.0,0.0,1.2338417603720778e-116,1.0,1.8984847696592974e-17,0.0005844445,0.99709725,0.0023183634,5.548338152870277e-07,0.9995426873203818,0.0004567578458029,7.302632203277923e-06,0.999963037406652,2.965996114475693e-05,0.2862568190609552,0.4350580310212876,0.2786851499177571,0.1042396883693642,0.8035493239263132,0.0922109895669679,1.0,WT,WT,WT,WT,WT,WT,WT,WT,WT,WT,WT,WT,WT
AGGTGAGCATCCCTCT,BCOR,CLL8,CLL8,1,FRP.FFPEtest1_CLL8,False,MUT,MUT,MUT,GCB,FalsePositive,MUT,MUT,FalsePositive,MUT,MUT,MUT,MUT,MUT,MUT,0.628664397479907,0.0322723623580995,0.3390632401619933,0.0,0.0,1.0,0.0,0.0,1.0,0.9999999994843176,8.990240051984928e-127,5.156826625302622e-10,0.0024034188,0.0012987598,0.9962978,0.0060050176854183,0.0004556620048947,0.9935393203096868,0.00074639308349,5.9270815778633766e-05,0.9991943361007312,0.3665170753600814,0.2557339218009407,0.3777490028389779,0.3380971946825669,0.0991957349920271,0.5627070690836421,0.75,MUT,FalsePositive,MUT,MUT,FalsePositive,MUT,MUT,MUT,MUT,MUT,MUT,MUT,MUT
TGCGGAATCAGGTTAA,BCOR,CLL8,CLL8,1,FRP.FFPEtest1_CLL8,False,MUT,MUT,MUT,CD24+ -B,FalsePositive,FalsePositive,FalsePositive,FalsePositive,MUT,FalsePositive,MUT,FalsePositive,FalsePositive,FalsePositive,0.7349476697063012,0.0231748979483083,0.2418774323453903,0.5,0.0,0.5,0.5904089339417423,0.0,0.4095910660582577,0.9999999997259654,4.185945491567185e-173,2.7403466626947867e-10,0.41304556,0.005239201,0.5817153,0.8050971630760497,0.0002588820756357,0.1946439548483146,0.0619584938229243,0.000450793559396,0.9375907126176796,0.3851956076914475,0.2556391580303357,0.3591652342782167,0.619105334945493,0.0930527991297975,0.2878418690291184,0.875,MUT,FalsePositive,FalsePositive,FalsePositive,FalsePositive,MUT,FalsePositive,MUT,FalsePositive,FalsePositive,FalsePositive,MUT,MUT
GCAAGCCAGATGCAAC,BCOR,CLL8,CLL8,1,FRP.FFPEtest1_CLL8,False,MUT,MUT,MUT,CD24+ -B,MUT,MUT,MUT,FalsePositive,MUT,MUT,MUT,MUT,MUT,MUT,0.3552263449652963,0.0079988941413041,0.6367747608933996,0.0,0.0,1.0,0.0,0.0,1.0,0.9999999611567352,0.0,3.8843264708160463e-08,0.0010173923,0.00048645507,0.9984962,0.0016753694034592,5.087211858257906e-06,0.9983195433846828,3.681884362492624e-05,4.827916634908655e-06,0.99995835323974,0.3572708440641813,0.2556024106499524,0.3871267452858662,0.2830477812426387,0.088274257280716,0.6286779627184087,0.875,MUT,MUT,MUT,MUT,FalsePositive,MUT,MUT,MUT,MUT,MUT,MUT,MUT,MUT
TAATAGGTCAAACTTC,BCOR,CLL8,CLL8,1,FRP.FFPEtest1_CLL8,False,MUT,MUT,MUT,GCB,MUT,MUT,MUT,MUT,MUT,MUT,MUT,MUT,MUT,MUT,0.0411283995502331,0.0381099941947087,0.9207616062550582,0.0,0.0,1.0,0.0,0.0,1.0,7.289102010607838e-56,1.0876919561976613e-262,1.0,0.016529454,0.0030605223,0.98041004,1.8059401025218892e-08,0.0001170599677613,0.9998829219728376,5.411608403548976e-05,8.191692407746812e-06,0.9999376922235568,0.3451044192339814,0.2552440246009213,0.3996515561650972,0.1163735206043025,0.0938311020741405,0.7897953785633204,1.0,MUT,MUT,MUT,MUT,MUT,MUT,MUT,MUT,MUT,MUT,MUT,MUT,MUT
GCGGATTCAAACTTGG,BCOR,CLL8,CLL8,1,FRP.FFPEtest1_CLL8,False,MUT,MUT,MUT,CCDN2$^{hi}$ -B,MUT,MUT,MUT,MUT,MUT,MUT,MUT,MUT,MUT,MUT,7.773400717561089e-05,0.000555588790021,0.9993666772028034,0.0,0.04,0.96,0.0,0.0,1.0,0.0,0.0,1.0,0.0008537764,0.0012483618,0.99789786,2.1498791811799092e-16,9.045391480702673e-14,0.9999999999999094,9.323240347702834e-05,1.2597465715644388e-05,0.9998941701308072,0.3572708440641813,0.2556024106499524,0.3871267452858662,0.1003967242614876,0.1091620084994984,0.7904412684807772,1.0,MUT,MUT,MUT,MUT,MUT,MUT,MUT,MUT,MUT,MUT,MUT,MUT,MUT
TGTTCCTTCCTGGATC,BCOR,CLL8,CLL8,1,FRP.FFPEtest1_CLL8,False,WT,WT,WT,Memory -B,WT,WT,WT,WT,WT,WT,WT,WT,WT,WT,0.0351395777220751,0.9523005843936028,0.0125598378843222,0.0,1.0,0.0,0.0,1.0,0.0,1.3446360224634414e-142,1.0,1.0393394402711223e-28,0.00034356577,0.99703896,0.0026174549,2.3133017211414184e-08,0.9999200217901696,7.99550768130019e-05,4.863532675675355e-06,0.999973896824104,2.123964322034168e-05,0.2862568190609552,0.4350580310212876,0.2786851499177571,0.0958350920605052,0.8121960737482895,0.0919688360538505,1.0,WT,WT,WT,WT,WT,WT,WT,WT,WT,WT,WT,WT,WT
AACCTGCTCCCATAGC,BCOR,CLL8,CLL8,0,FRP.FFPEtest1_CLL8,True,WT,WT,WT,T-cell,WT,WT,WT,WT,WT,WT,WT,WT,WT,WT,0.0493097790083241,0.947794948505712,0.0028952724859637,0.0,1.0,0.0,0.0,1.0,0.0,5.323048774823758e-193,1.0,2.94683624051397e-51,0.0010112479,0.9959162,0.00307259,3.228996550387515e-09,0.9999794731453054,2.0523625697954613e-05,1.808677513691824e-06,0.9999802946942004,1.7896628285665874e-05,0.3006295992170614,0.4345852805974004,0.2647851201855382,0.0982850669789675,0.8132249558037422,0.0884899772172902,1.0,WT,WT,WT,WT,WT,WT,WT,WT,WT,WT,WT,WT,WT
GAATTGATCGATTCTG,BCOR,CLL8,CLL8,1,FRP.FFPEtest1_CLL8,False,MUT,MUT,MUT,Memory -B,FalsePositive,MUT,MUT,FalsePositive,MUT,MUT,MUT,MUT,MUT,MUT,0.5134660902309358,0.0254492469346831,0.461084662834381,0.0,0.0,1.0,0.1810403646255845,0.0,0.8189596353744155,0.9999999977984152,1.4249594568266083e-172,2.2015846005653812e-09,0.0026609742,0.0013792807,0.9959597,0.2377388116018473,0.000625360454448,0.7616358279437045,0.0003080479593131,3.1787044622472945e-05,0.9996601649960642,0.3665170753600814,0.2557339218009407,0.3777490028389779,0.4002201976407053,0.097700414026519,0.502079389574539,0.6666666666666666,MUT,FalsePositive,MUT,MUT,FalsePositive,MUT,MUT,MUT,MUT,MUT,MUT,MUT,MUT
TGTTGTCCAAGCTATG,BCOR,CLL8,CLL8,1,FRP.FFPEtest1_CLL8,False,MUT,MUT,MUT,Memory -B,MUT,MUT,MUT,FalsePositive,MUT,MUT,MUT,MUT,MUT,MUT,0.4364456422090567,0.029067148771925,0.5344872090190181,0.0,0.0,1.0,0.0,0.0,1.0,0.9999999889193264,7.18016335474508e-172,1.1080673554884896e-08,0.0021149714,0.0011523529,0.9967327,0.0003133151557547,7.197968858408367e-05,0.9996147051556612,0.0001348781532006,1.8325679935881183e-05,0.9998467961668634,0.3484655088903921,0.2553643814388268,0.396170109670781,0.300712670775404,0.0927818603421049,0.6065054732286626,0.7916666666666666,MUT,MUT,MUT,MUT,FalsePositive,MUT,MUT,MUT,MUT,MUT,MUT,MUT,MUT
GTTGCGCGTATTTACG,BCOR,CLL8,CLL8,1,FRP.FFPEtest1_CLL8,False,MUT,MUT,MUT,GCB,MUT,MUT,MUT,MUT,MUT,MUT,MUT,MUT,MUT,MUT,0.0225842715345213,3.6583656007021774e-05,0.9773791448094716,0.0,0.0,1.0,0.0,0.0,1.0,7.456035047592699e-222,0.0,1.0,0.0016460879,0.0008176244,0.9975363,2.3099661907786607e-12,3.835996251537092e-11,0.99999999995933,2.463521420792174e-05,3.868730381324143e-06,0.9999714960554108,0.355444494757996,0.2555621604654181,0.3889933447765859,0.1080906760438303,0.086240940843761,0.8056683781453549,1.0,MUT,MUT,MUT,MUT,MUT,MUT,MUT,MUT,MUT,MUT,MUT,MUT,MUT
TAACCACGTAGCCAAA,BCOR,CLL8,CLL8,1,FRP.FFPEtest1_CLL8,False,WT,WT,WT,GCB,WT,WT,WT,WT,WT,WT,WT,WT,WT,WT,0.0144978927708532,0.9052169704057444,0.0802851368234024,0.0,1.0,0.0,0.0,1.0,0.0,2.896069016267448e-119,1.0,1.5469965881168586e-16,0.00064085453,0.99752194,0.0018371914,1.0307761552947841e-08,0.9989969247150696,0.0010030649771687,4.240171109688267e-06,0.9999462058985767,4.955393031345274e-05,0.2619939841758082,0.4344136357998157,0.303592380024376,0.0909944726841897,0.8051756962658415,0.1038298304290872,1.0,WT,WT,WT,WT,WT,WT,WT,WT,WT,WT,WT,WT,WT
AACCATAAGGTTGGGC,BCOR,CLL8,CLL8,1,FRP.FFPEtest1_CLL8,False,WT,WT,WT,Memory -B,WT,WT,WT,WT,WT,WT,WT,WT,WT,WT,0.0152121725292095,0.9376650540967814,0.0471227733740092,0.0,1.0,0.0,0.0,1.0,0.0,2.679959073296742e-128,1.0,2.496439394712425e-21,0.0004353392,0.9971379,0.002426738,2.265774642537328e-09,0.9985213569949593,0.0014786407392663,4.240171109688267e-06,0.9999462058985767,4.955393031345274e-05,0.2724680176697526,0.4349239040399245,0.2926080782903228,0.0919282665443666,0.810085516488809,0.0979862163459427,1.0,WT,WT,WT,WT,WT,WT,WT,WT,WT,WT,WT,WT,WT
GCGCTTAGTCTGTGAT,BCOR,CLL8,CLL8,1,FRP.FFPEtest1_CLL8,False,WT,WT,WT,GCB,WT,WT,WT,WT,WT,WT,WT,WT,WT,WT,0.0070103602068417,0.980719457585682,0.0122701822074763,0.0,1.0,0.0,0.0,1.0,0.0,6.2914116708579625e-229,1.0,7.891286826873278e-66,0.00043530847,0.9970675,0.0024971846,6.605197630017642e-11,0.9999900543633228,9.94557062496593e-06,4.240171109688267e-06,0.9999462058985767,4.955393031345274e-05,0.2724680176697526,0.4349239040399245,0.2926080782903228,0.0900167993516557,0.8172000805547385,0.0927831194727242,1.0,WT,WT,WT,WT,WT,WT,WT,WT,WT,WT,WT,WT,WT
TAAATCGAGGATTATG,BCOR,CLL8,CLL8,1,FRP.FFPEtest1_CLL8,False,WT,WT,WT,Plasmacytic,WT,WT,WT,WT,WT,WT,WT,WT,WT,WT,0.0308999876059074,0.9553129261134986,0.0137870862805939,0.0,1.0,0.0,0.0,1.0,0.0,5.213507881737249e-143,1.0,9.361511411562467e-29,0.0007561521,0.99685514,0.0023887109,1.6025075317225287e-08,0.9997505799345102,0.0002494040404144,6.74609359004485e-05,0.9998897914258258,4.274763827379978e-05,0.2865458000818458,0.4350545538282201,0.2783996460899339,0.0956281175534419,0.8123717906050656,0.0920000918414924,1.0,WT,WT,WT,WT,WT,WT,WT,WT,WT,WT,WT,WT,WT
GACAGGGAGACATAGC,BCOR,CLL8,CLL8,1,FRP.FFPEtest1_CLL8,False,MUT,MUT,MUT,GCB,MUT,MUT,MUT,FalsePositive,MUT,MUT,MUT,MUT,MUT,MUT,0.2300556242380176,0.0117111000675483,0.7582332756944341,0.0,0.0,1.0,0.0,0.0,1.0,0.999999545435552,0.0,4.545644484066727e-07,0.0020115434,0.0007866885,0.9972018,0.0003468653438962,8.326927058435187e-06,0.9996448077290454,3.107613702465102e-05,4.397440949913372e-06,0.9999645264220254,0.3393648661385546,0.2550002725962515,0.4056348612651939,0.2649650372783158,0.0891331585840845,0.6459018072420082,0.875,MUT,MUT,MUT,MUT,FalsePositive,MUT,MUT,MUT,MUT,MUT,MUT,MUT,MUT
TACCGGGCAATGTGGC,BCOR,CLL8,CLL8,1,FRP.FFPEtest1_CLL8,False,MUT,MUT,MUT,GCB,MUT,MUT,MUT,FalsePositive,MUT,MUT,MUT,MUT,MUT,MUT,0.1214370902999937,0.0210715284797142,0.8574913812202919,0.02,0.0,0.98,0.0,0.0,1.0,0.9968585442958662,3.634714188486484e-244,0.003141455704135,0.006133635,0.0012535475,0.99261284,0.022715354092098,0.0007315633962674,0.9765530825116344,1.1372255837873753e-05,1.9512000713030574e-06,0.9999866765440908,0.3360340520416521,0.2548364785026381,0.4091294694557097,0.2851875292844816,0.0900021330566787,0.6248103345544314,0.7916666666666666,MUT,MUT,MUT,MUT,FalsePositive,MUT,MUT,MUT,MUT,MUT,MUT,MUT,MUT
ATAAAGGCATGGCCGA,BCOR,CLL8,CLL8,0,FRP.FFPEtest1_CLL8,True,WT,WT,WT,Myo Fibro,WT,WT,WT,WT,WT,WT,WT,WT,WT,WT,0.0140388284804682,0.9539427527075258,0.0320184188120058,0.0,1.0,0.0,0.0,1.0,0.0,9.541804305814557e-144,1.0,3.5428080133357427e-28,0.0009595887,0.9972398,0.0018006244,1.554391505857593e-09,0.9999426084791724,5.738996643607599e-05,4.870107978500169e-06,0.9999838601061029,1.1269785918995265e-05,0.2862568190609552,0.4350580310212876,0.2786851499177571,0.0927601523029732,0.8119889968506465,0.0952508533299072,1.0,WT,WT,WT,WT,WT,WT,WT,WT,WT,WT,WT,WT,WT
TGACTACGTTGTCAGT,BCOR,CLL8,CLL8,1,FRP.FFPEtest1_CLL8,False,MUT,MUT,MUT,CD24+ -B,MUT,MUT,MUT,FalsePositive,MUT,MUT,MUT,MUT,MUT,MUT,0.4861546849846627,0.0274753708923135,0.4863699441230237,0.0,0.0,1.0,0.0,0.0,1.0,0.999999996174462,2.6089049295033494e-172,3.825537990424874e-09,0.0026069074,0.0012679718,0.99612516,0.0074444171801412,0.0002045848653593,0.9923509979544992,0.0001348630882555,1.832279036247201e-05,0.999846814121382,0.3646771936889675,0.2557173056209849,0.3796055006900476,0.324227913484691,0.0926538271367508,0.5831182612412035,0.75,MUT,MUT,MUT,MUT,FalsePositive,MUT,MUT,MUT,MUT,MUT,MUT,MUT,MUT
TGCGCCTCAGGCCTCT,BCOR,CLL8,CLL8,1,FRP.FFPEtest1_CLL8,False,WT,WT,WT,GCB,WT,WT,WT,WT,WT,WT,WT,WT,WT,WT,0.0114553351327949,0.9812644785248368,0.0072801863423684,0.0,1.0,0.0,0.0,1.0,0.0,8.715807125961801e-229,1.0,4.40396707636573e-66,0.0010569957,0.9971576,0.0017853753,3.2114095568393227e-10,0.9999881122768752,1.188740198386746e-05,2.846859606659344e-05,0.9999042275565756,6.730384735797411e-05,0.2865458000818458,0.4350545538282201,0.2783996460899339,0.0922964150037236,0.8171521656811022,0.0905514193151741,1.0,WT,WT,WT,WT,WT,WT,WT,WT,WT,WT,WT,WT,WT
TGATTACTCCTTAGGC,BCOR,CLL8,CLL8,1,FRP.FFPEtest1_CLL8,False,WT,WT,WT,Plasmacytic,WT,WT,WT,WT,WT,WT,WT,WT,WT,WT,0.0518761985796631,0.946566845792637,0.0015569556276998,0.0,1.0,0.0,0.0,1.0,0.0,8.486045749380524e-228,1.0,1.5375595353961922e-66,0.00070084224,0.9971637,0.0021353671,1.2505972682568172e-09,0.9999888012576534,1.1197491749493449e-05,7.4051509976929025e-06,0.9999786806824584,1.3914166543999194e-05,0.2985213992707181,0.4346922478001924,0.2667863529290895,0.0983154406583872,0.8136125328334606,0.0880720265081522,1.0,WT,WT,WT,WT,WT,WT,WT,WT,WT,WT,WT,WT,WT
AGTGACCCATGGCTAA,BCOR,CLL8,CLL8,1,FRP.FFPEtest1_CLL8,False,WT,WT,WT,Memory -B,WT,WT,WT,WT,WT,WT,WT,WT,WT,WT,0.1042624385566435,0.8895532770121041,0.0061842844312525,0.0,1.0,0.0,0.0,1.0,0.0,2.8867918257663078e-126,1.0,5.671739826021528e-22,0.0019243363,0.9964018,0.0016738491,2.39964597552868e-07,0.9997986435011056,0.0002011165342967,1.0413795530083344e-05,0.9999753631382392,1.4223066230740472e-05,0.2862568190609552,0.4350580310212876,0.2786851499177571,0.1041599697269379,0.8050302097215657,0.0908098205514964,1.0,WT,WT,WT,WT,WT,WT,WT,WT,WT,WT,WT,WT,WT
TCTGTAAGTCCTGAGC,BCOR,CLL8,CLL8,1,FRP.FFPEtest1_CLL8,False,MUT,MUT,MUT,GCB,MUT,MUT,MUT,FalsePositive,MUT,MUT,MUT,MUT,MUT,MUT,0.2857696639676747,0.034525219328561,0.6797051167037641,0.0,0.0,1.0,0.0,0.0,1.0,0.9999997235292836,8.202114435236263e-125,2.764707168908974e-07,0.0042284126,0.0017774756,0.9939942,0.1410445393448594,0.006300628983529,0.8526548316716116,0.0001964910378426,2.269866094463764e-05,0.9997808103012128,0.3525013465881141,0.2554872846430949,0.3920113687687909,0.3157979747892599,0.0943459444863141,0.5898560794826625,0.75,MUT,MUT,MUT,MUT,FalsePositive,MUT,MUT,MUT,MUT,MUT,MUT,MUT,MUT
TTTGCGCAGAACCTCC,BCOR,CLL8,CLL8,1,FRP.FFPEtest1_CLL8,False,MUT,MUT,MUT,GCB,MUT,MUT,MUT,MUT,MUT,MUT,MUT,MUT,MUT,MUT,0.0760401020319419,6.48256866855782e-07,0.9239592497111913,0.0,0.0,1.0,0.0,0.0,1.0,0.0,0.0,1.0,0.0006890997,0.0005831583,0.99872774,6.232001950823136e-12,1.4070847465857749e-12,0.999999999992361,5.367426890821437e-05,8.17690586268931e-06,0.9999381488252292,0.3393648661385546,0.2550002725962515,0.4056348612651939,0.1131250226782845,0.0860129889831226,0.8008619889594745,1.0,MUT,MUT,MUT,MUT,MUT,MUT,MUT,MUT,MUT,MUT,MUT,MUT,MUT
TTGGCCAGTTGAGTCT,BCOR,CLL8,CLL8,1,FRP.FFPEtest1_CLL8,False,MUT,MUT,MUT,Memory -B,FalsePositive,MUT,MUT,FalsePositive,FalsePositive,MUT,FalsePositive,FalsePositive,FalsePositive,FalsePositive,0.8025172848765032,0.031358515437578,0.1661241996859186,0.2,0.0,0.8,0.0,0.0,1.0,0.9999999999140736,3.697052506336826e-127,8.592657820833147e-11,0.65491074,0.0102502145,0.33483908,0.1866204245073218,0.0012994945781764,0.8120800809145018,0.7138986838598868,0.0003992839190081,0.285702032221105,0.3851956076914475,0.2556391580303357,0.3591652342782167,0.4950385130061565,0.0962609769463493,0.4087005112892577,0.625,MUT,FalsePositive,MUT,MUT,FalsePositive,FalsePositive,MUT,FalsePositive,FalsePositive,FalsePositive,FalsePositive,FalsePositive,FalsePositive
GCAAGAAAGCTTTACG,BCOR,CLL8,CLL8,1,FRP.FFPEtest1_CLL8,False,MUT,MUT,MUT,CCDN2$^{hi}$ -B,FalsePositive,MUT,MUT,MUT,MUT,MUT,MUT,MUT,MUT,MUT,0.7034375341967986,0.0851281379507947,0.2114343278524067,0.0,0.0,1.0,0.0,0.0,1.0,7.749905366484266e-114,8.084034810953797e-189,1.0,0.0019482324,0.0026767754,0.995375,0.0004912273620664,0.0508897191269077,0.9486190535110258,0.0001966789101511,2.622943539844393e-05,0.9997770916544504,0.3484655088903921,0.2553643814388268,0.396170109670781,0.1889775162878783,0.1029285502583789,0.7080939346955062,0.875,MUT,FalsePositive,MUT,MUT,MUT,MUT,MUT,MUT,MUT,MUT,MUT,MUT,MUT
ATGTGGGTCCAGAAAC,BCOR,CLL8,CLL8,1,FRP.FFPEtest1_CLL8,False,WT,WT,WT,Plasmacytic,WT,WT,WT,WT,WT,WT,WT,WT,WT,WT,0.003291550233699,0.99614973912335,0.0005587106429506,0.0,1.0,0.0,0.0,1.0,0.0,0.0,1.0,2.176967703848869e-247,0.0014636473,0.996637,0.0018993769,6.5246100825997685e-15,0.999999955942584,4.405740956475464e-08,2.1644312254368275e-05,0.9999720128497628,6.3428379830566046e-06,0.3006295992170614,0.4345852805974004,0.2647851201855382,0.09135546396424,0.8213835695222867,0.0872609665134732,1.0,WT,WT,WT,WT,WT,WT,WT,WT,WT,WT,WT,WT,WT
ATTTGGTTCATAATGG,BCOR,CLL8,CLL8,1,FRP.FFPEtest1_CLL8,False,MUT,MUT,MUT,GCB,MUT,MUT,MUT,MUT,MUT,MUT,MUT,MUT,MUT,MUT,0.056210097537108,0.0329235588347539,0.910866343628138,0.0,0.0,1.0,0.0,0.0,1.0,9.290844407116851e-40,2.350692380735913e-256,1.0,0.0007466874,0.0008117577,0.9984415,2.272615385508677e-07,8.550706319639971e-05,0.9999142656752652,0.0001372786609481,1.8317241500285912e-05,0.9998444040975516,0.3646771936889675,0.2557173056209849,0.3796055006900476,0.112423637069895,0.0944047392384205,0.7931716230708026,1.0,MUT,MUT,MUT,MUT,MUT,MUT,MUT,MUT,MUT,MUT,MUT,MUT,MUT
GAAGCACGTTGTCAGT,BCOR,CLL8,CLL8,1,FRP.FFPEtest1_CLL8,False,WT,WT,WT,CD24+ -B,WT,WT,WT,WT,WT,WT,WT,WT,WT,WT,0.0195391891529295,0.9760028695179592,0.0044579413291112,0.0,1.0,0.0,0.0,1.0,0.0,6.997210916066026e-228,1.0,3.807482231288981e-66,0.00051952293,0.9969919,0.0024886164,4.5344165429981774e-10,0.9999939593056094,6.040240948964081e-06,5.376325506629007e-06,0.9999340198877026,6.0603786790672783e-05,0.2862568190609552,0.4350580310212876,0.2786851499177571,0.0934220608629045,0.8165613419901548,0.0900165977678224,1.0,WT,WT,WT,WT,WT,WT,WT,WT,WT,WT,WT,WT,WT
GACATTCGTGCATCGC,BCOR,CLL8,CLL8,1,FRP.FFPEtest1_CLL8,False,MUT,MUT,MUT,Memory -B,MUT,MUT,MUT,MUT,MUT,MUT,MUT,MUT,MUT,MUT,0.0276458748417397,1.8639915322412424e-05,0.9723354852429378,0.0,0.0,1.0,0.0,0.0,1.0,1.5511530314685522e-204,0.0,1.0,0.000821831,0.0003471384,0.998831,1.6774347546338021e-12,5.288203435957279e-10,0.999999999469502,3.2850032394627175e-05,3.623010672648823e-06,0.9999635269569328,0.3572708440641813,0.2556024106499524,0.3871267452858662,0.1124759301140604,0.0859764958209944,0.8015475746858267,1.0,MUT,MUT,MUT,MUT,MUT,MUT,MUT,MUT,MUT,MUT,MUT,MUT,MUT
GTGGTTCTCCTGAGGA,BCOR,CLL8,CLL8,0,FRP.FFPEtest1_CLL8,True,WT,WT,WT,T-cell,WT,WT,WT,WT,WT,WT,WT,WT,WT,WT,0.0437418853779261,0.9529527904931102,0.0033053241289637,0.0,1.0,0.0,0.0,1.0,0.0,5.754657744095601e-193,1.0,3.313972833230104e-51,0.0013176333,0.9969885,0.0016939695,2.991881419937641e-09,0.9999812759022826,1.8721105836120533e-05,2.425594757279532e-05,0.9999646415849393,1.1102467487757296e-05,0.3006295992170614,0.4345852805974004,0.2647851201855382,0.0977904525801467,0.8136852800415552,0.0885242673782982,1.0,WT,WT,WT,WT,WT,WT,WT,WT,WT,WT,WT,WT,WT
GCATTCATCAATTGGA,BCOR,CLL8,CLL8,1,FRP.FFPEtest1_CLL8,False,MUT,MUT,MUT,GCB,MUT,MUT,MUT,MUT,MUT,MUT,MUT,MUT,MUT,MUT,0.0079681421892785,1.5560485735480677e-05,0.992016297324986,0.0,0.0,1.0,0.0,0.0,1.0,0.0,0.0,1.0,0.00049408793,0.00041658463,0.99908936,2.929524160795244e-13,5.883458901153794e-10,0.9999999994113612,2.464404813468475e-05,3.870269853528401e-06,0.9999714856820118,0.355444494757996,0.2555621604654181,0.3889933447765859,0.1073321721867924,0.0860897103808232,0.8065781174323844,1.0,MUT,MUT,MUT,MUT,MUT,MUT,MUT,MUT,MUT,MUT,MUT,MUT,MUT
GTTAACCGTAGCCATT,BCOR,CLL8,CLL8,1,FRP.FFPEtest1_CLL8,False,MUT,MUT,MUT,CD24+ -B,FalsePositive,MUT,MUT,FalsePositive,MUT,MUT,MUT,MUT,MUT,MUT,0.5767302054185758,0.0355965215422642,0.3876732730391598,0.0,0.0,1.0,0.0,0.0,1.0,0.9999999989907672,1.666204962773745e-126,1.0092329709207282e-09,0.0012013825,0.0008336194,0.997965,0.0002420564282322,0.0001447965391057,0.999613147032662,0.0001603517682168,1.8521157899741436e-05,0.9998211270738836,0.3665170753600814,0.2557339218009407,0.3777490028389779,0.3185804399651375,0.0945612860503165,0.5868582733636648,0.75,MUT,FalsePositive,MUT,MUT,FalsePositive,MUT,MUT,MUT,MUT,MUT,MUT,MUT,MUT
TTCAAGCGTACGCACC,BCOR,CLL8,CLL8,1,FRP.FFPEtest1_CLL8,False,WT,WT,WT,CD24+ -B,WT,WT,WT,WT,WT,WT,WT,WT,WT,WT,0.0299433532575925,0.9557034914083974,0.0143531553340101,0.0,1.0,0.0,0.0,1.0,0.0,5.326732086918432e-143,1.0,9.912642193421345e-29,0.0007663344,0.99700624,0.0022274887,1.4108543110345405e-08,0.999763452524,0.000236533367457,4.429622507408843e-05,0.9999098556802932,4.584809463279457e-05,0.2865458000818458,0.4350545538282201,0.2783996460899339,0.0954912561881811,0.8124072532244817,0.0921014905873372,1.0,WT,WT,WT,WT,WT,WT,WT,WT,WT,WT,WT,WT,WT
TGTGCTGGTTTGAGCT,BCOR,CLL8,CLL8,1,FRP.FFPEtest1_CLL8,False,MUT,MUT,MUT,CCDN2$^{hi}$ -B,MUT,MUT,MUT,MUT,MUT,MUT,MUT,MUT,MUT,MUT,0.0219049153121342,0.0001078399799117,0.977987244707954,0.0,0.0,1.0,0.0,0.0,1.0,4.3894830628256035e-186,0.0,1.0,0.00036224522,0.00047089008,0.99916685,4.954910429898546e-11,3.4691109852549434e-10,0.9999999996035398,5.30139952179591e-05,8.161706976073826e-06,0.999938824297806,0.355444494757996,0.2555621604654181,0.3889933447765859,0.107941233965624,0.0864738651428526,0.80558489964976,1.0,MUT,MUT,MUT,MUT,MUT,MUT,MUT,MUT,MUT,MUT,MUT,MUT,MUT
GTTAACTTCGTAGTTT,BCOR,CLL8,CLL8,0,FRP.FFPEtest1_CLL8,True,WT,WT,WT,T-cell,WT,WT,WT,WT,WT,WT,WT,WT,WT,WT,0.007563663380277,0.9800542435116864,0.0123820931080365,0.0,1.0,0.0,0.0,1.0,0.0,4.135857726673595e-162,1.0,3.987857831610521e-16,0.0009799581,0.9971827,0.0018373794,8.997854883435773e-09,0.9999384700729426,6.152092920275481e-05,8.013359722070175e-05,0.9999029635195672,1.6902883211851157e-05,0.3006295992170614,0.4345852805974004,0.2647851201855382,0.0930895785610428,0.8146450888285862,0.0922653326103708,1.0,WT,WT,WT,WT,WT,WT,WT,WT,WT,WT,WT,WT,WT
TGCGCATTCAGGCATG,BCOR,CLL8,CLL8,1,FRP.FFPEtest1_CLL8,False,MUT,MUT,MUT,CD24+ -B,FalsePositive,MUT,MUT,FalsePositive,MUT,MUT,MUT,FalsePositive,MUT,MUT,0.8214683617407985,0.0168759839814553,0.1616556542777461,0.0,0.0,1.0,0.0,0.0,1.0,0.9999999998244864,2.251803577004494e-249,1.7551364097652942e-10,0.004285405,0.00083862274,0.99487597,0.4606414541703443,0.0002073779295778,0.5391511679000779,8.712460176900236e-05,5.866725290805803e-06,0.99990700867294,0.3731140091364228,0.2557549232381985,0.3711310676253786,0.3733944755412543,0.0897401419677702,0.5368653806283307,0.625,MUT,FalsePositive,MUT,MUT,FalsePositive,MUT,MUT,MUT,FalsePositive,MUT,MUT,MUT,MUT
TCACCCACAAACTTGG,BCOR,CLL8,CLL8,1,FRP.FFPEtest1_CLL8,False,MUT,MUT,MUT,Memory -B,FalsePositive,MUT,MUT,FalsePositive,MUT,MUT,MUT,MUT,MUT,MUT,0.5783050636773376,0.0263572734686808,0.3953376628539815,0.2,0.0,0.8,0.2098951977369268,0.0,0.7901048022630731,0.9999999988314956,1.0463216320071731e-172,1.168504302484167e-09,0.00438127,0.0013770655,0.9942417,0.0867310589990963,0.0004404895779235,0.91282845142298,0.0001814102703511,2.134997345326282e-05,0.9997972397561956,0.3665170753600814,0.2557339218009407,0.3777490028389779,0.3925959261633489,0.0925924244964612,0.5148116512028346,0.7083333333333334,MUT,FalsePositive,MUT,MUT,FalsePositive,MUT,MUT,MUT,MUT,MUT,MUT,MUT,MUT
ATGTGAGGTAAGGTTG,BCOR,CLL8,CLL8,0,FRP.FFPEtest1_CLL8,True,MUT,MUT,MUT,T-cell,FalsePositive,MUT,MUT,FalsePositive,FalsePositive,MUT,FalsePositive,FalsePositive,FalsePositive,FalsePositive,0.7484675975166099,0.0318107660897849,0.2197216363936052,0.14,0.0,0.86,0.0,0.0,1.0,0.9999999998442004,4.771422563886622e-127,1.5579978059767286e-10,0.51788604,0.008375591,0.47373837,0.0466241413492054,0.0008557586083683,0.9525201000424264,0.7900094909740484,0.0001291000756314,0.20986140895032,0.3851956076914475,0.2556391580303357,0.3591652342782167,0.4527306663064767,0.0948236129877773,0.4524457231892729,0.5833333333333334,FalsePositive,FalsePositive,MUT,MUT,FalsePositive,FalsePositive,MUT,FalsePositive,FalsePositive,FalsePositive,FalsePositive,FalsePositive,FalsePositive
TTCTGTGAGCCTTAAT,BCOR,CLL8,CLL8,0,FRP.FFPEtest1_CLL8,True,WT,WT,WT,Macrophage,WT,WT,WT,WT,WT,WT,WT,WT,WT,WT,0.1605906651816458,0.8362379969567902,0.0031713378615638,0.0,1.0,0.0,0.0,1.0,0.0,4.597670975365508e-126,1.0,3.0792207028255047e-22,0.0020313961,0.9963995,0.0015691216,5.22039977525536e-07,0.9998190454196816,0.000180432540341,8.92436508893129e-05,0.9998983950005502,1.2361348560372504e-05,0.3006295992170614,0.4345852805974004,0.2647851201855382,0.1108593983479304,0.8004331703989712,0.0887074312530984,1.0,WT,WT,WT,WT,WT,WT,WT,WT,WT,WT,WT,WT,WT
ACCACAACAAGGCTTA,BCOR,CLL8,CLL8,1,FRP.FFPEtest1_CLL8,False,MUT,MUT,MUT,Memory -B,FalsePositive,MUT,MUT,MUT,MUT,MUT,MUT,MUT,MUT,MUT,0.8498893036248211,0.0674947592627789,0.0826159371124,0.04,0.0,0.96,0.0,0.0,1.0,1.0612872716167297e-93,1.7560122936411012e-179,1.0,0.0069676163,0.0045026597,0.98852974,0.0014812281283646,0.0044637635416406,0.9940550083299948,0.001116479482712,9.529557936340324e-05,0.9987882249379246,0.3665170753600814,0.2557339218009407,0.3777490028389779,0.2431791413250109,0.1064637484953731,0.650357107696089,0.875,MUT,FalsePositive,MUT,MUT,MUT,MUT,MUT,MUT,MUT,MUT,MUT,MUT,MUT
GGGTGAGAGGATGGTT,BCOR,CLL8,CLL8,1,FRP.FFPEtest1_CLL8,False,MUT,MUT,MUT,Memory -B,MUT,MUT,MUT,MUT,MUT,MUT,MUT,MUT,MUT,MUT,0.256499098283917,8.237872440364252e-05,0.7434185229916793,0.02,0.0,0.98,0.0,0.0,1.0,3.524429180944746e-114,0.0,1.0,0.0011733883,0.00041636583,0.9984102,5.284985396171301e-06,1.3931628092048326e-07,0.999994575698323,0.000115438337335,1.112450008795824e-05,0.999873437162577,0.3572708440641813,0.2556024106499524,0.3871267452858662,0.1415128755853688,0.0865087877498675,0.7719783348021183,1.0,MUT,MUT,MUT,MUT,MUT,MUT,MUT,MUT,MUT,MUT,MUT,MUT,MUT
ACTAATGAGACAAAGG,BCOR,CLL8,CLL8,1,FRP.FFPEtest1_CLL8,False,MUT,MUT,MUT,Plasmacytic,MUT,MUT,MUT,FalsePositive,MUT,MUT,MUT,MUT,MUT,MUT,0.4733145379733562,0.0143359640415224,0.5123494979851214,0.0,0.0,1.0,0.0,0.0,1.0,0.9999999943563,0.0,5.6437001436547045e-09,0.001148497,0.00055735034,0.9982942,0.0760904193845627,0.0001121151709009,0.9237974654445364,4.584743301788856e-05,5.429559674810222e-06,0.9999487230073072,0.3572708440641813,0.2556024106499524,0.3871267452858662,0.306296713528944,0.0902943294061269,0.6034089576858103,0.7916666666666666,MUT,MUT,MUT,MUT,FalsePositive,MUT,MUT,MUT,MUT,MUT,MUT,MUT,MUT
GCCTAATGTACAAACG,BCOR,CLL8,CLL8,1,FRP.FFPEtest1_CLL8,False,MUT,MUT,MUT,GCB,MUT,MUT,MUT,MUT,MUT,MUT,MUT,MUT,MUT,MUT,0.0483319582859833,8.28153796804907e-05,0.9515852263343362,0.02,0.0,0.98,0.0,0.0,1.0,2.615258539349205e-140,0.0,1.0,0.0066305175,0.0013030973,0.9920664,9.534370467958516e-09,4.4156305567914246e-08,0.999999946309324,2.1292737046770847e-05,3.647754760204134e-06,0.999975059508193,0.3520620256267409,0.2554750437727967,0.3924629306004624,0.1201240192107861,0.0851496744377783,0.794726303247027,1.0,MUT,MUT,MUT,MUT,MUT,MUT,MUT,MUT,MUT,MUT,MUT,MUT,MUT
TATGTCCCAGATTGCA,BCOR,CLL8,CLL8,1,FRP.FFPEtest1_CLL8,False,MUT,MUT,MUT,CD24+ -B,FalsePositive,MUT,MUT,MUT,MUT,MUT,MUT,FalsePositive,MUT,MUT,0.5610242915712511,0.0361017752964539,0.4028739331322949,0.12,0.0,0.88,0.0,0.0,1.0,7.564983106163221e-58,4.9238348238484885e-265,1.0,0.08226248,0.0049112104,0.9128263,3.2749257185959564e-06,8.942802282091447e-05,0.9999072970514604,0.168171516334196,0.0005628544100643,0.8312656292557395,0.3851956076914475,0.2556391580303357,0.3591652342782167,0.2610310251662718,0.0966535889914828,0.6423153846004818,0.75,MUT,FalsePositive,MUT,MUT,MUT,MUT,MUT,MUT,FalsePositive,MUT,MUT,MUT,MUT
GTTAGTCGTAGCTTTA,BCOR,CLL8,CLL8,1,FRP.FFPEtest1_CLL8,False,MUT,MUT,MUT,Memory -B,FalsePositive,MUT,MUT,MUT,MUT,MUT,MUT,MUT,MUT,MUT,0.605185462717126,0.0378091881431558,0.3570053491397182,0.0,0.0,1.0,0.0,0.0,1.0,5.132365669992761e-157,0.0,1.0,0.0023923686,0.0010771928,0.9965305,2.300010132165189e-05,0.000668086371276,0.9993089135274024,4.5175930206274814e-05,7.073425748734616e-06,0.9999477506440452,0.3393648661385546,0.2550002725962515,0.4056348612651939,0.1774958227657953,0.0963549113041276,0.7261492702762492,1.0,MUT,FalsePositive,MUT,MUT,MUT,MUT,MUT,MUT,MUT,MUT,MUT,MUT,MUT
ACGTGCAAGCCACTCG,BCOR,CLL8,CLL8,1,FRP.FFPEtest1_CLL8,False,MUT,MUT,MUT,GCB,MUT,MUT,MUT,MUT,MUT,MUT,MUT,MUT,MUT,MUT,0.0151070513151167,7.21346813973976e-08,0.984892876550202,0.02,0.0,0.98,0.0,0.0,1.0,0.0,0.0,1.0,0.0029451328,0.0005458094,0.996509,2.742131714421609e-20,1.6172657269472932e-18,1.0,1.6314109660551954e-05,2.255548357588444e-06,0.9999814303419818,0.3538830421537499,0.2555239789133505,0.3905929789328995,0.1119444031530721,0.0848322731313995,0.8032233237155286,1.0,MUT,MUT,MUT,MUT,MUT,MUT,MUT,MUT,MUT,MUT,MUT,MUT,MUT
TCGTCAATCGGTCAAG,BCOR,CLL8,CLL8,1,FRP.FFPEtest1_CLL8,False,WT,WT,WT,GCB,WT,WT,WT,WT,WT,WT,WT,WT,WT,WT,0.0591528440993697,0.92795232496124,0.0128948309393903,0.0,1.0,0.0,0.0,1.0,0.0,7.039633642065078e-127,1.0,1.202817946333419e-21,0.0013559813,0.9969355,0.0017084954,3.3788197653276574e-08,0.999851515714214,0.0001484504975884,2.3878495452969345e-06,0.9999765315291552,2.108062129939637e-05,0.2862568190609552,0.4350580310212876,0.2786851499177571,0.0997546098259939,0.8080706104700787,0.0921747803248093,1.0,WT,WT,WT,WT,WT,WT,WT,WT,WT,WT,WT,WT,WT
AGTTCCTCATTTGGGA,BCOR,CLL8,CLL8,1,FRP.FFPEtest1_CLL8,False,MUT,MUT,MUT,Memory -B,FalsePositive,MUT,MUT,FalsePositive,MUT,MUT,MUT,MUT,MUT,MUT,0.6865589871229933,0.0308257872749657,0.2826152256020409,0.0,0.0,1.0,0.0,0.0,1.0,0.9999999996487574,7.593317320466307e-127,3.512426374872916e-10,0.0032878555,0.0014824389,0.9952297,0.0196041203484856,0.0006583756845135,0.9797375039670008,0.0001461421773923,2.4495775554171484e-05,0.9998293620470536,0.3665170753600814,0.2557339218009407,0.3777490028389779,0.3523657943038972,0.0990068509837229,0.548627353470617,0.7083333333333334,MUT,FalsePositive,MUT,MUT,FalsePositive,MUT,MUT,MUT,MUT,MUT,MUT,MUT,MUT
TATTAGGAGTTACACT,BCOR,CLL8,CLL8,1,FRP.FFPEtest1_CLL8,False,MUT,MUT,MUT,CD24+ -B,FalsePositive,MUT,MUT,FalsePositive,MUT,MUT,MUT,FalsePositive,MUT,MUT,0.6932273440469596,0.0327954900358815,0.2739771659171588,0.0,0.0,1.0,0.0,0.0,1.0,0.9999999997409832,6.19439656162876e-127,2.5901689551886886e-10,0.043407053,0.0038752842,0.9527177,0.0100253542002972,0.000528881978834,0.9894457638208688,0.1500487693693306,0.0004391372773829,0.8495120933532863,0.3851956076914475,0.2556391580303357,0.3591652342782167,0.4010953525030817,0.0949023329251017,0.5040023145718169,0.5416666666666666,MUT,FalsePositive,MUT,MUT,FalsePositive,MUT,MUT,MUT,FalsePositive,MUT,MUT,MUT,MUT
TAAGGTTCAATGAAGA,BCOR,CLL8,CLL8,1,FRP.FFPEtest1_CLL8,False,WT,WT,WT,GCB,WT,WT,WT,WT,WT,WT,WT,WT,WT,WT,0.0248601046980821,0.923721660180629,0.0514182351212887,0.0,1.0,0.0,0.0,1.0,0.0,4.240629828525184e-118,1.0,6.857181433251965e-17,0.0005778451,0.9974999,0.0019222168,2.8980072518513652e-08,0.9987684405613384,0.0012315304585889,4.240171109688267e-06,0.9999462058985767,4.955393031345274e-05,0.2724680176697526,0.4349239040399245,0.2926080782903228,0.0937212978503958,0.807064384966568,0.0992143165621543,1.0,WT,WT,WT,WT,WT,WT,WT,WT,WT,WT,WT,WT,WT
AAGTGAACAAGCTAAT,BCOR,CLL8,CLL8,1,FRP.FFPEtest1_CLL8,False,MUT,MUT,MUT,GCB,MUT,MUT,MUT,FalsePositive,MUT,FalsePositive,MUT,MUT,MUT,MUT,0.364565875466309,0.0184489328616154,0.6169851916720754,0.02,0.0,0.98,0.0,0.0,1.0,0.99999996380782,5.0702748480209476e-248,3.619218006757425e-08,0.00053323386,0.00032414045,0.99914265,0.5969209021699157,0.0003893312582731,0.4026897665718111,2.6665262240184195e-05,3.445409438719624e-06,0.9999698893283212,0.3572708440641813,0.2556024106499524,0.3871267452858662,0.3496138129649109,0.0909243539998166,0.5594618311726269,0.7083333333333334,MUT,MUT,MUT,MUT,FalsePositive,MUT,FalsePositive,MUT,MUT,MUT,MUT,MUT,MUT
AGCCTTCAGTTAACAG,BCOR,CLL8,CLL8,1,FRP.FFPEtest1_CLL8,False,MUT,MUT,MUT,Memory -B,FalsePositive,MUT,MUT,FalsePositive,MUT,FalsePositive,MUT,FalsePositive,FalsePositive,FalsePositive,0.7143060314999584,0.0242474459218289,0.2614465225782127,0.02,0.0,0.98,0.2319204242420285,0.0,0.7680795757579714,0.9999999997224776,4.007748533528766e-173,2.775223688914661e-10,0.076811135,0.0022429344,0.9209459,0.647481309463583,0.0004129093330505,0.3521057812033664,0.0226904460784607,6.837392387194664e-05,0.9772411799976674,0.3851956076914475,0.2556391580303357,0.3591652342782167,0.5001309717968645,0.0927234380832091,0.4071455913616901,0.7083333333333334,MUT,FalsePositive,MUT,MUT,FalsePositive,MUT,FalsePositive,MUT,FalsePositive,FalsePositive,FalsePositive,MUT,MUT
GCATTCATCACGAACG,BCOR,CLL8,CLL8,1,FRP.FFPEtest1_CLL8,False,MUT,MUT,MUT,Memory -B,FalsePositive,MUT,MUT,FalsePositive,MUT,MUT,MUT,FalsePositive,MUT,MUT,0.715484953141407,0.0127743249838818,0.2717407218747112,0.06,0.0,0.94,0.0,0.0,1.0,0.9999999993843682,0.0,6.15631707070065e-10,0.07223336,0.0014821187,0.92628455,0.204284243033668,9.848148900516944e-05,0.7956172754773269,0.0507859085973198,7.301113580863725e-05,0.9491410802668716,0.3758286309439555,0.2557461809927266,0.3684251880633178,0.3849911356290439,0.0873247020029006,0.527684158642765,0.5416666666666666,MUT,FalsePositive,MUT,MUT,FalsePositive,MUT,MUT,MUT,FalsePositive,MUT,MUT,MUT,MUT
GGATGGCTCGCTTGAC,BCOR,CLL8,CLL8,0,FRP.FFPEtest1_CLL8,True,WT,WT,WT,T-cell,WT,WT,WT,WT,WT,WT,WT,WT,WT,WT,0.0749512757807809,0.9082078916900588,0.0168408325291602,0.0,1.0,0.0,0.0,1.0,0.0,8.231190772060458e-117,1.0,2.5304278885272758e-17,0.00034362133,0.99720013,0.002456299,3.921489252839242e-07,0.9994785359717682,0.0005210718793066,4.870618940715663e-06,0.9999850710614484,1.0058319611120128e-05,0.2862568190609552,0.4350580310212876,0.2786851499177571,0.1013665200141313,0.8055007572645195,0.0931327245839944,1.0,WT,WT,WT,WT,WT,WT,WT,WT,WT,WT,WT,WT,WT
ACCGGTAAGACAAGCT,BCOR,CLL8,CLL8,1,FRP.FFPEtest1_CLL8,False,WT,WT,WT,CCDN2$^{hi}$ -B,WT,WT,WT,WT,WT,WT,WT,WT,WT,WT,0.0033663379703204,0.9956966270204054,0.000937035009274,0.0,1.0,0.0,0.0,1.0,0.0,0.0,1.0,2.314931863633732e-213,0.00095883093,0.99675316,0.0022879322,3.0459248361315845e-14,0.999999941228949,5.877102068362592e-08,4.821813658950927e-05,0.9999425912668825,9.190596527982975e-06,0.3006295992170614,0.4345852805974004,0.2647851201855382,0.0913601495097176,0.8211103535953108,0.0875294968949715,1.0,WT,WT,WT,WT,WT,WT,WT,WT,WT,WT,WT,WT,WT
GGGTGGAAGTAGCTAA,BCOR,CLL8,CLL8,1,FRP.FFPEtest1_CLL8,False,MUT,MUT,MUT,Memory -B,MUT,MUT,MUT,MUT,MUT,MUT,MUT,MUT,MUT,MUT,0.0074281181914785,4.458886527769256e-06,0.9925674229219936,0.0,0.0,1.0,0.0,0.0,1.0,0.0,0.0,1.0,0.00047915775,0.00026190584,0.99925894,2.8757823296543357e-15,2.332484693858036e-11,0.9999999999766722,3.005790346752756e-05,3.787185067810843e-06,0.9999661549114648,0.3572708440641813,0.2556024106499524,0.3871267452858662,0.1089223469781509,0.0860530699598259,0.8050245849246681,1.0,MUT,MUT,MUT,MUT,MUT,MUT,MUT,MUT,MUT,MUT,MUT,MUT,MUT
GAAGGATCAACAAAGA,BCOR,CLL8,CLL8,1,FRP.FFPEtest1_CLL8,False,MUT,MUT,MUT,GCB,FalsePositive,MUT,FalsePositive,FalsePositive,MUT,FalsePositive,MUT,MUT,MUT,FalsePositive,0.5116695480173108,0.0241132290951983,0.4642172228874909,0.02,0.0,0.98,0.5999407873298835,0.0,0.4000592126701165,0.9999999974582506,1.4810566405854735e-172,2.5417493862166142e-09,0.006496668,0.0019657305,0.9915376,0.6411974627185211,0.0005012812263568,0.3583012560551221,0.0007319370262591,5.82384865966101e-05,0.9992098244871442,0.3665170753600814,0.2557339218009407,0.3777490028389779,0.4962082417737191,0.0974892324485162,0.4063025220524749,0.5833333333333334,MUT,FalsePositive,MUT,FalsePositive,FalsePositive,MUT,FalsePositive,MUT,MUT,MUT,FalsePositive,MUT,MUT
TTGGTCATCCTCACGG,BCOR,CLL8,CLL8,1,FRP.FFPEtest1_CLL8,False,MUT,MUT,MUT,Memory -B,FalsePositive,MUT,MUT,FalsePositive,MUT,MUT,MUT,FalsePositive,MUT,MUT,0.5792778315558766,0.0155118364746086,0.4052103319695146,0.0,0.0,1.0,0.0,0.0,1.0,0.999999997454762,0.0,2.5452379800155732e-09,0.01891217,0.0023923903,0.97869545,0.2479257351950377,0.0001947424995549,0.7518795223054072,0.0027415723206411,5.919551781712209e-06,0.9972525081275772,0.3739766240497766,0.2557532383445922,0.3702701376056312,0.3615489600260477,0.0901174248444412,0.5483336157503933,0.625,MUT,FalsePositive,MUT,MUT,FalsePositive,MUT,MUT,MUT,FalsePositive,MUT,MUT,MUT,MUT
TCAGGCAAGAAAGGCA,BCOR,CLL8,CLL8,1,FRP.FFPEtest1_CLL8,False,MUT,MUT,MUT,GCB,MUT,MUT,MUT,MUT,MUT,MUT,MUT,MUT,MUT,MUT,0.0220958864306798,1.2302786066771355e-09,0.9779041123390416,0.02,0.0,0.98,0.0,0.0,1.0,0.0,0.0,1.0,0.0007899713,0.00042826188,0.99878174,5.993428478781486e-20,8.090864797381122e-21,1.0,6.743403837944199e-05,5.505258013096453e-06,0.9999270607036074,0.3433656689653156,0.2551752940054317,0.4014590370292527,0.1072943972146455,0.0859908460003367,0.8067147543014909,1.0,MUT,MUT,MUT,MUT,MUT,MUT,MUT,MUT,MUT,MUT,MUT,MUT,MUT
GCTAGACCATTCAGGA,BCOR,CLL8,CLL8,1,FRP.FFPEtest1_CLL8,False,MUT,MUT,MUT,CD24+ -B,MUT,MUT,MUT,MUT,MUT,MUT,MUT,MUT,MUT,MUT,0.0453974799856383,5.787867604088462e-05,0.9545446413383208,0.0,0.0,1.0,0.0,0.0,1.0,1.1968395211926677e-210,0.0,1.0,0.00076279725,0.00053711684,0.9987,1.4870689163468226e-12,4.0514576843483195e-11,0.9999999999579984,7.705788486396181e-05,1.014833903992799e-05,0.999912793776096,0.3572708440641813,0.2556024106499524,0.3871267452858662,0.1103046552207586,0.0863503653499681,0.8033449781875097,1.0,MUT,MUT,MUT,MUT,MUT,MUT,MUT,MUT,MUT,MUT,MUT,MUT,MUT
TGGAAACTCAGTTTAC,BCOR,CLL8,CLL8,1,FRP.FFPEtest1_CLL8,False,MUT,MUT,MUT,CCDN2$^{hi}$ -B,MUT,MUT,MUT,FalsePositive,MUT,MUT,MUT,MUT,MUT,MUT,0.4222808151382191,0.0281403466417076,0.5495788382200734,0.0,0.0,1.0,0.0,0.0,1.0,0.9999999904574652,5.386096667479483e-172,9.542534736740973e-09,0.0021655622,0.0011692436,0.9966652,0.0017662148247313,0.0001357998918143,0.9980979852834544,0.0001348630882555,1.832279036247201e-05,0.999846814121382,0.3484655088903921,0.2553643814388268,0.396170109670781,0.3008583092256983,0.0927162497356826,0.6064254453847913,0.7916666666666666,MUT,MUT,MUT,MUT,FalsePositive,MUT,MUT,MUT,MUT,MUT,MUT,MUT,MUT
GGAAGTTTCGCTATAT,BCOR,CLL8,CLL8,0,FRP.FFPEtest1_CLL8,True,WT,WT,WT,T-cell,WT,WT,WT,WT,WT,WT,WT,WT,WT,WT,0.1538070318320743,0.8399092188549218,0.0062837493130038,0.0,1.0,0.0,0.0,1.0,0.0,2.015491384108072e-116,1.0,1.1051688548928825e-17,0.0012847442,0.99726427,0.0014509852,1.0968838829085e-06,0.9994739864065652,0.0005249167095519,3.380549993739545e-05,0.9999588386451052,7.355854957215074e-06,0.3006295992170614,0.4345852805974004,0.2647851201855382,0.1113958376822217,0.7987898097260762,0.0898143525917021,1.0,WT,WT,WT,WT,WT,WT,WT,WT,WT,WT,WT,WT,WT
TCGCTCGAGATATTGG,CDKN1B,CLL8,CLL8,1,FRP.FFPEtest1_CLL8,False,WT,WT,WT,Memory -B,WT,WT,WT,WT,WT,WT,WT,WT,WT,WT,0.1273258780182874,0.8725127250604824,0.00016139692123,0.0,1.0,0.0,0.0,1.0,0.0,0.0,1.0,3.8011468228737656e-55,0.056354318,0.88725495,0.05639074,0.000679658563818,0.9993193505790916,9.908570902207509e-07,1.5155505626332838e-07,0.9999998281537696,2.029117423666116e-08,0.2983803829939824,0.4356471198868034,0.2659724971192141,0.0777400412112416,0.8555786193169673,0.0666813387296435,1.0,WT,WT,WT,WT,WT,WT,WT,WT,WT,WT,WT,WT,WT
AAGTGAACAAGCTAAT,CDKN1B,CLL8,CLL8,1,FRP.FFPEtest1_CLL8,False,WT,WT,WT,GCB,WT,WT,WT,WT,WT,WT,WT,WT,WT,WT,0.0060257413874192,0.9928867583747844,0.0010875002377966,0.0,1.0,0.0,0.0,1.0,0.0,0.0,1.0,5.375237111939519e-58,0.056354318,0.88725495,0.05639074,7.362559391335712e-06,0.9999907367581372,1.9006824712820837e-06,4.362807681985561e-09,0.9999999938774178,1.7597744795318579e-09,0.2949155749651011,0.4357992204365388,0.26928520459836,0.0689174089398256,0.8635439092501059,0.0675386790330782,1.0,WT,WT,WT,WT,WT,WT,WT,WT,WT,WT,WT,WT,WT
AGACAAACAGAAAGGT,CDKN1B,CLL8,CLL8,0,FRP.FFPEtest1_CLL8,True,WT,WT,WT,Macrophage,WT,WT,WT,WT,WT,WT,WT,WT,WT,WT,0.0001988872991239,0.999777602643718,2.3510057157910885e-05,0.0,1.0,0.0,0.0,1.0,0.0,0.0,1.0,6.0293520551670916e-105,0.056354318,0.88725495,0.05639074,0.0001120568651911,0.9998879338677708,9.267037811240016e-09,2.20027630385564e-09,0.999999997181508,6.182154495905471e-10,0.3096890434378185,0.4349133182164137,0.2553976383457678,0.0679061100473561,0.8689890991070582,0.0631047940203285,1.0,WT,WT,WT,WT,WT,WT,WT,WT,WT,WT,WT,WT,WT
AGAAATGCACTAGTCT,CDKN1B,CLL8,CLL8,1,FRP.FFPEtest1_CLL8,False,MUT,MUT,MUT,CD24+ -B,FalsePositive,MUT,MUT,FalsePositive,FalsePositive,FalsePositive,MUT,FalsePositive,FalsePositive,FalsePositive,0.919932264510643,5.248264418015025e-05,0.0800152528451769,0.114516129032258,0.0,0.885483870967742,0.0,0.0,1.0,1.0,0.0,1.1050767490503067e-24,0.66322213,0.09637005,0.24040781,0.9971157162401212,7.001437689679553e-07,0.00288358361611,1.7935556406671426e-07,4.987521961349897e-09,0.999999815656914,0.3873362662126627,0.2555981240693564,0.3570656097179807,0.489664908647747,0.0628461547421003,0.4474889339568535,0.625,MUT,FalsePositive,MUT,MUT,FalsePositive,FalsePositive,FalsePositive,MUT,FalsePositive,FalsePositive,FalsePositive,MUT,MUT
AGGCTATAGTTTCCAG,CDKN1B,CLL8,CLL8,0,FRP.FFPEtest1_CLL8,True,WT,WT,WT,Macrophage,WT,WT,WT,WT,WT,WT,WT,WT,WT,WT,0.0054947279049838,0.9944377988103452,6.747328467076158e-05,0.0,1.0,0.0,0.0,1.0,0.0,0.0,1.0,2.2227284143139055e-71,0.056354318,0.88725495,0.05639074,0.000241973220795,0.999758011290325,1.5488879807298365e-08,1.4949655361440492e-09,0.999999997740461,7.645735207640123e-10,0.3121261694700216,0.4347087278744368,0.2531651026555416,0.070160109004106,0.8655195049410987,0.0643203841284856,1.0,WT,WT,WT,WT,WT,WT,WT,WT,WT,WT,WT,WT,WT
GGGCTTAAGATGCAAC,CDKN1B,CLL8,CLL8,1,FRP.FFPEtest1_CLL8,False,MUT,MUT,MUT,GCB,FalsePositive,FalsePositive,FalsePositive,FalsePositive,MUT,FalsePositive,MUT,FalsePositive,FalsePositive,FalsePositive,0.7980981496089282,0.0057033298469872,0.1961985205440844,0.5693384906759906,0.0,0.4306615093240094,1.0,0.0,0.0,1.0,0.0,1.7818982817012711e-19,0.119237706,0.06782756,0.8129347,0.9465271155165266,0.0001459844513905,0.0533269000320828,1.6127196924760603e-05,2.599739946449982e-07,0.9999836128290804,0.3781256971451572,0.2557309285013812,0.3661433743534614,0.6439911971037454,0.0743213205108685,0.2816874826764243,0.6666666666666666,MUT,FalsePositive,FalsePositive,FalsePositive,FalsePositive,MUT,FalsePositive,MUT,FalsePositive,FalsePositive,FalsePositive,MUT,MUT
TGTGAGGTCCAGAACG,CDKN1B,CLL8,CLL8,0,FRP.FFPEtest1_CLL8,True,MUT,MUT,MUT,Macrophage,FalsePositive,FalsePositive,FalsePositive,FalsePositive,FalsePositive,FalsePositive,FalsePositive,FalsePositive,FalsePositive,FalsePositive,0.7883704035852218,0.0054053568178082,0.2062242395969698,0.9898597610656196,0.0,0.0101402389343805,1.0,0.0,0.0,1.0,0.0,9.359395802853968e-19,0.8621266,0.06165499,0.07621839,0.9988047213542072,1.588502109965001e-05,0.0011793936246932,0.9999999906504472,1.571356955421611e-09,7.778195822696757e-09,0.3781256971451572,0.2557309285013812,0.3661433743534614,0.8114450282959363,0.0719855363761804,0.1165694340958207,0.9166666666666666,FalsePositive,FalsePositive,FalsePositive,FalsePositive,FalsePositive,FalsePositive,FalsePositive,FalsePositive,FalsePositive,FalsePositive,FalsePositive,FalsePositive,FalsePositive
TGTGAGGTCCAGAACG,CDKN1B,CLL8,CLL8,0,FRP.FFPEtest1_CLL8,True,MUT,MUT,MUT,Macrophage,FalsePositive,FalsePositive,FalsePositive,FalsePositive,FalsePositive,FalsePositive,FalsePositive,FalsePositive,FalsePositive,FalsePositive,0.7727584351976847,0.0054525818575211,0.2217889829447942,1.0,0.0,0.0,1.0,0.0,0.0,0.999999999999787,0.0,2.1412183566033171e-13,0.99494356,0.0011151657,0.0039413045,0.9938469143668464,0.0001376190396966,0.0060154665934568,0.9999999901710624,2.144230607170446e-09,7.684707053833093e-09,0.3771824680958615,0.2557380604620549,0.3670794714420835,0.8241264110186455,0.0538708656971645,0.1220027186518305,0.875,FalsePositive,FalsePositive,FalsePositive,FalsePositive,FalsePositive,FalsePositive,FalsePositive,FalsePositive,FalsePositive,FalsePositive,FalsePositive,FalsePositive,FalsePositive
TGTACCTCAAGGCCAT,CDKN1B,CLL8,CLL8,1,FRP.FFPEtest1_CLL8,False,MUT,MUT,MUT,GCB,FalsePositive,MUT,MUT,FalsePositive,MUT,MUT,MUT,MUT,MUT,MUT,0.5639153849903995,0.0022148370971961,0.4338697779124044,0.0359821428571428,0.0,0.964017857142857,0.0,0.0,1.0,1.0,0.0,1.2955483583830795e-17,0.13868982,0.057569034,0.80374116,2.3198485548304942e-05,2.5191975099730268e-08,0.9999767763224764,1.5082086456861556e-09,1.9129387504641954e-09,0.9999999965788526,0.3705461760842328,0.2557538898728866,0.3736999340428806,0.2797588789252677,0.0687074976516787,0.6515336292341188,0.75,MUT,FalsePositive,MUT,MUT,FalsePositive,MUT,MUT,MUT,MUT,MUT,MUT,MUT,MUT
TGACTACGTTGTCAGT,CDKN1B,CLL8,CLL8,1,FRP.FFPEtest1_CLL8,False,MUT,MUT,MUT,CD24+ -B,FalsePositive,MUT,MUT,FalsePositive,MUT,MUT,MUT,MUT,MUT,MUT,0.6060276000799398,0.0049214838316123,0.3890509160884479,0.0889333333333333,0.0,0.9110666666666668,0.0,0.0,1.0,1.0,0.0,1.5539325177613514e-18,0.06682689,0.062248427,0.87092465,0.0010090830538215,6.892952718900227e-06,0.9989840239934596,2.734440159290704e-09,2.1821425947362354e-09,0.9999999950834172,0.3670562927061715,0.2557378985751022,0.3772058087187262,0.3103498808300329,0.0710912836122185,0.6185588375174065,0.7083333333333334,MUT,FalsePositive,MUT,MUT,FalsePositive,MUT,MUT,MUT,MUT,MUT,MUT,MUT,MUT
GGCTATTGTTGAGCTT,CDKN1B,CLL8,CLL8,0,FRP.FFPEtest1_CLL8,True,WT,WT,WT,T-cell,WT,WT,WT,WT,WT,WT,WT,WT,WT,WT,0.0003243635204984,0.9996140011121436,6.163536735799083e-05,0.0,1.0,0.0,0.0,1.0,0.0,0.0,1.0,1.0959024342024982e-91,0.056354318,0.88725495,0.05639074,0.0001891966797897,0.9998107952593812,8.060829121108725e-09,6.200901763129193e-09,0.9999999933262104,4.728880059589534e-10,0.3121261694700216,0.4347087278744368,0.2531651026555416,0.0686100079259817,0.8676695399140278,0.0637204518395453,1.0,WT,WT,WT,WT,WT,WT,WT,WT,WT,WT,WT,WT,WT
TTCTCACTCTTAAGGA,CDKN1B,CLL8,CLL8,1,FRP.FFPEtest1_CLL8,False,WT,WT,WT,Memory -B,WT,WT,WT,WT,WT,WT,WT,WT,WT,WT,0.0605133592993448,0.9390692267406268,0.0004174139600282,0.0,1.0,0.0,0.0,1.0,0.0,0.0,1.0,5.2876653760616876e-55,0.056354318,0.88725495,0.05639074,0.0001664270426924,0.9998330421941878,5.307631198747139e-07,3.756124706468218e-09,0.999999993830893,2.4129821505233236e-09,0.298120389432577,0.4356597368347931,0.2662198737326298,0.0736614499988879,0.8593667904509497,0.066971756997514,1.0,WT,WT,WT,WT,WT,WT,WT,WT,WT,WT,WT,WT,WT
GGTTAATCATTGTGTC,CDKN1B,CLL8,CLL8,0,FRP.FFPEtest1_CLL8,True,WT,WT,WT,T-cell,WT,WT,WT,WT,WT,WT,WT,WT,WT,WT,0.1836658860979118,0.8162463322154883,8.77816865999466e-05,0.0,1.0,0.0,0.0,1.0,0.0,0.0,1.0,2.1774580824354933e-55,0.056354318,0.88725495,0.05639074,0.0005273671401673,0.9994717852152768,8.476445560758926e-07,9.730904890787782e-10,0.9999999983862016,6.407078713925696e-10,0.3121261694700216,0.4347087278744368,0.2531651026555416,0.0814369009685158,0.8529102620518331,0.0656528374935159,1.0,WT,WT,WT,WT,WT,WT,WT,WT,WT,WT,WT,WT,WT
TAGCTTCCATTTATCG,CDKN1B,CLL8,CLL8,0,FRP.FFPEtest1_CLL8,True,WT,WT,WT,T-cell,WT,WT,WT,WT,WT,WT,WT,WT,WT,WT,0.1909799863246823,0.8089379924047209,8.202127059700935e-05,0.0,1.0,0.0,0.0,1.0,0.0,0.0,1.0,2.1377435110259614e-55,0.056354318,0.88725495,0.05639074,0.0004811187434973,0.9995178879437396,9.933127629151736e-07,5.184295993819657e-10,0.9999999989025812,5.78989287302098e-10,0.3096890434378185,0.4349133182164137,0.2553976383457678,0.0818081069871228,0.8525045902426024,0.0656873032559451,1.0,WT,WT,WT,WT,WT,WT,WT,WT,WT,WT,WT,WT,WT
AAAGTGCTCTAATGAG,CDKN1B,CLL8,CLL8,0,FRP.FFPEtest1_CLL8,True,WT,WT,WT,T-cell,WT,WT,WT,WT,WT,WT,WT,WT,WT,WT,9.307574558245528e-06,0.9999637098935508,2.6982531890759152e-05,0.0,1.0,0.0,0.0,1.0,0.0,0.0,1.0,8.825468029944449e-137,0.056354318,0.88725495,0.05639074,7.283926179523147e-05,0.9999271536707024,7.067502100704246e-09,7.541977885948915e-09,0.9999999921121956,3.4582665152596713e-10,0.3121261694700216,0.4347087278744368,0.2531651026555416,0.0664148112714219,0.8708351571862428,0.0627500312855546,1.0,WT,WT,WT,WT,WT,WT,WT,WT,WT,WT,WT,WT,WT
GGAGTCGGTCCTTCGT,CDKN1B,CLL8,CLL8,1,FRP.FFPEtest1_CLL8,False,WT,WT,WT,CD24+ -B,WT,WT,WT,WT,WT,WT,WT,WT,WT,WT,9.79117467543058e-06,0.9999651764737976,2.503235152717352e-05,0.0,1.0,0.0,0.0,1.0,0.0,0.0,1.0,7.292354257870593e-137,0.056354318,0.88725495,0.05639074,9.708691154333578e-05,0.9999029047161152,8.372341380775878e-09,1.041865978500264e-08,0.9999999876395446,1.9417955268331037e-09,0.3121261694700216,0.4347087278744368,0.2531651026555416,0.0664361129206246,0.8709631028784424,0.0626007855827588,1.0,WT,WT,WT,WT,WT,WT,WT,WT,WT,WT,WT,WT,WT
GACCCAAAGCTTCCTT,CDKN1B,CLL8,CLL8,1,FRP.FFPEtest1_CLL8,False,MUT,MUT,MUT,GCB,MUT,MUT,MUT,FalsePositive,MUT,MUT,MUT,MUT,MUT,MUT,0.44572925153647,0.0074623136749183,0.5468084347886117,0.2089333333333333,0.0,0.7910666666666667,0.3180779316257778,0.0,0.6819220683742221,1.0,0.0,7.397339225068351e-18,0.07746393,0.06574777,0.85678834,0.0024776853537234,4.9206816162859365e-05,0.9974731078301136,2.7180878666108392e-08,2.757614664409443e-09,0.9999999700615068,0.3554752050902471,0.2555628765238056,0.3889619183859472,0.304885963661093,0.072526835127767,0.6225872031319929,0.75,MUT,MUT,MUT,MUT,FalsePositive,MUT,MUT,MUT,MUT,MUT,MUT,MUT,MUT
ATGAAAGCACTTTGTA,CDKN1B,CLL8,CLL8,1,FRP.FFPEtest1_CLL8,False,WT,WT,WT,CD24+ -B,WT,WT,WT,WT,WT,WT,WT,WT,WT,WT,6.164998732299671e-07,0.9996148944444276,0.000384489055699,0.0,1.0,0.0,0.0,1.0,0.0,0.0,1.0,2.027356648928376e-136,0.056354318,0.88725495,0.05639074,0.0001609820700469,0.9998389171182676,1.0081168546916793e-07,3.6223998322868894e-09,0.999999993877856,2.4997441621113283e-09,0.2832953953700596,0.4360505092896966,0.2806540953402437,0.0641472366912481,0.8718040205045621,0.0640487438919455,1.0,WT,WT,WT,WT,WT,WT,WT,WT,WT,WT,WT,WT,WT
GCTTGAACAGGCTGTG,CDKN1B,CLL8,CLL8,1,FRP.FFPEtest1_CLL8,False,MUT,MUT,MUT,Plasmacytic,FalsePositive,MUT,MUT,FalsePositive,MUT,MUT,MUT,MUT,MUT,MUT,0.6095544952605545,0.0050674232023121,0.3853780815371333,0.1570285714285714,0.0,0.8429714285714286,0.0,0.0,1.0,1.0,0.0,1.5423082612055705e-18,0.1065053,0.08631583,0.80717885,0.0082071606647153,5.496584363525637e-05,0.9917378734916494,6.3210197390931005e-09,2.800917509305292e-09,0.9999999908780628,0.3554752050902471,0.2555628765238056,0.3889619183859472,0.3229960609052959,0.0711637533005754,0.6058401850665328,0.7083333333333334,MUT,FalsePositive,MUT,MUT,FalsePositive,MUT,MUT,MUT,MUT,MUT,MUT,MUT,MUT
TGACTACGTGACCTGC,CDKN1B,CLL8,CLL8,1,FRP.FFPEtest1_CLL8,False,MUT,MUT,MUT,GCB,MUT,MUT,MUT,FalsePositive,MUT,MUT,MUT,MUT,MUT,MUT,0.0706522547427021,0.0014061187552028,0.927941626502095,0.0,0.0,1.0,0.0,0.0,1.0,0.99999999819498,0.0,1.8050175659815342e-09,0.07446211,0.0646285,0.8609094,4.664045860015844e-06,1.6938075228776237e-08,0.9999953190160648,1.7917237331374642e-09,2.047593180029994e-09,0.9999999961606832,0.3443632460679839,0.2552152680735822,0.4004214858584337,0.227801210413949,0.0673010029146388,0.7048977896982106,0.875,MUT,MUT,MUT,MUT,FalsePositive,MUT,MUT,MUT,MUT,MUT,MUT,MUT,MUT
TTTGCTGAGGTAACTA,CDKN1B,CLL8,CLL8,1,FRP.FFPEtest1_CLL8,False,WT,WT,WT,GCB,WT,WT,WT,WT,WT,WT,WT,WT,WT,WT,0.0033135488189242,0.987336383678852,0.0093500675022237,0.0,1.0,0.0,0.0,1.0,0.0,0.0,1.0,2.5291487380367365e-27,0.0007688975,0.9980319,0.0011991742,3.457669001474403e-07,0.9999979171839446,1.7370491552620165e-06,9.688047918635559e-10,0.9999999979526564,1.0785389143154914e-09,0.2745845500023586,0.4373826397544849,0.2880328102431566,0.0498717152995441,0.8941735632344003,0.0559547221778868,1.0,WT,WT,WT,WT,WT,WT,WT,WT,WT,WT,WT,WT,WT
GACCTTCAGGAACCAT,CDKN1B,CLL8,CLL8,1,FRP.FFPEtest1_CLL8,False,WT,WT,WT,GCB,WT,WT,WT,WT,WT,WT,WT,WT,WT,WT,1.9706239281587963e-05,0.9996734560588596,0.0003068377018588,0.0,1.0,0.0,0.0,1.0,0.0,0.0,1.0,2.772833959945717e-77,0.0016116336,0.9973054,0.0010830164,4.677064283107378e-13,0.999999999513446,4.86086181338192e-10,4.066008414214953e-09,0.999999992962194,2.9717973801599324e-09,0.2928393228805967,0.4372485666024773,0.2699121105169259,0.0495227972281741,0.9008621458325354,0.0496150600436988,1.0,WT,WT,WT,WT,WT,WT,WT,WT,WT,WT,WT,WT,WT
GCATTTAGTGGGTGTG,CDKN1B,CLL8,CLL8,0,FRP.FFPEtest1_CLL8,True,WT,WT,WT,T-cell,WT,WT,WT,WT,WT,WT,WT,WT,WT,WT,0.0006936365207113,0.9991405528460244,0.0001658106332644,0.0,1.0,0.0,0.0,1.0,0.0,0.0,1.0,1.1379284852603586e-53,0.0006285165,0.9983317,0.0010397122,2.242298227686652e-06,0.999997745166382,1.2535390165116245e-08,5.998046565105749e-10,0.9999999974315504,1.9686448291469648e-09,0.3007455670545979,0.4368803964307401,0.262374036514662,0.0523946039386398,0.8990814140683582,0.0485239834481937,1.0,WT,WT,WT,WT,WT,WT,WT,WT,WT,WT,WT,WT,WT
ATTACGTTCACAAAGC,CDKN1B,CLL8,CLL8,1,FRP.FFPEtest1_CLL8,False,MUT,MUT,MUT,GCB,MUT,MUT,FalsePositive,FalsePositive,MUT,MUT,MUT,MUT,MUT,MUT,0.2610629477338191,0.00694654318184,0.7319905090843407,0.18,0.0,0.82,0.6346808654332275,0.0,0.3653191345667725,0.9999999996447464,0.0,3.5525236646328227e-10,0.017566053,0.003526707,0.9789073,1.7158289532739096e-08,3.099027777814231e-06,0.9999968838139326,2.4983018131482894e-07,1.5479999840187333e-08,0.9999997346898188,0.3579830067689855,0.255616821559415,0.3864001716715993,0.3273651792073164,0.0573384984969733,0.6152963207677593,0.8333333333333334,MUT,MUT,MUT,FalsePositive,FalsePositive,MUT,MUT,MUT,MUT,MUT,MUT,MUT,MUT
ATTTGTCAGCGCTCCA,CDKN1B,CLL8,CLL8,0,FRP.FFPEtest1_CLL8,True,WT,WT,WT,T-cell,WT,WT,WT,WT,WT,WT,WT,WT,WT,WT,0.1844653015307421,0.8154306378398528,0.000104060629405,0.0,1.0,0.0,0.0,1.0,0.0,0.0,1.0,9.704660664039643e-29,0.0035509616,0.99557847,0.0008704877,0.0005004425553259,0.999495780855144,3.7765895299765862e-06,1.5895707828250223e-09,0.9999999567230384,4.1687390809073616e-08,0.3107982082163039,0.4361557159953985,0.2530460757882975,0.0788451541662741,0.8713295818520765,0.0498252668289742,1.0,WT,WT,WT,WT,WT,WT,WT,WT,WT,WT,WT,WT,WT
GCACTAACACCAACAA,CDKN1B,CLL8,CLL8,1,FRP.FFPEtest1_CLL8,False,WT,WT,WT,GCB,WT,WT,WT,WT,WT,WT,WT,WT,WT,WT,1.0746877162813664e-05,0.999846143430075,0.000143109692762,0.0,1.0,0.0,0.0,1.0,0.0,0.0,1.0,8.944012696004509e-93,0.00042852666,0.9978388,0.0017327125,1.1951132328399295e-10,0.9999999994753456,4.0514335920958455e-10,5.490466210347265e-10,0.9999999981273212,1.323632027223237e-09,0.2936527318744481,0.4372190924242016,0.2691281757013502,0.0496162507571982,0.9008823467876336,0.0495014023144998,1.0,WT,WT,WT,WT,WT,WT,WT,WT,WT,WT,WT,WT,WT
ATAAAGGCATGGCCGA,CDKN1B,CLL8,CLL8,0,FRP.FFPEtest1_CLL8,True,WT,WT,WT,Myo Fibro,WT,WT,WT,WT,WT,WT,WT,WT,WT,WT,3.006756326085403e-06,0.9995164449107864,0.0004805483328873,0.0,1.0,0.0,0.0,1.0,0.0,0.0,1.0,3.314534692985862e-92,0.0008754253,0.99779874,0.0013257961,1.2927077547213406e-14,0.9999999997695128,2.3047423038945602e-10,1.1470725859189301e-09,0.9999999976404268,1.212500579710725e-09,0.2936527318744481,0.4372190924242016,0.2691281757013502,0.0495926636095469,0.9008357331459784,0.049571605536401,1.0,WT,WT,WT,WT,WT,WT,WT,WT,WT,WT,WT,WT,WT
TCAGGCAAGAAAGGCA,CDKN1B,CLL8,CLL8,1,FRP.FFPEtest1_CLL8,False,MUT,MUT,MUT,GCB,MUT,MUT,MUT,FalsePositive,MUT,MUT,MUT,MUT,MUT,MUT,0.4615101965449602,0.0030331069309401,0.5354566965240996,0.02,0.0,0.98,0.0,0.0,1.0,0.9999999996626024,0.0,3.3739796337717517e-10,0.0107299555,0.00083145173,0.98843855,1.0494078591897698e-07,2.561651252616852e-07,0.9999996388940888,2.75236093967956e-09,7.356830712491875e-10,0.999999996511956,0.36864506334251,0.2557472691872017,0.3756076674702883,0.2910862136678619,0.0520466485157031,0.6568671329366924,0.875,MUT,MUT,MUT,MUT,FalsePositive,MUT,MUT,MUT,MUT,MUT,MUT,MUT,MUT
GACCAGGGTTGTTTAG,CDKN1B,CLL8,CLL8,1,FRP.FFPEtest1_CLL8,False,MUT,MUT,MUT,GCB,MUT,MUT,MUT,MUT,MUT,MUT,MUT,MUT,MUT,MUT,0.0008140108106679,6.337022367406186e-08,0.9991859258191084,0.02,0.0,0.98,0.0,0.0,1.0,0.0,0.0,1.0,0.012743134,0.0018673289,0.9853895,4.233751125981345e-20,2.2513574340359222e-14,0.9999999999999776,1.3786047947712672e-08,3.5175351868645315e-09,0.9999999826964168,0.3440747953399704,0.2552038593429068,0.4007213453171226,0.0773554694422074,0.0493567751668344,0.8732877522768482,1.0,MUT,MUT,MUT,MUT,MUT,MUT,MUT,MUT,MUT,MUT,MUT,MUT,MUT
TATATCCAGCATCCCG,CDKN1B,CLL8,CLL8,0,FRP.FFPEtest1_CLL8,True,WT,WT,WT,T-cell,WT,WT,WT,WT,WT,WT,WT,WT,WT,WT,0.0417170335313588,0.9580980139442,0.0001849525244411,0.0,1.0,0.0,0.0,1.0,0.0,0.0,1.0,6.404021191418634e-32,0.0019651856,0.99723357,0.00080124685,2.257318343063126e-05,0.9999772208218692,2.0599470016448298e-07,1.2791062552383942e-08,0.9999999836764376,3.532499968853779e-09,0.3065773259209411,0.4364942920073216,0.2569283820717373,0.0614027965830265,0.8894106827987254,0.0491865264681181,1.0,WT,WT,WT,WT,WT,WT,WT,WT,WT,WT,WT,WT,WT
TACCGGGCAATGTGGC,CDKN1B,CLL8,CLL8,1,FRP.FFPEtest1_CLL8,False,MUT,MUT,MUT,GCB,MUT,MUT,MUT,FalsePositive,MUT,MUT,MUT,MUT,MUT,MUT,0.0673924078529199,0.000457812461729,0.932149779685351,0.0,0.0,1.0,0.0,0.0,1.0,0.9970302478632556,0.0,0.0029697521367448,0.011158283,0.0016462548,0.9871955,5.970977165347966e-22,3.747862790959915e-16,0.9999999999999996,3.004504282601827e-09,1.4858539047231676e-09,0.9999999955096416,0.3448664918911602,0.2552348808587653,0.3998986272500745,0.2200129213782772,0.0497642202203531,0.7302228538126658,0.875,MUT,MUT,MUT,MUT,FalsePositive,MUT,MUT,MUT,MUT,MUT,MUT,MUT,MUT
ATTTGTCAGGGATGAA,CDKN1B,CLL8,CLL8,1,FRP.FFPEtest1_CLL8,False,WT,WT,WT,Memory -B,WT,WT,WT,WT,WT,WT,WT,WT,WT,WT,0.0003205324985195,0.9942461955774278,0.0054332719240527,0.0,1.0,0.0,0.0,1.0,0.0,0.0,1.0,5.1344652481675694e-36,0.0007688975,0.9980319,0.0011991742,2.9625983779872987e-09,0.9999999777822366,1.9255165038400224e-08,9.68790059340099e-10,0.9999999979526706,1.0785392174709016e-09,0.2745845500023586,0.4373826397544849,0.2880328102431566,0.0489011597990657,0.8983595690650077,0.0527392711322886,1.0,WT,WT,WT,WT,WT,WT,WT,WT,WT,WT,WT,WT,WT
TGCAGCAAGGCGCAGT,CDKN1B,CLL8,CLL8,1,FRP.FFPEtest1_CLL8,False,WT,WT,WT,CCDN2$^{hi}$ -B,WT,WT,WT,WT,WT,WT,WT,WT,WT,WT,0.0874929779134429,0.9124307205797358,7.630150682104909e-05,0.0,1.0,0.0,0.0,1.0,0.0,0.0,1.0,3.659598388636078e-32,0.0016303753,0.9977055,0.0006641779,2.2761914840641997e-05,0.9999768974771722,3.4060798714542093e-07,1.8583286797118951e-09,0.9999999969529396,1.1887318606840431e-09,0.3042134858831083,0.4366623241174153,0.2591241899994763,0.0670176780268785,0.8835328175829233,0.0494495076013208,1.0,WT,WT,WT,WT,WT,WT,WT,WT,WT,WT,WT,WT,WT
TACGGGTCAACTTAGG,CDKN1B,CLL8,CLL8,1,FRP.FFPEtest1_CLL8,False,MUT,MUT,MUT,CCDN2$^{hi}$ -B,MUT,MUT,MUT,FalsePositive,MUT,MUT,MUT,MUT,MUT,MUT,0.218618470852139,0.0034782670210145,0.7779032621268465,0.0,0.0,1.0,0.0,0.0,1.0,0.9999999926789336,0.0,7.321066430422528e-09,0.0032469819,0.00079065835,0.99596244,3.1228993355823126e-11,8.553869822452072e-09,0.9999999914149011,1.126547041405952e-09,8.186614443032282e-10,0.9999999980547916,0.3579830067689855,0.255616821559415,0.3864001716715993,0.2377680150406282,0.0523676565195096,0.709864326919187,0.875,MUT,MUT,MUT,MUT,FalsePositive,MUT,MUT,MUT,MUT,MUT,MUT,MUT,MUT
TCCCGTTGTATGGTAG,CDKN1B,CLL8,CLL8,1,FRP.FFPEtest1_CLL8,False,MUT,MUT,MUT,CCDN2$^{hi}$ -B,MUT,MUT,MUT,FalsePositive,MUT,MUT,MUT,MUT,MUT,MUT,0.3599353077878809,0.0008422196653885,0.6392224725467305,0.0,0.0,1.0,0.0,0.0,1.0,0.9999999999926033,0.0,7.397672162458329e-12,0.013722682,0.002221413,0.9840559,5.159215698637343e-07,9.115490638761444e-09,0.9999994749629394,2.6535236392860364e-08,4.44043257164228e-09,0.999999969024331,0.3532425536190337,0.2555073092811257,0.3912501370998405,0.2785641149312772,0.0502288574715336,0.6712070270248138,0.875,MUT,MUT,MUT,MUT,FalsePositive,MUT,MUT,MUT,MUT,MUT,MUT,MUT,MUT
GACGTAAGTCCCTCAT,CDKN1B,CLL8,CLL8,1,FRP.FFPEtest1_CLL8,False,MUT,MUT,MUT,CCDN2$^{hi}$ -B,FalsePositive,MUT,MUT,FalsePositive,MUT,MUT,MUT,MUT,MUT,MUT,0.6348422012729718,0.0022261099699295,0.3629316887570987,0.02,0.0,0.98,0.0,0.0,1.0,0.9999999999997408,0.0,2.5877262248985684e-13,0.0012551465,0.0006114663,0.99813336,0.0001459348080186,1.2604572151065135e-06,0.9998528047347662,5.702599750178338e-10,6.696946157363049e-10,0.9999999987600454,0.366453771266616,0.2557334284118195,0.3778128003215644,0.3255346794987782,0.0502695868245253,0.6241957308463485,0.75,MUT,FalsePositive,MUT,MUT,FalsePositive,MUT,MUT,MUT,MUT,MUT,MUT,MUT,MUT
GATCGATAGAAACTCA,CDKN1B,CLL8,CLL8,1,FRP.FFPEtest1_CLL8,False,WT,WT,WT,GCB,WT,WT,WT,WT,WT,WT,WT,WT,WT,WT,5.1096357614791794e-08,0.9985529334102528,0.0014470154933897,0.0,1.0,0.0,0.0,1.0,0.0,0.0,1.0,8.681775099123562e-128,0.0007616557,0.99801743,0.0012209297,1.0124829443936819e-17,0.9999999998481152,1.5188466407368778e-10,9.687897645072007e-10,0.999999997952671,1.0785392218886276e-09,0.2745845500023586,0.4373826397544849,0.2880328102431566,0.0484467827981409,0.9008790368501975,0.0506741789207231,1.0,WT,WT,WT,WT,WT,WT,WT,WT,WT,WT,WT,WT,WT
AGACAAACAAATAACC,IDH2_Mut1,CLL8,CLL8,1,FRP.FFPEtest1_CLL8,False,WT,WT,WT,Memory -B,WT,WT,WT,WT,WT,WT,WT,WT,WT,WT,0.230097844789356,0.7263509923925536,0.0435511628180901,0.0,1.0,0.0,0.0,1.0,0.0,0.0,1.0,1.2864646387820115e-53,0.0037779387,0.99242073,0.0038012853,5.351177594222727e-09,0.9999995301610892,4.644877329186012e-07,0.0014172631452953,0.9970549747890398,0.0015277620656648,0.300905114320836,0.4359435152484601,0.2631513704307037,0.0726442430275074,0.859399312427147,0.067956445825914,1.0,WT,WT,WT,WT,WT,WT,WT,WT,WT,WT,WT,WT,WT
TAACCACGTAGCCAAA,IDH2_Mut1,CLL8,CLL8,1,FRP.FFPEtest1_CLL8,False,WT,WT,WT,GCB,WT,WT,WT,WT,WT,WT,WT,WT,WT,WT,0.0674610427227812,0.7758234147879761,0.1567155424892426,0.0,1.0,0.0,0.0,1.0,0.0,0.0,1.0,1.0988265444417609e-52,0.0037779387,0.99242073,0.0038012853,4.7956269775100106e-11,0.9999997890016048,2.1095043895158174e-07,0.0007644378621051,0.9981189279756472,0.0011166341622475,0.2725177270384389,0.4363615976505735,0.2911206753109876,0.0676918797166363,0.8618849826378159,0.0704231389649212,1.0,WT,WT,WT,WT,WT,WT,WT,WT,WT,WT,WT,WT,WT
ATCATCAGTGGTGCAG,IDH2_Mut1,CLL8,CLL8,1,FRP.FFPEtest1_CLL8,False,MUT,MUT,MUT,GCB,MUT,MUT,MUT,FalsePositive,MUT,FalsePositive,MUT,MUT,MUT,MUT,0.3359090401350046,0.1622264774032706,0.501864482461725,0.135,0.0,0.865,0.0,0.0,1.0,0.999999999997769,0.0,2.2268867630707924e-12,0.06400903,0.007745411,0.92824554,0.8864771446665702,0.0118797350918544,0.1016431202415753,0.0138937688611442,0.0023772633683251,0.9837289677705306,0.3687470162254017,0.2557477510498738,0.3755052327247243,0.3308113319112185,0.0796002417410089,0.5895884233209744,0.8333333333333334,MUT,MUT,FalsePositive,MUT,FalsePositive,MUT,FalsePositive,MUT,MUT,MUT,MUT,MUT,MUT
TAGTGCACATCCCAAT,IDH2_Mut1,CLL8,CLL8,1,FRP.FFPEtest1_CLL8,False,MUT,MUT,MUT,Memory -B,MUT,MUT,MUT,MUT,MUT,MUT,MUT,MUT,MUT,MUT,0.2484383999148044,0.0089475713507771,0.7426140287344184,0.015,0.0,0.985,0.0,0.0,1.0,0.0,0.0,1.0,0.006661146,0.004869538,0.9884693,4.61367950215384e-08,1.0807430083824824e-08,0.9999999430557748,0.0016272211294902,0.000734451247856,0.9976383276226536,0.3367173699658841,0.2548714280494444,0.4084112019846714,0.0916505882939655,0.0683459078320264,0.8400035021859856,1.0,MUT,MUT,MUT,MUT,MUT,MUT,MUT,MUT,MUT,MUT,MUT,MUT,MUT
GGATGGCTCGCTTGAC,IDH2_Mut1,CLL8,CLL8,0,FRP.FFPEtest1_CLL8,True,WT,WT,WT,T-cell,WT,WT,WT,WT,WT,WT,WT,WT,WT,WT,0.1497814789565517,0.7956980152890456,0.0545205057544029,0.0,1.0,0.0,0.0,1.0,0.0,0.0,1.0,9.86507933815384e-59,0.0037779387,0.99242073,0.0038012853,5.111790538603697e-09,0.999999940365403,5.452280650748111e-08,0.0009151036474661,0.997817672547042,0.0012672238054917,0.2996257965721289,0.4360139033789512,0.2643603000489198,0.0694802057657944,0.8624400943139913,0.0680797002112524,1.0,WT,WT,WT,WT,WT,WT,WT,WT,WT,WT,WT,WT,WT
GTAAAGCTCGTGATTT,IDH2_Mut1,CLL8,CLL8,1,FRP.FFPEtest1_CLL8,False,WT,WT,WT,GCB,WT,WT,WT,WT,WT,WT,WT,WT,WT,WT,0.0361472775095486,0.7374490569587548,0.2264036655316964,0.0,1.0,0.0,0.0,1.0,0.0,0.0,1.0,2.826041861693344e-51,0.0037779387,0.99242073,0.0038012853,1.465322441347616e-10,0.9999998738487966,1.2600467104367958e-07,0.0010289745719736,0.998214079946606,0.0007569454814205,0.274745776529427,0.4364187475747425,0.2888354758958304,0.0674495530924015,0.8592019149896015,0.0733485291046265,1.0,WT,WT,WT,WT,WT,WT,WT,WT,WT,WT,WT,WT,WT
TACCGGGCAATGTGGC,IDH2_Mut1,CLL8,CLL8,1,FRP.FFPEtest1_CLL8,False,MUT,MUT,MUT,GCB,MUT,MUT,MUT,FalsePositive,MUT,MUT,MUT,MUT,MUT,MUT,0.2390233800135607,0.1747455150607409,0.5862311049256983,0.035,0.0,0.965,0.0,0.0,1.0,0.9999999997705944,0.0,2.29408013951329e-10,0.01006645,0.006410517,0.9835231,0.000130240356195,0.0018140227986489,0.998055736845156,0.0023202757672258,0.000858592630299,0.9968211316024752,0.3430532655793685,0.2551624756343478,0.4017842587862836,0.2298399538904157,0.0711480337757995,0.6990120077547818,0.875,MUT,MUT,MUT,MUT,FalsePositive,MUT,MUT,MUT,MUT,MUT,MUT,MUT,MUT
AAACAAGCAAGCGAAG,IDH2_Mut1,CLL8,CLL8,0,FRP.FFPEtest1_CLL8,True,WT,WT,WT,T-cell,WT,WT,WT,WT,WT,WT,WT,WT,WT,WT,0.2740490732519686,0.6776484424533752,0.0483024842946562,0.0,1.0,0.0,0.0,1.0,0.0,0.0,1.0,2.5313680820513507e-50,0.0037779387,0.99242073,0.0038012853,5.177457370037039e-07,0.9999984908953224,9.913589406135429e-07,0.0010601458508956,0.9977528570848648,0.0011869970642395,0.3093583617357474,0.4353626044382422,0.2552790338260103,0.0787897185003967,0.8536605033384576,0.0675497820804613,1.0,WT,WT,WT,WT,WT,WT,WT,WT,WT,WT,WT,WT,WT
TGCCTCCTCACAGGGC,IDH2_Mut1,CLL8,CLL8,0,FRP.FFPEtest1_CLL8,True,MUT,MUT,MUT,T-cell,MUT,MUT,MUT,MUT,MUT,MUT,MUT,MUT,MUT,MUT,0.3615860443364195,0.0035415546977346,0.6348724009658457,0.035,0.0,0.965,0.0,0.0,1.0,7.698102497209913e-14,0.0,0.9999999999999218,0.03002617,0.01809049,0.9518833,1.1770146620797235e-09,1.1247115617436611e-13,0.9999999988228728,0.0938692119233422,0.0090500185320637,0.897080769544594,0.3510510287942783,0.2554458205136115,0.39350315069211,0.1320884094101986,0.0731949858877529,0.7947166033826748,1.0,FalsePositive,MUT,MUT,MUT,MUT,MUT,MUT,FalsePositive,MUT,MUT,MUT,FalsePositive,FalsePositive
GGCAGGTTCTTGATCG,IDH2_Mut1,CLL8,CLL8,0,FRP.FFPEtest1_CLL8,True,WT,WT,WT,T-cell,WT,WT,WT,WT,WT,WT,WT,WT,WT,WT,0.2234283384937288,0.7554124462937681,0.021159215212503,0.0,1.0,0.0,0.0,1.0,0.0,0.0,1.0,1.892115367946956e-66,0.0037779387,0.99242073,0.0038012853,1.3200556244198522e-10,0.9999996423297473,3.575382473150323e-07,0.0010557380841628,0.9982638468426798,0.0006804150731571,0.307297990809499,0.4355225350958893,0.2571794740946116,0.0725540335074959,0.8600691257639167,0.0673768404375489,1.0,WT,WT,WT,WT,WT,WT,WT,WT,WT,WT,WT,WT,WT
GTCCCTCTCGGTAACG,IDH2_Mut1,CLL8,CLL8,1,FRP.FFPEtest1_CLL8,False,MUT,MUT,MUT,Memory -B,MUT,MUT,MUT,FalsePositive,MUT,MUT,MUT,MUT,MUT,MUT,0.3820074886087521,0.0215716249768302,0.5964208864144177,0.075,0.0,0.925,0.0,0.0,1.0,0.9999999996253592,0.0,3.746354388859369e-10,0.01595929,0.004435595,0.9796051,0.0137053625813745,7.262730593481706e-08,0.9862945647913196,0.0042207508903007,0.0011588229140085,0.9946204261956908,0.3661127252109148,0.2557306743822927,0.3781566004067924,0.3010580983642859,0.0693992909495716,0.6295426110741936,0.875,MUT,MUT,FalsePositive,MUT,FalsePositive,MUT,MUT,MUT,MUT,MUT,MUT,MUT,MUT
TAACTGTTCATTTAGC,IDH2_Mut1,CLL8,CLL8,1,FRP.FFPEtest1_CLL8,False,MUT,MUT,MUT,GCB,MUT,MUT,MUT,FalsePositive,MUT,MUT,MUT,MUT,MUT,MUT,0.3928957482741776,0.061510792294411,0.5455934594314112,0.01,0.0,0.99,0.0,0.0,1.0,1.0,0.0,1.3532537091801538e-15,0.072864234,0.007933988,0.9192018,5.366310993544553e-06,1.5446766073056381e-07,0.9999944792213458,0.002450036481819,0.000752208010131,0.99679775550805,0.3619697601047378,0.2556842533094026,0.3823459865858597,0.2903860308515081,0.0671903363922083,0.6424236354726406,0.8333333333333334,MUT,MUT,MUT,MUT,FalsePositive,MUT,MUT,MUT,MUT,MUT,MUT,MUT,MUT
GAAGAATAGTCAAACA,IDH2_Mut1,CLL8,CLL8,1,FRP.FFPEtest1_CLL8,False,MUT,MUT,MUT,GCB,MUT,MUT,MUT,FalsePositive,MUT,MUT,MUT,MUT,MUT,MUT,0.2357212695127359,0.0987048595065885,0.6655738709806754,0.0,0.0,1.0,0.0,0.0,1.0,0.9999999983016752,0.0,1.6983281778982776e-09,0.0066450145,0.004869617,0.98848534,9.571126788579126e-07,9.59180193711658e-07,0.9999980837071274,0.0020375030500592,0.0008199742749842,0.9971425226749564,0.3393228110022153,0.2549983072810047,0.4056788817167799,0.2207120617782078,0.0692944059632535,0.7099935318510852,0.875,MUT,MUT,MUT,MUT,FalsePositive,MUT,MUT,MUT,MUT,MUT,MUT,MUT,MUT
GTCACTCAGTACGGGC,IDH2_Mut1,CLL8,CLL8,1,FRP.FFPEtest1_CLL8,False,MUT,MUT,MUT,GCB,MUT,MUT,MUT,FalsePositive,MUT,MUT,MUT,MUT,MUT,MUT,0.4240157898998989,0.0629127506213344,0.5130714594787665,0.015,0.0,0.985,0.0,0.0,1.0,1.0,0.0,2.3362487247038803e-16,0.0046239593,0.0034787569,0.9918972,0.0001768112023206,3.95873517544166e-07,0.9998227929241617,0.0014408292441624,0.0009834009813597,0.997575769774478,0.3457415762486271,0.2552681039727668,0.3989903197786061,0.3461305921912388,0.0690583133014833,0.5848110967967792,0.7916666666666666,MUT,MUT,MUT,MUT,FalsePositive,MUT,MUT,MUT,MUT,MUT,MUT,MUT,MUT
AACCTCATCTAGCCTA,IDH2_Mut1,CLL8,CLL8,0,FRP.FFPEtest1_CLL8,True,WT,WT,WT,T-cell,WT,WT,WT,WT,WT,WT,WT,WT,WT,WT,0.1520259748115395,0.7759383571545726,0.0720356680338877,0.005,0.995,0.0,0.0,1.0,0.0,0.0,1.0,2.613036933591476e-36,0.0037779387,0.99242073,0.0038012853,9.593350532406914e-09,0.9999834338728786,1.6556533770896385e-05,0.0018691663702977,0.9972000853931884,0.000930748236514,0.3093583617357474,0.4353626044382422,0.2552790338260103,0.0741150734133056,0.8583667934904843,0.0675181341245452,1.0,WT,WT,WT,WT,WT,WT,WT,WT,WT,WT,WT,WT,WT
GCCATTTCACCATACT,IDH2_Mut1,CLL8,CLL8,0,FRP.FFPEtest1_CLL8,True,WT,WT,WT,T-cell,WT,WT,WT,WT,WT,WT,WT,WT,WT,WT,0.0368755833414203,0.932152623060116,0.0309717935984636,0.0,1.0,0.0,0.0,1.0,0.0,0.0,1.0,7.973281376385617e-131,0.0037779387,0.99242073,0.0038012853,1.1109742705009303e-14,0.9999999997296396,2.703493305890815e-10,0.001306594584297,0.9975782441523564,0.0011151612633465,0.300905114320836,0.4359435152484601,0.2631513704307037,0.0678190353013435,0.8642970562998586,0.0678839100286121,1.0,WT,WT,WT,WT,WT,WT,WT,WT,WT,WT,WT,WT,WT
AGTGGCGGTTGCGGCT,IDH2_Mut1,CLL8,CLL8,1,FRP.FFPEtest1_CLL8,False,MUT,MUT,MUT,GCB,MUT,MUT,MUT,MUT,MUT,MUT,MUT,FalsePositive,MUT,MUT,0.4973922012869478,0.0018218974050552,0.500785901307997,0.025,0.0,0.975,0.0,0.0,1.0,6.644700687908233e-19,0.0,1.0,0.020720959,0.0070870128,0.9721921,3.8404424547028026e-14,1.7681734979471526e-16,0.9999999999999614,0.0131386221593382,0.0028271185690198,0.984034259271642,0.3759330176321802,0.2557456437440981,0.3683213386237218,0.1994670052147872,0.0711844892883722,0.7293485032073392,0.8333333333333334,MUT,MUT,MUT,MUT,MUT,MUT,MUT,MUT,FalsePositive,MUT,MUT,MUT,MUT
TCCCGTTGTATGGTAG,IDH2_Mut1,CLL8,CLL8,1,FRP.FFPEtest1_CLL8,False,MUT,MUT,MUT,CCDN2$^{hi}$ -B,MUT,MUT,MUT,FalsePositive,MUT,MUT,MUT,MUT,MUT,MUT,0.382060457267971,0.1644708771653183,0.4534686655667106,0.09,0.0,0.91,0.0,0.0,1.0,1.0,0.0,1.6452556573146964e-16,0.006634107,0.0038809434,0.98948497,4.6298566321016287e-10,1.2204951110451167e-06,0.9999987790419032,0.0019762107733571,0.0010205612470125,0.9970032279796304,0.3494954323426599,0.2553979794527418,0.3951065882045983,0.2747546385360697,0.0702760229221027,0.6549693376105047,0.875,MUT,MUT,FalsePositive,MUT,FalsePositive,MUT,MUT,MUT,MUT,MUT,MUT,MUT,MUT
TGCATTAGTTAAGCCT,IDH2_Mut1,CLL8,CLL8,1,FRP.FFPEtest1_CLL8,False,MUT,MUT,MUT,GCB,MUT,MUT,MUT,FalsePositive,MUT,MUT,MUT,MUT,MUT,MUT,0.3994271593907935,0.0622680137030056,0.538304826906201,0.005,0.0,0.995,0.0,0.0,1.0,1.0,0.0,3.132267679683331e-16,0.006487807,0.00378867,0.98972356,1.4054861429047626e-05,1.350599560607328e-07,0.999985810078615,0.0018444193895586,0.0008724292132661,0.9972831513971752,0.3714938980358159,0.2557553274195073,0.3727507745446769,0.2735204170036012,0.068403341330805,0.6580762401133899,0.875,MUT,MUT,MUT,MUT,FalsePositive,MUT,MUT,MUT,MUT,MUT,MUT,MUT,MUT
TAGGCGCAGCCATAAA,IDH2_Mut1,CLL8,CLL8,0,FRP.FFPEtest1_CLL8,True,WT,WT,WT,T-cell,WT,WT,WT,WT,WT,WT,WT,WT,WT,WT,0.1409231993758539,0.777028551432192,0.082048249191954,0.0,1.0,0.0,0.0,1.0,0.0,0.0,1.0,2.413122394616739e-53,0.0037779387,0.99242073,0.0038012853,5.41416551730357e-08,0.9999998363967784,1.094615663400928e-07,0.0007643810720668,0.9980447777863468,0.0011908411415864,0.2796921434334843,0.4364890410770816,0.2838188154894341,0.0687957249885688,0.8623458531212403,0.0688584238304459,1.0,WT,WT,WT,WT,WT,WT,WT,WT,WT,WT,WT,WT,WT
ATGAGGAAGAAACCCG,IDH2_Mut1,CLL8,CLL8,1,FRP.FFPEtest1_CLL8,False,WT,WT,WT,Memory -B,WT,WT,WT,WT,WT,WT,WT,WT,WT,WT,0.1748151139013304,0.7318008365712035,0.0933840495274659,0.0,1.0,0.0,0.0,1.0,0.0,0.0,1.0,6.567075842577627e-50,0.0037779387,0.99242073,0.0038012853,6.970707712454676e-08,0.9999994958283124,4.344646104688841e-07,0.0009156035626325,0.997968146820292,0.0011162496170754,0.2996257965721289,0.4360139033789512,0.2643603000489198,0.0715785508867146,0.8598983743168249,0.0685230750874986,1.0,WT,WT,WT,WT,WT,WT,WT,WT,WT,WT,WT,WT,WT
TACGTCCAGCAACTTT,IDH2_Mut1,CLL8,CLL8,1,FRP.FFPEtest1_CLL8,False,MUT,MUT,MUT,GCB,MUT,MUT,MUT,MUT,MUT,MUT,MUT,MUT,MUT,MUT,0.2149181255175422,0.013414929592694,0.7716669448897636,0.0,0.0,1.0,0.0,0.0,1.0,0.0119722227308994,0.0,0.9880277772690996,0.007398342,0.0044512544,0.98815036,2.412797011864597e-12,6.647395613132091e-13,0.9999999999969224,0.003971157024267,0.0013790852236214,0.9946497577521116,0.3404768432538368,0.2550512875010846,0.4044718692450785,0.10006992611615,0.0691184903784744,0.8308115832143371,1.0,MUT,MUT,MUT,MUT,MUT,MUT,MUT,MUT,MUT,MUT,MUT,MUT,MUT
TCTTCATGTGCGATAA,IDH2_Mut1,CLL8,CLL8,1,FRP.FFPEtest1_CLL8,False,WT,WT,WT,GCB,WT,WT,WT,WT,WT,WT,WT,WT,WT,WT,0.1085745823813238,0.7454608594373844,0.1459645581812917,0.0,1.0,0.0,0.0,1.0,0.0,0.0,1.0,9.702303276301417e-50,0.0037779387,0.99242073,0.0038012853,9.737866731778462e-10,0.9999953359650172,4.6630611961089815e-06,0.0007644378621051,0.9981189279756472,0.0011166341622475,0.2796921434334843,0.4364890410770816,0.2838188154894341,0.0685633596473179,0.861211321526134,0.0702253209802313,1.0,WT,WT,WT,WT,WT,WT,WT,WT,WT,WT,WT,WT,WT
TCAATTGGTCACTATA,IDH2_Mut1,CLL8,CLL8,1,FRP.FFPEtest1_CLL8,False,MUT,MUT,MUT,GCB,FalsePositive,MUT,MUT,FalsePositive,MUT,MUT,MUT,MUT,MUT,MUT,0.5392224839414127,0.0360908527350456,0.4246866633235416,0.0,0.0,1.0,0.0,0.0,1.0,1.0,0.0,1.1521020681910868e-18,0.0050449776,0.003516565,0.9914384,4.698502663882834e-06,6.272304205063195e-07,0.9999946742669156,3.564150944961517e-09,4.168570937192197e-09,0.999999992267278,0.3681615835219596,0.2557447881014305,0.3760936283766098,0.3180731052215973,0.0975647717371087,0.5843621270588353,0.75,MUT,FalsePositive,MUT,MUT,FalsePositive,MUT,MUT,MUT,MUT,FalsePositive,MUT,MUT,MUT
GCCCATAGTTGAGTCT,IDH2_Mut1,CLL8,CLL8,1,FRP.FFPEtest1_CLL8,False,WT,WT,WT,GCB,WT,WT,WT,WT,WT,WT,WT,WT,WT,WT,0.0098234183972257,0.9830545991200615,0.0071219824827125,0.0,1.0,0.0,0.0,1.0,0.0,0.0,1.0,1.2393126971016174e-79,0.0037744285,0.99242765,0.0037979058,1.585377330890875e-09,0.9999999972320914,1.1825311384985846e-09,1.7368092414607876e-09,0.9999999958742772,2.3889134131695475e-09,0.2927755843977506,0.4357983188652292,0.2714260967370202,0.0919292816232284,0.8174451534962818,0.0906255610928988,1.0,WT,WT,WT,WT,WT,WT,WT,WT,WT,WT,WT,WT,WT
GGAGTCTCAATCAAAC,IDH2_Mut1,CLL8,CLL8,1,FRP.FFPEtest1_CLL8,False,MUT,MUT,MUT,GCB,MUT,MUT,MUT,MUT,MUT,MUT,MUT,MUT,MUT,MUT,0.0916365431660093,0.0338977654939386,0.8744656913400519,0.0,0.0,1.0,0.0,0.0,1.0,1.368759228603895e-112,0.0,1.0,0.0053050066,0.0034677002,0.9912273,5.0084458791935226e-17,1.3670964885953273e-08,0.9999999863290352,1.1204355025100642e-09,1.193143279725044e-09,0.9999999976864212,0.3562818711769486,0.2555812040851067,0.3881369247379447,0.109410818648809,0.1007353244802346,0.789853855903254,1.0,MUT,MUT,MUT,MUT,MUT,MUT,MUT,MUT,MUT,MUT,MUT,MUT,MUT
AAGGACAAGGCTACTC,IDH2_Mut1,CLL8,CLL8,1,FRP.FFPEtest1_CLL8,False,MUT,MUT,MUT,GCB,MUT,MUT,FalsePositive,FalsePositive,MUT,MUT,MUT,MUT,MUT,FalsePositive,0.4167605043052115,0.0282971364305616,0.5549423592642269,0.32,0.0,0.68,1.0,0.0,0.0,1.0,0.0,1.8639126155862837e-15,0.06513606,0.010503989,0.9243599,0.0017842064741873,6.870802397143598e-05,0.9981470855018412,4.0552335014029614e-08,3.027480021704064e-09,0.999999956420185,0.3674537438697715,0.2557405711899656,0.3768056849402629,0.4753927896971514,0.0981566670375461,0.4264505439443917,0.8333333333333334,MUT,MUT,FalsePositive,FalsePositive,FalsePositive,MUT,MUT,MUT,MUT,MUT,FalsePositive,MUT,MUT
GGGTGGAAGTAGCTAA,IDH2_Mut1,CLL8,CLL8,1,FRP.FFPEtest1_CLL8,False,WT,WT,WT,Memory -B,WT,WT,WT,WT,WT,WT,WT,WT,WT,WT,0.0179761365240009,0.9728867220228008,0.0091371414531982,0.0,1.0,0.0,0.0,1.0,0.0,0.0,1.0,5.939340292060979e-39,0.0037744285,0.99242765,0.0037979058,3.149469269374979e-07,0.9999995218787724,1.631743005547595e-07,2.312496157460579e-09,0.9999999944149688,3.272535079201759e-09,0.2999155694286377,0.4354921947258172,0.264592235845545,0.0943145812041359,0.8076996067163559,0.0979858091739757,1.0,WT,WT,WT,WT,WT,WT,WT,WT,WT,WT,WT,WT,WT
GGGCTTAAGATGCAAC,IDH2_Mut1,CLL8,CLL8,1,FRP.FFPEtest1_CLL8,False,WT,WT,WT,GCB,WT,WT,WT,WT,WT,WT,WT,WT,WT,WT,0.0055166146437903,0.9927677465417356,0.0017156388144742,0.0,1.0,0.0,0.0,1.0,0.0,0.0,1.0,2.2662793543781488e-120,0.0037744285,0.99242765,0.0037979058,1.4599358290523456e-14,0.999999999713192,2.86793547699542e-10,2.312544100504527e-09,0.9999999467074876,5.0979968392133566e-08,0.2999155694286377,0.4354921947258172,0.264592235845545,0.0896038368685973,0.8235752315040675,0.0868209270028576,1.0,WT,WT,WT,WT,WT,WT,WT,WT,WT,WT,WT,WT,WT
GGGTGAGAGGATGGTT,IDH2_Mut1,CLL8,CLL8,1,FRP.FFPEtest1_CLL8,False,WT,WT,WT,Memory -B,WT,WT,WT,WT,WT,WT,WT,WT,WT,WT,0.0122662307428146,0.9769465220507352,0.0107872472064503,0.0,1.0,0.0,0.0,1.0,0.0,0.0,1.0,7.362091442217789e-70,0.0037744285,0.99242765,0.0037979058,1.729180767681906e-11,0.9999999973146296,2.668078538592087e-09,3.724291506528634e-09,0.9999999942917824,1.983925982590533e-09,0.2986168941505642,0.4355588332635087,0.2658242725859269,0.0927677131019933,0.8149804140282931,0.0922518725234991,1.0,WT,WT,WT,WT,WT,WT,WT,WT,WT,WT,WT,WT,WT
TAATAGGTCAAACTTC,IDH2_Mut1,CLL8,CLL8,1,FRP.FFPEtest1_CLL8,False,WT,WT,WT,GCB,WT,WT,WT,WT,WT,WT,WT,WT,WT,WT,0.0058084057722734,0.8803013178175026,0.1138902764102238,0.0,1.0,0.0,0.0,1.0,0.0,0.0,1.0,3.1700046951653712e-52,0.0037744285,0.99242765,0.0037979058,1.9856955061804946e-12,0.9999991565173684,8.434806458782275e-07,5.687305547843561e-09,0.9999999930115328,1.301161629010333e-09,0.2748522064621442,0.4358943297829261,0.2892534637549297,0.0922413676389012,0.8040903939166784,0.1036682351423482,1.0,WT,WT,WT,WT,WT,WT,WT,WT,WT,WT,WT,WT,WT
TGTCATCCAATTAGAC,IDH2_Mut1,CLL8,CLL8,0,FRP.FFPEtest1_CLL8,True,MUT,MUT,MUT,T-cell,FalsePositive,MUT,FalsePositive,FalsePositive,FalsePositive,MUT,FalsePositive,FalsePositive,FalsePositive,FalsePositive,0.8116436864310013,0.0246485451642558,0.1637077684047428,0.26,0.0,0.74,1.0,0.0,0.0,1.0,0.0,4.1723342377608484e-19,0.7549956,0.02281369,0.22219072,0.0947387227787297,8.186440778505396e-05,0.9051794128134852,0.9989179584261456,7.08769245732703e-07,0.0010813328046086,0.3798590851603989,0.2557146733253207,0.3644262415142803,0.605185199796621,0.0997373425694512,0.2950774573622919,0.6666666666666666,FalsePositive,FalsePositive,FalsePositive,FalsePositive,FalsePositive,FalsePositive,FalsePositive,FalsePositive,FalsePositive,FalsePositive,FalsePositive,FalsePositive,FalsePositive
TTCGAACGTATGGTAG,IDH2_Mut1,CLL8,CLL8,0,FRP.FFPEtest1_CLL8,True,WT,WT,WT,T-cell,WT,WT,WT,WT,WT,WT,WT,WT,WT,WT,0.0564293909963147,0.9413402676476068,0.0022303413560782,0.0,1.0,0.0,0.0,1.0,0.0,0.0,1.0,1.4223420367236564e-70,0.0037744285,0.99242765,0.0037979058,7.177272495404465e-08,0.9999999061142232,2.2113051654500612e-08,2.4599263593883e-09,0.9999999958768258,1.6632480709930881e-09,0.3053341657656339,0.4351625169828296,0.2595033172515364,0.098038996426825,0.8144725513010739,0.0874884479041011,1.0,WT,WT,WT,WT,WT,WT,WT,WT,WT,WT,WT,WT,WT
AAGTGAACAAGCTAAT,IDH2_Mut1,CLL8,CLL8,1,FRP.FFPEtest1_CLL8,False,MUT,MUT,MUT,GCB,MUT,MUT,MUT,MUT,MUT,MUT,MUT,MUT,MUT,MUT,0.2377604839269862,8.09740152088808e-05,0.7621585420578048,0.0,0.0,1.0,0.0,0.0,1.0,0.0,0.0,1.0,0.008342704,0.004123177,0.98753417,4.2807620261637065e-15,7.991007744478802e-13,0.9999999999991966,8.18922549810441e-10,9.231499309711927e-10,0.9999999982579276,0.3673268574875579,0.2557397417929102,0.376933400719532,0.1316570598473778,0.0849866912251249,0.7833562482108155,1.0,MUT,MUT,MUT,MUT,MUT,MUT,MUT,MUT,MUT,MUT,MUT,MUT,MUT
GCGCACACATAGCGAC,IDH2_Mut1,CLL8,CLL8,1,FRP.FFPEtest1_CLL8,False,MUT,MUT,MUT,GCB,FalsePositive,MUT,MUT,FalsePositive,MUT,MUT,MUT,FalsePositive,MUT,MUT,0.5469494320358655,0.021590078914593,0.4314604890495414,0.02,0.0,0.98,0.0,0.0,1.0,1.0,0.0,3.849282751521279e-17,0.30844772,0.009481292,0.682071,7.948259749598385e-07,4.406948029774592e-07,0.999998764479222,1.1393451628176775e-05,1.5589332682130133e-08,0.9999885909590392,0.3756359076618176,0.2557471338242246,0.3686169585139577,0.3542607524905677,0.0960038870154355,0.5497353625530929,0.625,MUT,FalsePositive,MUT,MUT,FalsePositive,MUT,MUT,MUT,FalsePositive,FalsePositive,FalsePositive,MUT,MUT
TGAAACTCATTTGTTG,IDH2_Mut1,CLL8,CLL8,1,FRP.FFPEtest1_CLL8,False,WT,WT,WT,GCB,WT,WT,WT,WT,WT,WT,WT,WT,WT,WT,0.0093892780065107,0.943767197113277,0.0468435248802121,0.0,1.0,0.0,0.0,1.0,0.0,0.0,1.0,1.8506541789911085e-56,0.0037744285,0.99242765,0.0037979058,9.017369329232694e-11,0.999999973537118,2.637270846479356e-08,2.5577488423306484e-09,0.9999999950533576,2.3888934432074388e-09,0.2851656329210291,0.4359591937075094,0.2788751733714613,0.0929604803166136,0.8095219473399308,0.0975175678375155,1.0,WT,WT,WT,WT,WT,WT,WT,WT,WT,WT,WT,WT,WT
AGACTCCTCGATTGAA,IDH2_Mut1,CLL8,CLL8,1,FRP.FFPEtest1_CLL8,False,MUT,MUT,MUT,GCB,FalsePositive,MUT,MUT,FalsePositive,MUT,FalsePositive,MUT,FalsePositive,MUT,FalsePositive,0.7719715751082848,0.0314691679847245,0.1965592569069906,0.1,0.0,0.9,0.0,0.0,1.0,1.0,0.0,2.573937766832562e-19,0.019764837,0.0077774543,0.9724577,0.994337762833132,2.605680314751892e-05,0.0056361803637205,0.0008728328596859,0.0001299693402938,0.9989971978000202,0.3728945499100325,0.2557551890870116,0.3713502610029559,0.4738130176194143,0.101069296207632,0.4251176876135934,0.5833333333333334,MUT,FalsePositive,FalsePositive,MUT,FalsePositive,MUT,FalsePositive,MUT,FalsePositive,FalsePositive,FalsePositive,MUT,MUT
GATAAAGCAGGTTTCT,IDH2_Mut1,CLL8,CLL8,0,FRP.FFPEtest1_CLL8,True,MUT,MUT,MUT,Macrophage,FalsePositive,MUT,MUT,FalsePositive,MUT,MUT,MUT,FalsePositive,MUT,MUT,0.658648775647826,0.0144101866290607,0.3269410377231132,0.1,0.0,0.9,0.0,0.0,1.0,1.0,0.0,5.762514671073291e-19,0.05743293,0.008709739,0.9338573,4.762697956596217e-05,1.736576720219745e-07,0.999952199362762,2.3855905216651905e-05,4.004593951848178e-07,0.999975743635388,0.3807116646541877,0.2557051853273129,0.3635831500184994,0.4044947445981117,0.0928561147231045,0.5026491413772757,0.5416666666666666,FalsePositive,FalsePositive,FalsePositive,MUT,FalsePositive,MUT,MUT,MUT,FalsePositive,FalsePositive,FalsePositive,MUT,FalsePositive
GTATTACTCACGGACA,IDH2_Mut1,CLL8,CLL8,1,FRP.FFPEtest1_CLL8,False,MUT,MUT,MUT,GCB,MUT,MUT,MUT,FalsePositive,MUT,MUT,MUT,MUT,MUT,MUT,0.2145393424734812,0.020199045262181,0.7652616122643376,0.0,0.0,1.0,0.0,0.0,1.0,0.999999999999986,0.0,1.6998584318068354e-14,0.0049872412,0.0036013229,0.99141145,2.3570113486236965e-12,2.407553460036734e-10,0.9999999997568876,1.0819488438699843e-09,1.1511804839237854e-09,0.9999999977668708,0.3417845953584141,0.255108946644928,0.4031064579966577,0.259194067704187,0.0920086881628014,0.6487972442900506,0.875,MUT,MUT,MUT,MUT,FalsePositive,MUT,MUT,MUT,MUT,MUT,MUT,MUT,MUT
TGTTGAGCAGAAAGGT,IDH2_Mut1,CLL8,CLL8,1,FRP.FFPEtest1_CLL8,False,WT,WT,WT,Plasmacytic,WT,WT,WT,WT,WT,WT,WT,WT,WT,WT,0.0622232932680526,0.9338768297618864,0.0038998769700609,0.0,1.0,0.0,0.0,1.0,0.0,0.0,1.0,5.570676508044867e-63,0.0037744285,0.99242765,0.0037979058,5.509781100856623e-07,0.9999994087872084,4.0234681467201473e-08,3.2434373621253863e-09,0.9999999950932552,1.6633074942903835e-09,0.2999155694286377,0.4354921947258172,0.264592235845545,0.097727761369214,0.8120029263675345,0.090269308611327,1.0,WT,WT,WT,WT,WT,WT,WT,WT,WT,WT,WT,WT,WT
TAACTTGGTGACCTAT,IDH2_Mut1,CLL8,CLL8,1,FRP.FFPEtest1_CLL8,False,MUT,MUT,MUT,GCB,MUT,MUT,MUT,FalsePositive,MUT,MUT,MUT,MUT,MUT,MUT,0.3364468765019528,0.0382387991520888,0.6253143243459584,0.0,0.0,1.0,0.0,0.0,1.0,1.0,0.0,2.790673988837249e-17,0.010580615,0.0041442425,0.98527515,4.6156554991720175e-11,7.020263571987381e-09,0.99999999293358,6.899089305242051e-09,5.354440765102516e-09,0.99999998774647,0.3681615835219596,0.2557447881014305,0.3760936283766098,0.2921071184595825,0.0979117948669166,0.6099810926979938,0.875,MUT,MUT,MUT,MUT,FalsePositive,MUT,MUT,MUT,MUT,MUT,MUT,MUT,MUT
GACCCAAAGGATCCCT,IDH2_Mut1,CLL8,CLL8,1,FRP.FFPEtest1_CLL8,False,WT,WT,WT,Plasmacytic,WT,WT,WT,WT,WT,WT,WT,WT,WT,WT,0.003992065447929,0.951343971235316,0.0446639633167549,0.0,1.0,0.0,0.0,1.0,0.0,0.0,1.0,2.2621953386112274e-37,0.0037744285,0.99242765,0.0037979058,2.48784651617442e-09,0.9999999540427664,4.3469387132852014e-08,2.557734098672614e-09,0.9999999949352372,2.5070287121529204e-09,0.2851656329210291,0.4359591937075094,0.2788751733714613,0.0882720998785584,0.8082247243883383,0.1035031730288723,1.0,WT,WT,WT,WT,WT,WT,WT,WT,WT,WT,WT,WT,WT
TGACCTATCATAATGG,IDH2_Mut1,CLL8,CLL8,1,FRP.FFPEtest1_CLL8,False,WT,WT,WT,Memory -B,WT,WT,WT,WT,WT,WT,WT,WT,WT,WT,0.0435747085716811,0.9450484316021188,0.0113768598261999,0.0,1.0,0.0,0.0,1.0,0.0,0.0,1.0,2.6546732432956466e-57,0.0037744285,0.99242765,0.0037979058,1.1199843927448446e-05,0.9999887061249864,9.403108639264712e-08,1.736809243057813e-09,0.9999999958742772,2.388913415366194e-09,0.2927755843977506,0.4357983188652292,0.2714260967370202,0.0975621501363958,0.8094001542966685,0.0930376934020351,1.0,WT,WT,WT,WT,WT,WT,WT,WT,WT,WT,WT,WT,WT
GCGGATTCATAAGCCA,IDH2_Mut1,CLL8,CLL8,1,FRP.FFPEtest1_CLL8,False,MUT,MUT,MUT,Memory -B,MUT,MUT,MUT,FalsePositive,MUT,MUT,MUT,MUT,MUT,MUT,0.2204006971129323,0.0124333410330637,0.7671659618540039,0.0,0.0,1.0,0.0,0.0,1.0,0.999999999995964,0.0,4.028798376037287e-12,0.016513726,0.006251534,0.9772347,1.876630547099065e-12,4.2321938547251164e-10,0.999999999574904,6.359307179701292e-09,2.222461820440939e-09,0.999999991418231,0.3579363448446375,0.2556158993526681,0.3864477558026944,0.2722466627205969,0.0905615779067285,0.6371917630203545,0.875,MUT,MUT,MUT,MUT,FalsePositive,MUT,MUT,MUT,MUT,MUT,MUT,MUT,MUT
ACGTGCAAGCCACTCG,IDH2_Mut1,CLL8,CLL8,1,FRP.FFPEtest1_CLL8,False,MUT,MUT,MUT,GCB,MUT,MUT,MUT,FalsePositive,MUT,MUT,MUT,MUT,MUT,MUT,0.1993334799272337,0.0193406288875793,0.7813258911851868,0.0,0.0,1.0,0.0,0.0,1.0,0.9999524708394428,0.0,4.7529160562370086e-05,0.034916975,0.006496551,0.9585864,0.0001715004262922,0.0001434267623042,0.9996850728114036,2.5640949330733598e-08,1.948589128009574e-09,0.9999999724104616,0.3670987113006311,0.2557381942718789,0.3771630944274899,0.2321097851606555,0.0925601272928465,0.6753300904010985,0.9583333333333334,MUT,MUT,MUT,MUT,FalsePositive,MUT,MUT,MUT,MUT,MUT,MUT,MUT,MUT
GTCTTGCAGGTTGCAG,IDH2_Mut2,CLL8,CLL8,1,FRP.FFPEtest1_CLL8,False,MUT,MUT,MUT,Memory -B,FalsePositive,MUT,FalsePositive,FalsePositive,MUT,MUT,MUT,FalsePositive,FalsePositive,FalsePositive,0.9404268912875284,8.38990498402331e-05,0.0594892096626311,0.18,0.0,0.82,1.0,0.0,0.0,1.0,0.0,2.6219908340371437e-15,0.021644697,0.0036335401,0.9747218,0.3359695516275957,0.0005023093865553,0.6635281389858488,4.4014099978064916e-08,1.9851185510944868e-08,0.9999999361347146,0.3786254156731069,0.2557266602737814,0.3656479240531117,0.5055754605291962,0.0836166393552612,0.4108079038408328,0.5,MUT,FalsePositive,MUT,FalsePositive,FalsePositive,MUT,MUT,MUT,FalsePositive,FalsePositive,FalsePositive,MUT,MUT
AGACAAACAAATAACC,IDH2_Mut2,CLL8,CLL8,1,FRP.FFPEtest1_CLL8,False,WT,WT,WT,Memory -B,WT,WT,WT,WT,WT,WT,WT,WT,WT,WT,4.586939753565031e-06,0.999995413042607,1.7639396319576367e-11,0.0,1.0,0.0,0.0,1.0,0.0,0.0,1.0,5.263142612485767e-36,0.0009929375,0.99764746,0.0013595922,3.89530694488681e-06,0.9999961036442924,1.0487626909659387e-09,1.187082478265894e-08,0.9999999831838804,4.945294754975948e-09,0.2996659946762046,0.4367601592897681,0.2635738460340273,0.0935275797663739,0.8317012196427807,0.0747712018326089,1.0,WT,WT,WT,WT,WT,WT,WT,WT,WT,WT,WT,WT,WT
ATGAGGAAGAAACCCG,IDH2_Mut2,CLL8,CLL8,1,FRP.FFPEtest1_CLL8,False,WT,WT,WT,Memory -B,WT,WT,WT,WT,WT,WT,WT,WT,WT,WT,0.0078557565215087,0.9921442434296164,4.887486420270019e-11,0.0,1.0,0.0,0.0,1.0,0.0,0.0,1.0,3.3778259840059953e-32,0.000377512,0.9982498,0.0013725922,0.0020941444922273,0.9979058551646414,3.431314202658465e-10,4.867309952223259e-10,0.9999999986423068,8.709619883086274e-10,0.2947065079677985,0.4369953540630902,0.2682981379691112,0.0891235014387726,0.8309982220019964,0.079878276559231,1.0,WT,WT,WT,WT,WT,WT,WT,WT,WT,WT,WT,WT,WT
ATAACCAAGGCTTTAT,IDH2_Mut2,CLL8,CLL8,1,FRP.FFPEtest1_CLL8,False,MUT,MUT,MUT,GCB,FalsePositive,MUT,FalsePositive,FalsePositive,FalsePositive,FalsePositive,FalsePositive,MUT,FalsePositive,FalsePositive,0.9747677427345628,7.308393437995731e-05,0.0251591733310572,0.4,0.0,0.6,0.6210234625816323,0.0,0.3789765374183677,0.999999999999993,0.0,4.9812781072071475e-15,0.51818365,0.015419315,0.46639705,0.9855551137773834,0.0001036683020957,0.0143412179205206,0.9831794602063332,1.0777700670267803e-05,0.0168097620929964,0.3716468240429868,0.255755443487562,0.372597732469451,0.5820871777345334,0.0829826319703784,0.3349301915368517,0.5416666666666666,MUT,FalsePositive,MUT,FalsePositive,FalsePositive,FalsePositive,FalsePositive,FalsePositive,MUT,FalsePositive,FalsePositive,MUT,MUT
AACCTCATCTAGCCTA,IDH2_Mut2,CLL8,CLL8,0,FRP.FFPEtest1_CLL8,True,WT,WT,WT,T-cell,WT,WT,WT,WT,WT,WT,WT,WT,WT,WT,0.0949528635116359,0.9050471364877896,5.743649758095724e-13,0.0,1.0,0.0,0.0,1.0,0.0,0.0,1.0,1.561439150030113e-17,0.0014661079,0.9979085,0.0006254845,8.447782236743264e-05,0.9999155205454504,1.6321822660660504e-09,5.028462221900009e-09,0.9999999944585096,5.130279925165844e-10,0.3097942117933793,0.4360626939286282,0.2541430942779923,0.0983744802014194,0.8265163969455177,0.075109124094826,1.0,WT,WT,WT,WT,WT,WT,WT,WT,WT,WT,WT,WT,WT
TCTTCATGTGCGATAA,IDH2_Mut2,CLL8,CLL8,1,FRP.FFPEtest1_CLL8,False,WT,WT,WT,GCB,WT,WT,WT,WT,WT,WT,WT,WT,WT,WT,0.0017628368659397,0.9982371629095348,2.2452528865089448e-10,0.0,1.0,0.0,0.0,1.0,0.0,0.0,1.0,5.423404378775029e-32,0.0006725541,0.9980684,0.0012590183,0.0055003019442259,0.9944996976328728,4.2290127194204444e-10,9.518991343256455e-10,0.999999998406595,6.4150562868731e-10,0.2821308872129864,0.43726542110301,0.2806036916840035,0.081579612409955,0.8339235880747001,0.0844967995153446,1.0,WT,WT,WT,WT,WT,WT,WT,WT,WT,WT,WT,WT,WT
GTAAAGCTCGTGATTT,IDH2_Mut2,CLL8,CLL8,1,FRP.FFPEtest1_CLL8,False,WT,WT,WT,GCB,WT,WT,WT,WT,WT,WT,WT,WT,WT,WT,2.257272452909473e-09,0.9999999500029708,4.773975688917426e-08,0.0,1.0,0.0,0.0,1.0,0.0,0.0,1.0,1.5895160501739236e-33,0.0007763675,0.9978853,0.0013383491,6.560836658056088e-06,0.9999934391576402,5.701816296151546e-12,9.096680368869715e-10,0.9999999987460916,3.4424045744340825e-10,0.2736873917795933,0.4371735645891358,0.2891390436312707,0.0730537489672135,0.8330278663138454,0.0939183859607044,1.0,WT,WT,WT,WT,WT,WT,WT,WT,WT,WT,WT,WT,WT
TGTTGAGCAGAAAGGT,IDH2_Mut2,CLL8,CLL8,1,FRP.FFPEtest1_CLL8,False,WT,WT,WT,Plasmacytic,WT,WT,WT,WT,WT,WT,WT,WT,WT,WT,2.8994734123282875e-10,0.9999999996506964,5.935637883880487e-11,0.0,1.0,0.0,0.0,1.0,0.0,0.0,1.0,2.1635954221572495e-41,0.0008304125,0.99776554,0.001404038,3.236942183740799e-06,0.9999967628052464,2.5256999161811685e-10,5.014306691778033e-10,0.9999999942106456,5.2879235672563305e-09,0.3008319821987947,0.4366945843569015,0.2624734334443038,0.0898808787572271,0.8358845284283501,0.0742345915726593,1.0,WT,WT,WT,WT,WT,WT,WT,WT,WT,WT,WT,WT,WT
TAACCACGTAGCCAAA,IDH2_Mut2,CLL8,CLL8,1,FRP.FFPEtest1_CLL8,False,WT,WT,WT,GCB,WT,WT,WT,WT,WT,WT,WT,WT,WT,WT,5.3454563659880754e-08,0.9999999448697882,1.675648133114427e-09,0.0,1.0,0.0,0.0,1.0,0.0,0.0,1.0,5.596287505668247e-35,0.00067137135,0.9979559,0.0013726822,7.122528207434523e-05,0.9999287746966908,2.123472991011961e-11,5.650151866403295e-10,0.9999999987934792,6.415056289354983e-10,0.2736873917795933,0.4371735645891358,0.2891390436312707,0.0762887192169573,0.8378241033776405,0.0858871774054021,1.0,WT,WT,WT,WT,WT,WT,WT,WT,WT,WT,WT,WT,WT
AAACAAGCAAGCGAAG,IDH2_Mut2,CLL8,CLL8,0,FRP.FFPEtest1_CLL8,True,WT,WT,WT,T-cell,WT,WT,WT,WT,WT,WT,WT,WT,WT,WT,0.0361749131406345,0.9638250868497832,9.582353629389702e-12,0.0,1.0,0.0,0.0,1.0,0.0,0.0,1.0,1.1932757014379767e-32,0.0011431383,0.9979644,0.0008925366,0.0017717019816934,0.998228295895046,2.123260448092581e-09,3.674959099107528e-10,0.9999999974674728,2.165031177289865e-09,0.3080480844187738,0.4362033446807982,0.2557485709004279,0.1059989277006418,0.8199161496715082,0.0740849238696134,1.0,WT,WT,WT,WT,WT,WT,WT,WT,WT,WT,WT,WT,WT
GTTTCACCACAAGCGT,IDH2_Mut2,CLL8,CLL8,1,FRP.FFPEtest1_CLL8,False,MUT,MUT,MUT,GCB,MUT,MUT,MUT,MUT,MUT,MUT,MUT,MUT,MUT,MUT,0.0020107100107194,2.7379846471516e-11,0.9979892899619008,0.05,0.0,0.95,0.0,0.0,1.0,0.0,0.0,1.0,0.014371229,0.0031606047,0.9824682,3.4152948452639904e-19,5.890018477980357e-12,0.99999999999411,1.6616593684831992e-09,5.898239330631521e-10,0.9999999977485168,0.3407171001802637,0.2550620697288856,0.4042208300908506,0.1032948809401814,0.072377738340107,0.8243273832032383,1.0,MUT,MUT,MUT,MUT,MUT,MUT,MUT,MUT,MUT,MUT,MUT,MUT,MUT
GGGTGGAAGTAGCTAA,IDH2_Mut2,CLL8,CLL8,1,FRP.FFPEtest1_CLL8,False,WT,WT,WT,Memory -B,WT,WT,WT,WT,WT,WT,WT,WT,WT,WT,0.0402441810494415,0.9597558189489132,1.6453308577233445e-12,0.0,1.0,0.0,0.0,1.0,0.0,0.0,1.0,3.5353149974164957e-17,0.00066083367,0.9980247,0.0013145336,6.047789732976804e-05,0.9999395220117088,9.096145705671951e-11,5.015918936143206e-10,0.9999999955741412,3.9242669233636634e-09,0.3008319821987947,0.4366945843569015,0.2624734334443038,0.086264795400006,0.8341541340615043,0.0795810692967265,1.0,WT,WT,WT,WT,WT,WT,WT,WT,WT,WT,WT,WT,WT
GCCATTTCACCATACT,IDH2_Mut2,CLL8,CLL8,0,FRP.FFPEtest1_CLL8,True,WT,WT,WT,T-cell,WT,WT,WT,WT,WT,WT,WT,WT,WT,WT,7.71933501661429e-35,0.9999999804091284,1.9590871694687344e-08,0.0,1.0,0.0,0.0,1.0,0.0,0.0,1.0,8.90858522922438e-115,0.0009978405,0.9978721,0.001130051,9.86825002724286e-16,0.9999999999995726,4.266077470287448e-13,1.6271353211360675e-09,0.9999999939272926,4.445572099204399e-09,0.3008319821987947,0.4366945843569015,0.2624734334443038,0.0750595910648719,0.8514717239192421,0.0734686837741225,1.0,WT,WT,WT,WT,WT,WT,WT,WT,WT,WT,WT,WT,WT
TGGTTTGTCAGGCATG,IDH2_Mut2,CLL8,CLL8,1,FRP.FFPEtest1_CLL8,False,MUT,MUT,MUT,Memory -B,FalsePositive,MUT,MUT,FalsePositive,MUT,MUT,MUT,MUT,MUT,MUT,0.8474300064795266,0.0001004863280129,0.1524695071924605,0.07,0.0,0.93,0.0,0.0,1.0,0.999999999999986,0.0,1.7222143670033428e-14,0.0030709433,0.0016415213,0.99528754,7.416766835880035e-05,2.50329523837016e-05,0.9999007993792576,5.605900615649236e-09,4.955867225584255e-09,0.9999999894382322,0.3691870432219356,0.2557496657345122,0.3750632910435523,0.346227770554538,0.0844401221114022,0.5693321060922962,0.6666666666666666,MUT,FalsePositive,MUT,MUT,FalsePositive,MUT,MUT,MUT,MUT,MUT,MUT,MUT,MUT
GGACATAGTCATCCCT,IDH2_Mut2,CLL8,CLL8,0,FRP.FFPEtest1_CLL8,True,MUT,MUT,MUT,T-cell,FalsePositive,FalsePositive,FalsePositive,FalsePositive,FalsePositive,FalsePositive,FalsePositive,FalsePositive,FalsePositive,FalsePositive,0.9390498174871648,8.368578487377925e-05,0.0608664967279612,1.0,0.0,0.0,1.0,0.0,0.0,1.0,0.0,5.530232541900323e-16,0.9953218,0.0009737377,0.0037044312,0.9989029583429276,1.2227950151441172e-05,0.0010848137069209,0.9999999921050804,2.9002761260333213e-09,4.994643504281377e-09,0.390026237914759,0.2555378950870043,0.3544358669982366,0.8013678853114676,0.0824940796493193,0.1161380300721591,0.875,FalsePositive,FalsePositive,FalsePositive,FalsePositive,FalsePositive,FalsePositive,FalsePositive,FalsePositive,FalsePositive,FalsePositive,FalsePositive,FalsePositive,FalsePositive
GGACATAGTCATCCCT,IDH2_Mut2,CLL8,CLL8,0,FRP.FFPEtest1_CLL8,True,MUT,MUT,MUT,T-cell,FalsePositive,FalsePositive,FalsePositive,FalsePositive,FalsePositive,FalsePositive,FalsePositive,FalsePositive,FalsePositive,FalsePositive,0.9384042371635848,8.768830264294459e-05,0.0615080745337721,1.0,0.0,0.0,1.0,0.0,0.0,1.0,0.0,6.231667703113543e-16,0.9848289,0.005089296,0.010081825,0.9995923544845112,1.4843392328280913e-05,0.0003928021231604,0.9999999920306194,1.7438052521372607e-09,6.225575370199567e-09,0.3922768773059892,0.2554801199350547,0.352243002758956,0.8027047909797722,0.079337882944294,0.1179573208760493,1.0,FalsePositive,FalsePositive,FalsePositive,FalsePositive,FalsePositive,FalsePositive,FalsePositive,FalsePositive,FalsePositive,FalsePositive,FalsePositive,FalsePositive,FalsePositive
GCGGATTCATAAGCCA,IDH2_Mut2,CLL8,CLL8,1,FRP.FFPEtest1_CLL8,False,MUT,MUT,MUT,Memory -B,MUT,MUT,MUT,FalsePositive,MUT,MUT,MUT,MUT,MUT,MUT,0.1893748134675123,5.7995794261979086e-05,0.8105671907382257,0.0,0.0,1.0,0.0,0.0,1.0,0.9999591534279546,0.0,4.084657204591442e-05,0.005469904,0.0009657744,0.9935643,0.000256557103085,2.7381650731106967e-05,0.9997160612461838,7.696451516859599e-10,2.7695259491227304e-10,0.9999999989534024,0.3563027888733748,0.2555816670166798,0.3881155441099454,0.2547879745635697,0.0805638977755984,0.6646481276608317,0.875,MUT,MUT,MUT,MUT,FalsePositive,MUT,MUT,MUT,MUT,MUT,MUT,MUT,MUT
TAGGCGCAGCCATAAA,IDH2_Mut2,CLL8,CLL8,0,FRP.FFPEtest1_CLL8,True,WT,WT,WT,T-cell,WT,WT,WT,WT,WT,WT,WT,WT,WT,WT,7.28190777209367e-07,0.9999992716971666,1.1205620282039807e-10,0.0,1.0,0.0,0.0,1.0,0.0,0.0,1.0,1.0868851777755105e-35,0.00046837318,0.997962,0.001569608,0.0016281208219032,0.9983718790942234,8.387338294619918e-11,4.867510117131258e-10,0.9999999979837146,1.529534375577525e-09,0.2921243923841805,0.4370894188661474,0.2707861887496721,0.0848860100157585,0.8369666997525811,0.0781472902316606,1.0,WT,WT,WT,WT,WT,WT,WT,WT,WT,WT,WT,WT,WT
GGAGTCTCAATCAAAC,IDH2_Mut2,CLL8,CLL8,1,FRP.FFPEtest1_CLL8,False,WT,WT,WT,GCB,WT,WT,WT,WT,WT,WT,WT,WT,WT,WT,2.8507721815497277e-24,0.9999999909947472,9.005252978647247e-09,0.0,1.0,0.0,0.0,1.0,0.0,0.0,1.0,1.5647266728078459e-68,0.004566996,0.9910431,0.0043898704,9.305398766564368e-10,0.9999999986655784,4.0388179852849745e-10,9.458634543022447e-10,0.9999999976322276,1.4219089697264847e-09,0.2911591268866244,0.4367361927822311,0.2721046803311445,0.072795432214714,0.852515347075629,0.0746892203216061,1.0,WT,WT,WT,WT,WT,WT,WT,WT,WT,WT,WT,WT,WT
GACAAACTCCCAGTAC,IDH2_Mut2,CLL8,CLL8,1,FRP.FFPEtest1_CLL8,False,MUT,MUT,MUT,Memory -B,FalsePositive,FalsePositive,FalsePositive,FalsePositive,FalsePositive,FalsePositive,MUT,FalsePositive,FalsePositive,FalsePositive,0.970782247186763,1.5319922458680886e-05,0.0292024328907783,0.52,0.0,0.48,0.6555164635137859,0.0,0.3444835364862141,1.0,0.0,1.0109310877846765e-15,0.65029734,0.020217175,0.32948554,0.8886518363856845,1.275002910348594e-06,0.1113468886114051,0.1668021486749056,4.111385526603962e-06,0.8331937399395678,0.3905816801194257,0.2555242605155812,0.3538940593649931,0.709720137258254,0.0738067180975028,0.2164731473606006,1.0,MUT,FalsePositive,FalsePositive,FalsePositive,FalsePositive,FalsePositive,FalsePositive,MUT,FalsePositive,FalsePositive,FalsePositive,FalsePositive,FalsePositive
TAATAGGTCAAACTTC,IDH2_Mut2,CLL8,CLL8,1,FRP.FFPEtest1_CLL8,False,WT,WT,WT,GCB,WT,WT,WT,WT,WT,WT,WT,WT,WT,WT,0.0001248529455875,0.999875145518069,1.5363434059132499e-09,0.0,1.0,0.0,0.0,1.0,0.0,0.0,1.0,1.2154556772266907e-30,0.004324682,0.99111325,0.0045620236,9.10013857455459e-07,0.9999989561262692,1.3385987339443894e-07,3.9750723835000186e-10,0.9999999985892588,1.0132342440661224e-09,0.2746712661091162,0.4368025724436707,0.2885261614472131,0.0742923052333818,0.8407641703393395,0.0849435203139374,1.0,WT,WT,WT,WT,WT,WT,WT,WT,WT,WT,WT,WT,WT
TGAAACTCATTTGTTG,IDH2_Mut2,CLL8,CLL8,1,FRP.FFPEtest1_CLL8,False,WT,WT,WT,GCB,WT,WT,WT,WT,WT,WT,WT,WT,WT,WT,4.7215258906241827e-08,0.9999999521339644,6.507766667302296e-10,0.0,1.0,0.0,0.0,1.0,0.0,0.0,1.0,7.765526036532962e-35,0.0043254257,0.99128366,0.004390936,3.143953232937617e-06,0.999996842276486,1.3770280981113604e-08,9.4586253930852e-10,0.9999999976322296,1.421907824065147e-09,0.2835387078957057,0.436870988071181,0.2795903040331133,0.0747227954677519,0.8468913875442867,0.0783858165999103,1.0,WT,WT,WT,WT,WT,WT,WT,WT,WT,WT,WT,WT,WT
GACCCAAAGGATCCCT,IDH2_Mut2,CLL8,CLL8,1,FRP.FFPEtest1_CLL8,False,WT,WT,WT,Plasmacytic,WT,WT,WT,WT,WT,WT,WT,WT,WT,WT,0.0008378999877257,0.999162099983654,2.8620285269822752e-11,0.0,1.0,0.0,0.0,1.0,0.0,0.0,1.0,4.696283054110962e-16,0.0043254257,0.99128366,0.004390936,4.039842564328052e-06,0.999995944153163,1.6004272831728173e-08,9.458640985894235e-10,0.9999999976322398,1.4218962390150475e-09,0.2835387078957057,0.436870988071181,0.2795903040331133,0.0738419569345943,0.8444565497825471,0.0817014928948075,1.0,WT,WT,WT,WT,WT,WT,WT,WT,WT,WT,WT,WT,WT
GGGTGAGAGGATGGTT,IDH2_Mut2,CLL8,CLL8,1,FRP.FFPEtest1_CLL8,False,WT,WT,WT,Memory -B,WT,WT,WT,WT,WT,WT,WT,WT,WT,WT,1.5315597684955113e-15,0.9999999994357104,5.642878806517906e-10,0.0,1.0,0.0,0.0,1.0,0.0,0.0,1.0,5.178393971139644e-48,0.004670954,0.9909396,0.004389412,1.0764663850356405e-07,0.9999998881189102,4.234451349361073e-09,2.3089616738199573e-09,0.9999999945222262,3.168812155955333e-09,0.29976766827903,0.4363766994374921,0.2638556322834777,0.0754577559168318,0.8505832664644659,0.073958975988888,1.0,WT,WT,WT,WT,WT,WT,WT,WT,WT,WT,WT,WT,WT
GGGCTTAAGATGCAAC,IDH2_Mut2,CLL8,CLL8,1,FRP.FFPEtest1_CLL8,False,WT,WT,WT,GCB,WT,WT,WT,WT,WT,WT,WT,WT,WT,WT,1.6939976562569375e-31,0.999999995744366,4.2556340137200885e-09,0.0,1.0,0.0,0.0,1.0,0.0,0.0,1.0,1.0168139103799575e-97,0.0043279356,0.9912812,0.0043909247,6.9769178962774806e-12,0.9999999978042992,2.188723778078409e-09,4.175306802912491e-10,0.9999999954693386,4.1131306130937526e-09,0.29976766827903,0.4363766994374921,0.2638556322834777,0.0743458425143327,0.8536822481294465,0.0719719102099332,1.0,WT,WT,WT,WT,WT,WT,WT,WT,WT,WT,WT,WT,WT
TCGCCTCTCGAAGTTA,IDH2_Mut2,CLL8,CLL8,1,FRP.FFPEtest1_CLL8,False,MUT,MUT,MUT,Memory -B,FalsePositive,MUT,MUT,FalsePositive,MUT,MUT,MUT,MUT,MUT,MUT,0.7968602706614158,7.835522011857611e-05,0.2030613741184656,0.06,0.0,0.94,0.0,0.0,1.0,0.9999999999999504,0.0,4.9526179310885846e-14,0.011277661,0.005031546,0.9836908,6.41614291420446e-08,3.14022091899514e-07,0.9999996218164788,5.399322272901521e-09,2.336527326991099e-09,0.9999999922641504,0.3662172413522155,0.2557315355766302,0.3780512230711543,0.362013320110625,0.0776538794191772,0.5603328000045366,0.625,MUT,FalsePositive,MUT,MUT,FalsePositive,MUT,MUT,MUT,MUT,MUT,MUT,MUT,MUT
TTTGCTGAGGTAACTA,IDH2_Mut2,CLL8,CLL8,1,FRP.FFPEtest1_CLL8,False,MUT,MUT,MUT,GCB,MUT,MUT,MUT,FalsePositive,MUT,MUT,MUT,MUT,MUT,MUT,0.2583818404359058,4.900817951284432e-05,0.7415691513845813,0.0,0.0,1.0,0.0,0.0,1.0,0.9999999754636912,0.0,2.4536307108828753e-08,0.009250782,0.005971365,0.9847779,3.164562008370384e-13,3.3070621052511003e-10,0.9999999996689772,4.308472917599368e-09,1.3849758200062203e-09,0.9999999943065512,0.3431123923637866,0.2551649126828543,0.4017226949533589,0.2618315372775571,0.0749710344301227,0.6631974299803427,0.875,MUT,MUT,MUT,MUT,FalsePositive,MUT,MUT,MUT,MUT,MUT,MUT,MUT,MUT
TGACCTATCATAATGG,IDH2_Mut2,CLL8,CLL8,1,FRP.FFPEtest1_CLL8,False,WT,WT,WT,Memory -B,WT,WT,WT,WT,WT,WT,WT,WT,WT,WT,5.491970064650918e-07,0.9999994507513376,5.165590124474929e-11,0.0,1.0,0.0,0.0,1.0,0.0,0.0,1.0,1.020240931049456e-35,0.0042835036,0.9913254,0.0043911203,0.0002696564779195,0.9997303293674744,1.4154605825986326e-08,5.926523252662725e-10,0.9999999979854576,1.4218898924413362e-09,0.2925291236471912,0.436693493896423,0.2707773824563858,0.0799683661603482,0.8459149763315784,0.0741166571200222,1.0,WT,WT,WT,WT,WT,WT,WT,WT,WT,WT,WT,WT,WT
GGATGGCTCGCTTGAC,IDH2_Mut2,CLL8,CLL8,0,FRP.FFPEtest1_CLL8,True,WT,WT,WT,T-cell,WT,WT,WT,WT,WT,WT,WT,WT,WT,WT,6.50216719185571e-11,0.999999999860816,7.416219905865671e-11,0.0,1.0,0.0,0.0,1.0,0.0,0.0,1.0,4.266198925185023e-41,0.0043279356,0.9912812,0.0043909247,1.02623817413673e-05,0.9999897282574632,9.360795356484928e-09,5.925990028965018e-10,0.9999999971088074,2.2985936161113917e-09,0.2964079378478595,0.43654266181122,0.2670494003409205,0.078832426234683,0.8479227842038073,0.0732447904152218,1.0,WT,WT,WT,WT,WT,WT,WT,WT,WT,WT,WT,WT,WT
TTCGAACGTATGGTAG,IDH2_Mut2,CLL8,CLL8,0,FRP.FFPEtest1_CLL8,True,WT,WT,WT,T-cell,WT,WT,WT,WT,WT,WT,WT,WT,WT,WT,1.223570108642614e-14,0.9999999999318442,6.81435771620885e-11,0.0,1.0,0.0,0.0,1.0,0.0,0.0,1.0,9.167594778438656e-49,0.0044283234,0.99118114,0.004390482,1.0932696906117928e-06,0.9999988715976644,3.5132645005442395e-08,1.5794454225897383e-09,0.9999999967378916,1.6826628597774332e-09,0.3070391675105903,0.4359075768956544,0.2570532555937553,0.0809607331647919,0.8475054880154503,0.07153377959586,1.0,WT,WT,WT,WT,WT,WT,WT,WT,WT,WT,WT,WT,WT
GAGTAACTCACGTTAT,IDH2_Mut2,CLL8,CLL8,1,FRP.FFPEtest1_CLL8,False,MUT,MUT,MUT,CD24+ -B,FalsePositive,FalsePositive,FalsePositive,FalsePositive,FalsePositive,FalsePositive,FalsePositive,FalsePositive,FalsePositive,FalsePositive,0.9213790796905884,6.679453227496962e-05,0.0785541257771365,0.58,0.0,0.42,1.0,0.0,0.0,1.0,0.0,1.585939991961135e-15,0.945817,0.009033018,0.045149997,0.9995977829368288,3.4819837555973576e-06,0.0003987350794157,0.99995327979641,1.358012610043782e-08,4.670662346388391e-05,0.3878941952822433,0.2555864238496887,0.3565193808680678,0.760934061474877,0.0776297680781694,0.1614361683514777,1.0,MUT,FalsePositive,FalsePositive,FalsePositive,FalsePositive,FalsePositive,FalsePositive,FalsePositive,FalsePositive,FalsePositive,FalsePositive,FalsePositive,FalsePositive
GCCCATAGTTGAGTCT,IDH2_Mut2,CLL8,CLL8,1,FRP.FFPEtest1_CLL8,False,WT,WT,WT,GCB,WT,WT,WT,WT,WT,WT,WT,WT,WT,WT,1.6573339565219897e-19,0.9999999991334704,8.665295513157098e-10,0.0,1.0,0.0,0.0,1.0,0.0,0.0,1.0,1.2000801234185466e-57,0.0042835036,0.9913254,0.0043911203,2.370752093407703e-07,0.9999997616323496,1.292441041113399e-09,5.926532660931267e-10,0.9999999979854546,1.4218922599093047e-09,0.2925291236471912,0.436693493896423,0.2707773824563858,0.0751056043392808,0.851314002533471,0.0735803927391972,1.0,WT,WT,WT,WT,WT,WT,WT,WT,WT,WT,WT,WT,WT
GGCAGGTTCTTGATCG,IDH2_Mut2,CLL8,CLL8,0,FRP.FFPEtest1_CLL8,True,WT,WT,WT,T-cell,WT,WT,WT,WT,WT,WT,WT,WT,WT,WT,2.9336524309309873e-14,0.999999999971542,2.842865449021079e-11,0.0,1.0,0.0,0.0,1.0,0.0,0.0,1.0,5.071291881193752e-49,0.004413318,0.99119616,0.004390548,1.3579021546016445e-07,0.999999427996704,4.362130803069197e-07,1.5694655304949782e-09,0.99999999785083,5.797044646216813e-10,0.3048766511117914,0.4360626135048302,0.2590607353833782,0.0832178790964332,0.8456435751004361,0.0711385486941112,1.0,WT,WT,WT,WT,WT,WT,WT,WT,WT,WT,WT,WT,WT
GGTGTTTGTAAGGCTA,NOTCH1,CLL8,CLL8,0,FRP.FFPEtest1_CLL8,True,WT,WT,WT,T-cell,WT,WT,WT,WT,WT,WT,WT,WT,WT,WT,0.1569987422132801,0.8226631669988351,0.0203380907878846,0.0,1.0,0.0,0.0,1.0,0.0,0.0,1.0,8.549755432260609e-77,0.0038042176,0.99237293,0.003822831,9.36576222116992e-07,0.9999990454532433,1.7970534856618243e-08,2.679125031121684e-09,0.9999999968689222,4.5195267461466463e-10,0.2697431523522167,0.4823466385193127,0.2479102091284706,0.0672447824947716,0.8763480595317087,0.0564071588126802,1.0,WT,WT,WT,WT,WT,WT,WT,WT,WT,WT,WT,WT,WT
TGCGCTAGTAACTTGC,NOTCH1,CLL8,CLL8,0,FRP.FFPEtest1_CLL8,True,WT,WT,WT,T-cell,WT,WT,WT,WT,WT,WT,WT,WT,WT,WT,0.3233947858837521,0.6420685269873716,0.0345366871288763,0.0,1.0,0.0,0.0,1.0,0.0,0.0,1.0,2.978676012344519e-52,0.0038042176,0.99237293,0.003822831,0.00021175650411,0.9997506237872008,3.761970868882664e-05,9.420845374409911e-10,0.9999999986836112,3.743041587671731e-10,0.2697431523522167,0.4823466385193127,0.2479102091284706,0.0949030952055855,0.8472746637980025,0.0578222449642341,1.0,WT,WT,WT,WT,WT,WT,WT,WT,WT,WT,WT,WT,WT
GTGCTCAGTGACCTAT,NOTCH1,CLL8,CLL8,1,FRP.FFPEtest1_CLL8,False,MUT,MUT,MUT,GCB,FalsePositive,MUT,FalsePositive,FalsePositive,MUT,MUT,MUT,MUT,MUT,MUT,0.6138075602173056,0.0110840639153342,0.37510837586736,0.0,0.0,1.0,0.6117560422784026,0.0,0.3882439577215974,1.0,0.0,7.39840434590508e-19,0.0201439,0.011836162,0.9680199,0.0156694104568314,2.4304451993305536e-07,0.9843303464986486,5.775675697105594e-09,1.9944929819412554e-09,0.9999999922298314,0.3633816447975379,0.2557027703816085,0.3809155848208536,0.4575531071319223,0.0582131007995795,0.4842337888355476,0.625,MUT,MUT,MUT,FalsePositive,FalsePositive,MUT,MUT,MUT,MUT,MUT,MUT,MUT,MUT
AAGTGAACAAGCTAAT,NOTCH1,CLL8,CLL8,1,FRP.FFPEtest1_CLL8,False,WT,WT,WT,GCB,WT,WT,WT,WT,WT,WT,WT,WT,WT,WT,0.0381900023667293,0.8534319577010933,0.1083780399321775,0.0,1.0,0.0,0.0,1.0,0.0,0.0,1.0,3.350061863676255e-41,0.0038042176,0.99237293,0.003822831,2.5992902577493865e-06,0.999997333697144,6.701259838450419e-08,5.938034447753756e-11,0.9999999982064792,1.734140441180992e-09,0.2479102091284706,0.4823466385193127,0.2697431523522167,0.0594353271198175,0.8765211394381245,0.064043531490889,1.0,WT,WT,WT,WT,WT,WT,WT,WT,WT,WT,WT,WT,WT
GTCACTCAGTACGGGC,NOTCH1,CLL8,CLL8,1,FRP.FFPEtest1_CLL8,False,WT,WT,WT,GCB,WT,WT,WT,WT,WT,WT,WT,WT,WT,WT,0.0464605892549895,0.91930606356474,0.0342333471802705,0.0,1.0,0.0,0.0,1.0,0.0,0.0,1.0,1.617959560231175e-99,0.0038042176,0.99237293,0.003822831,1.2013037053850074e-07,0.9999998768547524,3.014877182773018e-09,5.1486693314527207e-11,0.9999999983789114,1.5696019275963984e-09,0.2479102091284706,0.4823466385193127,0.2697431523522167,0.058410711949157,0.8831774899173404,0.0584117964466931,1.0,WT,WT,WT,WT,WT,WT,WT,WT,WT,WT,WT,WT,WT
GGAAGTAAGCCATTTG,NOTCH1,CLL8,CLL8,0,FRP.FFPEtest1_CLL8,True,WT,WT,WT,Macrophage,WT,WT,WT,WT,WT,WT,WT,WT,WT,WT,0.069335490060516,0.8280909072898527,0.1025736026496313,0.0,1.0,0.0,0.0,1.0,0.0,0.0,1.0,2.921117616959197e-60,0.0038042176,0.99237293,0.003822831,6.104707256777086e-05,0.9999388154282548,1.3749917736105858e-07,4.2158383999599086e-11,0.9999999986479202,1.3099214816008279e-09,0.2479102091284706,0.4823466385193127,0.2697431523522167,0.0602807181538012,0.8754259549519251,0.0642933254875884,1.0,WT,WT,WT,WT,WT,WT,WT,WT,WT,WT,WT,WT,WT
AGGTGAGCAACCCTAT,NOTCH1,CLL8,CLL8,1,FRP.FFPEtest1_CLL8,False,WT,WT,WT,GCB,WT,WT,WT,WT,WT,WT,WT,WT,WT,WT,0.1364543828280116,0.7865798086674993,0.0769658085044889,0.0,1.0,0.0,0.0,1.0,0.0,0.0,1.0,2.4669785532146828e-55,0.0038042176,0.99237293,0.003822831,3.357994032624033e-05,0.9999075700356528,5.885002402092781e-05,5.305801051771945e-11,0.999999997980493,1.966448950081949e-09,0.2645003592160162,0.4825071678198143,0.2529924729641694,0.0658794929242799,0.8721735921470541,0.0619469126755446,1.0,WT,WT,WT,WT,WT,WT,WT,WT,WT,WT,WT,WT,WT
GACCCAAAGGATCCCT,NOTCH1,CLL8,CLL8,1,FRP.FFPEtest1_CLL8,False,MUT,MUT,MUT,Plasmacytic,MUT,MUT,MUT,FalsePositive,MUT,MUT,MUT,MUT,MUT,MUT,0.3681691778495099,0.0640475701588446,0.5677832519916454,0.0,0.0,1.0,0.0,0.0,1.0,0.9999999999989484,0.0,1.0517283583364436e-12,0.0067123896,0.0036135318,0.9896741,2.240899242147202e-06,7.814256189176569e-08,0.999997680958196,1.870891187104545e-09,2.411870713847228e-09,0.999999995717238,0.3560229248047887,0.2555754217585977,0.3884016534366136,0.2647039585673328,0.0625010706585039,0.6727949740071134,0.875,MUT,MUT,MUT,MUT,FalsePositive,MUT,MUT,MUT,MUT,MUT,MUT,MUT,MUT
TGGTGTGAGGTTTCCA,NOTCH1,CLL8,CLL8,0,FRP.FFPEtest1_CLL8,True,WT,WT,WT,T-cell,WT,WT,WT,WT,WT,WT,WT,WT,WT,WT,0.3273162075910005,0.6391541115342286,0.0335296808747709,0.0,1.0,0.0,0.0,1.0,0.0,0.0,1.0,2.8699744022535027e-52,0.0038042176,0.99237293,0.003822831,0.0002125251524605,0.9997455441328232,4.193071471642628e-05,8.748591891750188e-10,0.9999999985963368,5.288038831138377e-10,0.2697431523522167,0.4823466385193127,0.2479102091284706,0.095696895562243,0.8465478632257663,0.0577552464143004,1.0,WT,WT,WT,WT,WT,WT,WT,WT,WT,WT,WT,WT,WT
GGTGGATGTTAGTTTG,NOTCH1,CLL8,CLL8,1,FRP.FFPEtest1_CLL8,False,WT,WT,WT,CD24+ -B,WT,WT,WT,WT,WT,WT,WT,WT,WT,WT,0.0403980251008743,0.94238084626888,0.0172211286302456,0.0,1.0,0.0,0.0,1.0,0.0,0.0,1.0,5.036517676127063e-130,0.0038042176,0.99237293,0.003822831,1.926677050954917e-08,0.9999999780586264,2.674603147404606e-09,2.627288351516534e-10,0.9999999973030448,2.4342263133952547e-09,0.2645003592160162,0.4825071678198143,0.2529924729641694,0.0584992449523919,0.8845377703133326,0.0569629854545953,1.0,WT,WT,WT,WT,WT,WT,WT,WT,WT,WT,WT,WT,WT
ACAGCCGCATTGTGAG,NOTCH1,CLL8,CLL8,1,FRP.FFPEtest1_CLL8,False,MUT,MUT,MUT,Memory -B,FalsePositive,MUT,MUT,FalsePositive,MUT,MUT,MUT,MUT,MUT,MUT,0.4885652883597904,0.1185325456208949,0.3929021660193146,0.0,0.0,1.0,0.0,0.0,1.0,1.0,0.0,2.1081631627468616e-16,0.0053538186,0.003565492,0.9910807,0.0001475215130988,1.4383896080309993e-05,0.999838094590821,1.935553983941167e-09,2.8844095977826723e-09,0.9999999951800363,0.3560229248047887,0.2555754217585977,0.3884016534366136,0.3022188492012409,0.0687397284623819,0.6290414266825491,0.7916666666666666,MUT,MUT,MUT,MUT,FalsePositive,MUT,MUT,MUT,MUT,MUT,MUT,MUT,MUT
GATCGATAGAAACTCA,NOTCH1,CLL8,CLL8,1,FRP.FFPEtest1_CLL8,False,MUT,MUT,MUT,GCB,MUT,MUT,MUT,FalsePositive,MUT,MUT,MUT,MUT,MUT,MUT,0.2656994301648256,0.1645875479401562,0.5697130218950184,0.0,0.0,1.0,0.0,0.0,1.0,0.9999999999699868,0.0,3.001935437531395e-11,0.005218841,0.0037747608,0.99100643,7.827144186742798e-05,5.155629366864945e-05,0.9998701722644638,3.2726255977120126e-09,2.9706257599490567e-09,0.9999999937567484,0.3560229248047887,0.2555754217585977,0.3884016534366136,0.2478703147656467,0.0749183202145846,0.6772113670182319,0.875,MUT,MUT,MUT,MUT,FalsePositive,MUT,MUT,MUT,MUT,MUT,MUT,MUT,MUT
AACTAAGTCGTGATGG,NOTCH1,CLL8,CLL8,0,FRP.FFPEtest1_CLL8,True,WT,WT,WT,T-cell,WT,WT,WT,WT,WT,WT,WT,WT,WT,WT,0.3612147651610539,0.6124606827678322,0.0263245520711138,0.0,1.0,0.0,0.0,1.0,0.0,0.0,1.0,1.9986198758691097e-52,0.0038042176,0.99237293,0.003822831,0.0013217734406715,0.998667680489324,1.0546070004607658e-05,8.74709815256677e-10,0.9999999985724372,5.528528215307708e-10,0.2697431523522167,0.4823466385193127,0.2479102091284706,0.1035916278123233,0.8388205046809815,0.0575878696458268,1.0,WT,WT,WT,WT,WT,WT,WT,WT,WT,WT,WT,WT,WT
TGCCCTGAGCATCTTG,NOTCH1,CLL8,CLL8,1,FRP.FFPEtest1_CLL8,False,MUT,MUT,MUT,GCB,FalsePositive,MUT,MUT,FalsePositive,MUT,MUT,MUT,FalsePositive,MUT,MUT,0.5222226795061444,0.0788141481066995,0.398963172387156,0.16,0.0,0.84,0.0,0.0,1.0,1.0,0.0,3.994248621345243e-15,0.26822037,0.058278866,0.6735008,0.0005297537091867,5.506364726569322e-06,0.9994647399260866,5.3195306425533536e-08,1.9474261143161912e-09,0.9999999448572676,0.3799274198024353,0.2557139491001973,0.3643586310973673,0.3378591916935951,0.064950765171329,0.5971900439014769,0.6666666666666666,MUT,MUT,MUT,MUT,FalsePositive,MUT,MUT,MUT,FalsePositive,MUT,MUT,MUT,MUT
GGCACAATCATTGCAT,NOTCH1,CLL8,CLL8,0,FRP.FFPEtest1_CLL8,True,WT,WT,WT,T-cell,WT,WT,WT,WT,WT,WT,WT,WT,WT,WT,0.0377774003826583,0.954066573179836,0.0081560264375055,0.0,1.0,0.0,0.0,1.0,0.0,0.0,1.0,1.0099641153016594e-167,0.0038042176,0.99237293,0.003822831,2.4964719211208813e-07,0.999999749984941,3.6786703828194565e-10,2.5062150403611664e-09,0.9999999970708112,4.2297374890570984e-10,0.2697431523522167,0.4823466385193127,0.2479102091284706,0.0590546982490031,0.8850772532466561,0.0558680482739354,1.0,WT,WT,WT,WT,WT,WT,WT,WT,WT,WT,WT,WT,WT
TCTGTAAGTCCTGAGC,NOTCH1,CLL8,CLL8,1,FRP.FFPEtest1_CLL8,False,WT,WT,WT,GCB,WT,WT,WT,WT,WT,WT,WT,WT,WT,WT,0.044041275553471,0.7565227901518057,0.1994359342947233,0.0,1.0,0.0,0.0,1.0,0.0,0.0,1.0,2.43569735789658e-30,0.0038042176,0.99237293,0.003822831,7.56637682980124e-05,0.999909978822174,1.4357409527968076e-05,5.6626608912893206e-11,0.999999997210666,2.7327073392111943e-09,0.2479102091284706,0.4823466385193127,0.2697431523522167,0.0627784070331112,0.8437775990435714,0.0934439953760837,1.0,WT,WT,WT,WT,WT,WT,WT,WT,WT,WT,WT,WT,WT
TGTCATCCAATTAGAC,NOTCH1,CLL8,CLL8,0,FRP.FFPEtest1_CLL8,True,WT,WT,WT,T-cell,WT,WT,WT,WT,WT,WT,WT,WT,WT,WT,0.2304499659397197,0.7429877718641086,0.0265622621961717,0.0,1.0,0.0,0.0,1.0,0.0,0.0,1.0,6.130728628966191e-61,0.0038042176,0.99237293,0.003822831,3.080758994737411e-05,0.999969149454472,4.295558048529193e-08,3.1844236214528954e-08,0.9999999680443904,1.1137343996644322e-10,0.2697431523522167,0.4823466385193127,0.2479102091284706,0.0765824087835059,0.8665245538005532,0.0568930397224195,1.0,WT,WT,WT,WT,WT,WT,WT,WT,WT,WT,WT,WT,WT
TGGAAACTCAGTTTAC,NOTCH1,CLL8,CLL8,1,FRP.FFPEtest1_CLL8,False,WT,WT,WT,CCDN2$^{hi}$ -B,WT,WT,WT,WT,WT,WT,WT,WT,WT,WT,0.1062075762282207,0.8234709284438934,0.0703214953278858,0.0,1.0,0.0,0.0,1.0,0.0,0.0,1.0,1.8942792588640133e-60,0.0038042176,0.99237293,0.003822831,7.177218349757822e-06,0.9999925865234642,2.3625818599832018e-07,5.148668932737528e-11,0.9999999983789098,1.569603463700872e-09,0.2479102091284706,0.4823466385193127,0.2697431523522167,0.062556082460819,0.8763428913318796,0.0611010235891692,1.0,WT,WT,WT,WT,WT,WT,WT,WT,WT,WT,WT,WT,WT
GAATCACAGCACGCAA,NOTCH1,CLL8,CLL8,0,FRP.FFPEtest1_CLL8,True,WT,WT,WT,Vascular EC,WT,WT,WT,WT,WT,WT,WT,WT,WT,WT,0.2884031762470459,0.668481852579037,0.0431149711739171,0.0,1.0,0.0,0.0,1.0,0.0,0.0,1.0,3.948450191770694e-52,0.0038042176,0.99237293,0.003822831,2.192885727443608e-05,0.999640822135302,0.0003372490074234,4.73069628888327e-10,0.9999999966209197,2.906010748540261e-09,0.2645003592160162,0.4825071678198143,0.2529924729641694,0.0872679348504266,0.8541307795459515,0.0586012875220495,1.0,WT,WT,WT,WT,WT,WT,WT,WT,WT,WT,WT,WT,WT
GCTGCTCCATCACAGA,NOTCH1,CLL8,CLL8,1,FRP.FFPEtest1_CLL8,False,WT,WT,WT,Plasmacytic,WT,WT,WT,WT,WT,WT,WT,WT,WT,WT,0.0352096786774148,0.9208822531298227,0.0439080681927623,0.0,1.0,0.0,0.0,1.0,0.0,0.0,1.0,2.143350995461801e-99,0.0038042176,0.99237293,0.003822831,5.818977988615136e-07,0.999999416218606,1.883595160224237e-09,5.1486693314527207e-11,0.9999999983789114,1.5696019275963984e-09,0.2479102091284706,0.4823466385193127,0.2697431523522167,0.0578508341817825,0.8830340163862666,0.0591151508374233,1.0,WT,WT,WT,WT,WT,WT,WT,WT,WT,WT,WT,WT,WT
GATTCGCTCGAAGTTA,NOTCH1,CLL8,CLL8,0,FRP.FFPEtest1_CLL8,True,WT,WT,WT,T-cell,WT,WT,WT,WT,WT,WT,WT,WT,WT,WT,0.0638589208139734,0.9001393609469034,0.0360017182391231,0.0,1.0,0.0,0.0,1.0,0.0,0.0,1.0,3.3903122297552005e-87,0.0038042176,0.99237293,0.003822831,5.413548010970764e-07,0.9999993728567108,8.57884879484598e-08,5.864476144179006e-10,0.9999999969788188,2.4347337600385314e-09,0.2645003592160162,0.4825071678198143,0.2529924729641694,0.05979699140591,0.8820295923909881,0.0581734209664286,1.0,WT,WT,WT,WT,WT,WT,WT,WT,WT,WT,WT,WT,WT
AACTGGCCATAGCCTT,NOTCH1,CLL8,CLL8,1,FRP.FFPEtest1_CLL8,False,MUT,MUT,MUT,GCB,FalsePositive,MUT,MUT,FalsePositive,FalsePositive,MUT,FalsePositive,FalsePositive,FalsePositive,FalsePositive,0.7411206622202478,0.0814808831031767,0.1773984546765754,0.18,0.0,0.82,0.0,0.0,1.0,1.0,0.0,3.482322064389029e-18,0.5985274,0.021750085,0.3797225,0.0215241631040596,1.9647749838486103e-05,0.978456189146102,0.8702809594412433,3.442526819863517e-05,0.1296846152905582,0.3874092586632355,0.2555966169623653,0.3569941243743993,0.5747801170711063,0.0621999025188904,0.3630199771697769,0.625,MUT,FalsePositive,MUT,MUT,FalsePositive,MUT,MUT,FalsePositive,FalsePositive,FalsePositive,FalsePositive,MUT,MUT
ATCATCAGTGGTGCAG,NOTCH1,CLL8,CLL8,1,FRP.FFPEtest1_CLL8,False,MUT,MUT,MUT,GCB,MUT,MUT,MUT,FalsePositive,MUT,MUT,MUT,MUT,MUT,MUT,0.3048591112204791,0.0822369982276576,0.6129038905518632,0.0,0.0,1.0,0.0,0.0,1.0,0.999999836141142,0.0,1.638588646616915e-07,0.010549925,0.0057530585,0.983697,4.954502298199633e-07,2.496244164344028e-07,0.9999992549253538,2.958142012072678e-09,4.092007604869102e-09,0.9999999929498504,0.3560229248047887,0.2555754217585977,0.3884016534366136,0.2467571783811722,0.0642578446792852,0.6889849755837895,0.875,MUT,MUT,MUT,MUT,FalsePositive,MUT,MUT,MUT,MUT,MUT,MUT,MUT,MUT
ATGGATCAGCTTTACG,NOTCH1,CLL8,CLL8,1,FRP.FFPEtest1_CLL8,False,WT,WT,WT,GCB,WT,WT,WT,WT,WT,WT,WT,WT,WT,WT,0.0695576380890107,0.7871572602364937,0.1432851016744957,0.0,1.0,0.0,0.0,1.0,0.0,0.0,1.0,7.598287988228984e-55,0.0038042176,0.99237293,0.003822831,0.0009294722412845,0.9990703285055408,1.9925317471770215e-07,4.2426639166790076e-11,0.9999999981560104,1.801562975165999e-09,0.2479102091284706,0.4823466385193127,0.2697431523522167,0.0610530503021372,0.8700681064443687,0.0688788452386178,1.0,WT,WT,WT,WT,WT,WT,WT,WT,WT,WT,WT,WT,WT
ATCCTTTGTTGAGCTT,NOTCH1,CLL8,CLL8,1,FRP.FFPEtest1_CLL8,False,WT,WT,WT,GCB,WT,WT,WT,WT,WT,WT,WT,WT,WT,WT,0.0347801947612872,0.7436774348936085,0.2215423703451042,0.0,1.0,0.0,0.0,1.0,0.0,0.0,1.0,2.4875361387744327e-53,0.0038042176,0.99237293,0.003822831,2.651325252431352e-05,0.9999675864006278,5.900346847775769e-06,4.388198985666512e-11,0.9999999987787028,1.1774150830433239e-09,0.2479102091284706,0.4823466385193127,0.2697431523522167,0.0588075811154306,0.8625145486688384,0.0786778683676377,1.0,WT,WT,WT,WT,WT,WT,WT,WT,WT,WT,WT,WT,WT
GAGCCTTTCCAATGAA,NOTCH1,CLL8,CLL8,1,FRP.FFPEtest1_CLL8,False,WT,WT,WT,CD24+ -B,WT,WT,WT,WT,WT,WT,WT,WT,WT,WT,0.1601209973801524,0.7942866568589392,0.0455923457609084,0.0,1.0,0.0,0.0,1.0,0.0,0.0,1.0,1.2787549692452404e-60,0.0038042176,0.99237293,0.003822831,8.287698121477926e-06,0.9999916761979624,3.6103916289450895e-08,6.857135899958807e-11,0.999999997386928,2.544500674541204e-09,0.2529924729641694,0.4825071678198143,0.2645003592160162,0.0678792811853212,0.8736833966811005,0.0584373199895962,1.0,WT,WT,WT,WT,WT,WT,WT,WT,WT,WT,WT,WT,WT
ATTTGGTTCATAATGG,NOTCH1,CLL8,CLL8,1,FRP.FFPEtest1_CLL8,False,MUT,MUT,MUT,GCB,FalsePositive,MUT,MUT,FalsePositive,MUT,MUT,MUT,MUT,MUT,MUT,0.4694848980124754,0.1215769670860669,0.4089381349014577,0.0,0.0,1.0,0.0,0.0,1.0,1.0,0.0,4.510489236669438e-16,0.0052211676,0.0035319396,0.9912469,0.0001410946172822,2.205013180853804e-05,0.9998368552509094,2.0565546649473908e-09,3.0648511131975262e-09,0.9999999948785944,0.3560229248047887,0.2555754217585977,0.3884016534366136,0.2900080960395674,0.0685693424225244,0.6414225691267321,0.7916666666666666,MUT,MUT,MUT,MUT,FalsePositive,MUT,MUT,MUT,MUT,MUT,MUT,MUT,MUT
TGGTGAAGTCGAAGTA,NOTCH1,CLL8,CLL8,1,FRP.FFPEtest1_CLL8,False,MUT,MUT,MUT,GCB,MUT,MUT,MUT,MUT,MUT,MUT,MUT,MUT,MUT,MUT,0.0798008827455916,0.0950771282327991,0.8251219890216093,0.0,0.01,0.99,0.0,0.0,1.0,7.147949093628325e-114,0.0,1.0,0.0052104047,0.0037745722,0.991015,1.1056338366952565e-06,5.545402164135151e-07,0.9999983398259468,7.38583324744705e-10,1.2042328775601792e-09,0.999999998057184,0.3560229248047887,0.2555754217585977,0.3884016534366136,0.090762938150688,0.0635658771915255,0.8456711833905572,1.0,MUT,MUT,MUT,MUT,MUT,MUT,MUT,MUT,MUT,MUT,MUT,MUT,MUT
TTGGCCAGTACCGTTG,NOTCH1,CLL8,CLL8,1,FRP.FFPEtest1_CLL8,False,MUT,MUT,MUT,GCB,MUT,MUT,MUT,FalsePositive,MUT,MUT,MUT,MUT,MUT,MUT,0.3975932763241424,0.1013575523474095,0.5010491713284481,0.0,0.0,1.0,0.0,0.0,1.0,0.999999999999986,0.0,1.4865442294504682e-14,0.0049011316,0.003533076,0.9915658,7.660031220412446e-06,1.1497649690552406e-06,0.9999911902038104,1.4722798802237791e-09,2.195084523916318e-09,0.9999999963326356,0.3560229248047887,0.2555754217585977,0.3884016534366136,0.2659759373191846,0.0659952361758561,0.6680288230979922,0.875,MUT,MUT,MUT,MUT,FalsePositive,MUT,MUT,MUT,MUT,MUT,MUT,MUT,MUT
GCATTGTGTCTACCAG,NOTCH1,CLL8,CLL8,0,FRP.FFPEtest1_CLL8,True,WT,WT,WT,T-cell,WT,WT,WT,WT,WT,WT,WT,WT,WT,WT,0.2197884721438008,0.733900640571913,0.0463108872842863,0.0,1.0,0.0,0.0,1.0,0.0,0.0,1.0,1.84070168109786e-55,0.0038042176,0.99237293,0.003822831,0.00127512629169,0.9987248082571496,6.545116037913301e-08,5.186428150970645e-10,0.9999999980920538,1.3893032391025995e-09,0.2529924729641694,0.4825071678198143,0.2645003592160162,0.076360994727182,0.8647370756892779,0.0589019267071115,1.0,WT,WT,WT,WT,WT,WT,WT,WT,WT,WT,WT,WT,WT
GACCTTCAGGAACCAT,NOTCH1,CLL8,CLL8,1,FRP.FFPEtest1_CLL8,False,WT,WT,WT,GCB,WT,WT,WT,WT,WT,WT,WT,WT,WT,WT,0.1563325867866351,0.7331529010250379,0.1105145121883269,0.0,1.0,0.0,0.0,1.0,0.0,0.0,1.0,2.7391533417467563e-51,0.0038042176,0.99237293,0.003822831,0.0001967513241031,0.999791828464876,1.1420211020599245e-05,1.2702536613876095e-09,0.999999998360914,3.6883224393231696e-10,0.2529924729641694,0.4825071678198143,0.2645003592160162,0.0707920161924798,0.8646655151098811,0.0645424712781787,1.0,WT,WT,WT,WT,WT,WT,WT,WT,WT,WT,WT,WT,WT
GTTAGCGAGGGCGGAA,NOTCH1,CLL8,CLL8,1,FRP.FFPEtest1_CLL8,False,WT,WT,WT,CCDN2$^{hi}$ -B,WT,WT,WT,WT,WT,WT,WT,WT,WT,WT,0.0834854157088889,0.8541826266770798,0.0623319576140313,0.0,1.0,0.0,0.0,1.0,0.0,0.0,1.0,1.959955984285188e-67,0.0038042176,0.99237293,0.003822831,2.0063800957490565e-06,0.999997978349068,1.5270836169110196e-08,5.148668932737528e-11,0.9999999983789098,1.569603463700872e-09,0.2479102091284706,0.4823466385193127,0.2697431523522167,0.0612434851157416,0.878887186743431,0.0598693286149772,1.0,WT,WT,WT,WT,WT,WT,WT,WT,WT,WT,WT,WT,WT
AGATTAGTCAGTAGCG,NOTCH1,CLL8,CLL8,1,FRP.FFPEtest1_CLL8,False,MUT,MUT,MUT,GCB,FalsePositive,MUT,MUT,FalsePositive,MUT,MUT,MUT,MUT,MUT,MUT,0.4587329171501418,0.1234514402513895,0.4178156425984686,0.0,0.0,1.0,0.0,0.0,1.0,1.0,0.0,9.33083541878452e-16,0.004800781,0.0035334323,0.9916658,0.0001245151811145,2.674776602951344e-05,0.9998487370528558,2.0565546666360813e-09,3.064295318500801e-09,0.99999999487915,0.3560229248047887,0.2555754217585977,0.3884016534366136,0.2839427106165425,0.0685402456892432,0.647517048258665,0.7916666666666666,MUT,MUT,MUT,MUT,FalsePositive,MUT,MUT,MUT,MUT,MUT,MUT,MUT,MUT
TAGAAAGCAAGGAATA,NOTCH1,CLL8,CLL8,0,FRP.FFPEtest1_CLL8,True,WT,WT,WT,Vascular EC,WT,WT,WT,WT,WT,WT,WT,WT,WT,WT,0.2933829513206596,0.680019784659304,0.0265972640200363,0.0,1.0,0.0,0.0,1.0,0.0,0.0,1.0,8.275562095682309e-56,0.0038042176,0.99237293,0.003822831,0.0005389527029068,0.999460916388796,1.309082973294029e-07,4.709501235032518e-09,0.9999999940978544,1.1926443891510704e-09,0.2697431523522167,0.4823466385193127,0.2479102091284706,0.0881432957661113,0.8545379796543258,0.0573187269830544,1.0,WT,WT,WT,WT,WT,WT,WT,WT,WT,WT,WT,WT,WT
TGACTACGTGACCTGC,NOTCH1,CLL8,CLL8,1,FRP.FFPEtest1_CLL8,False,WT,WT,WT,GCB,WT,WT,WT,WT,WT,WT,WT,WT,WT,WT,0.0411446693831761,0.7557883927246912,0.2030669378921326,0.0,1.0,0.0,0.0,1.0,0.0,0.0,1.0,1.1485841026438283e-53,0.0038042176,0.99237293,0.003822831,2.956470106945379e-05,0.999967105616432,3.3296824985508843e-06,4.388198624506675e-11,0.9999999987787028,1.1774149861390907e-09,0.2479102091284706,0.4823466385193127,0.2697431523522167,0.0591190926415177,0.8650380689296671,0.0758428392388718,1.0,WT,WT,WT,WT,WT,WT,WT,WT,WT,WT,WT,WT,WT
TTTCATGCACTAGCGG,NOTCH1,CLL8,CLL8,0,FRP.FFPEtest1_CLL8,True,WT,WT,WT,Myo Fibro,WT,WT,WT,WT,WT,WT,WT,WT,WT,WT,0.23907485949558,0.7203688911413237,0.0405562493630962,0.0,1.0,0.0,0.0,1.0,0.0,0.0,1.0,8.645319045582452e-32,0.0038042176,0.99237293,0.003822831,0.0025502055371911,0.9974437340273468,6.060435461931746e-06,1.1774454029328322e-09,0.9999999973536762,1.468878360102743e-09,0.2697431523522167,0.4823466385193127,0.2479102091284706,0.086796339372266,0.8524179669018103,0.0607856951641379,1.0,WT,WT,WT,WT,WT,WT,WT,WT,WT,WT,WT,WT,WT
AGCGAACGTTGAGGAC,NOTCH1,CLL8,CLL8,1,FRP.FFPEtest1_CLL8,False,WT,WT,WT,CD24+ -B,WT,WT,WT,WT,WT,WT,WT,WT,WT,WT,0.1795571783270277,0.7305169411202794,0.0899258805526928,0.0,1.0,0.0,0.0,1.0,0.0,0.0,1.0,9.752008921195124e-52,0.0038042176,0.99237293,0.003822831,3.70303478601804e-05,0.9999471086816132,1.586097052677378e-05,5.148647472144803e-11,0.99999999837891,1.5696034537836096e-09,0.2479102091284706,0.4823466385193127,0.2697431523522167,0.0722690821546809,0.8650179058309285,0.0627130151733687,1.0,WT,WT,WT,WT,WT,WT,WT,WT,WT,WT,WT,WT,WT
GCGCTAAAGTCAAACA,NOTCH1,CLL8,CLL8,0,FRP.FFPEtest1_CLL8,True,WT,WT,WT,T-cell,WT,WT,WT,WT,WT,WT,WT,WT,WT,WT,0.0521198459394409,0.9344512200489344,0.0134289340116245,0.0,1.0,0.0,0.0,1.0,0.0,0.0,1.0,4.043779280116019e-130,0.0038042176,0.99237293,0.003822831,4.1499356741617474e-08,0.9999999561790632,2.3215799545937047e-09,1.0147977738108852e-09,0.9999999932677004,5.717501815529052e-09,0.2645003592160162,0.4825071678198143,0.2529924729641694,0.0596311602366213,0.8841495362220754,0.0562193050158974,1.0,WT,WT,WT,WT,WT,WT,WT,WT,WT,WT,WT,WT,WT
GTTTGTCCAATGGGAG,NOTCH1,CLL8,CLL8,0,FRP.FFPEtest1_CLL8,True,WT,WT,WT,T-cell,WT,WT,WT,WT,WT,WT,WT,WT,WT,WT,0.2125353795515026,0.7676177143349615,0.0198469061135358,0.0,1.0,0.0,0.0,1.0,0.0,0.0,1.0,4.597756684550466e-68,0.0038042176,0.99237293,0.003822831,1.2734835894016562e-05,0.999987255419406,9.744699763475234e-09,1.2494086729630075e-09,0.9999999981944958,5.560955111297568e-10,0.2697431523522167,0.4823466385193127,0.2479102091284706,0.0734328949848076,0.8698571685419357,0.0567099367667201,1.0,WT,WT,WT,WT,WT,WT,WT,WT,WT,WT,WT,WT,WT
TACGGGCAGTTGACCC,NOTCH1,CLL8,CLL8,0,FRP.FFPEtest1_CLL8,True,WT,WT,WT,T-cell,WT,WT,WT,WT,WT,WT,WT,WT,WT,WT,0.0752082055617837,0.915173897963722,0.0096178964744942,0.0,1.0,0.0,0.0,1.0,0.0,0.0,1.0,2.566922435139679e-130,0.0038042176,0.99237293,0.003822831,1.2343085494488756e-06,0.9999987653500252,3.4142542537327794e-10,1.959475532399103e-09,0.999999997390554,6.499705819113542e-10,0.2697431523522167,0.4823466385193127,0.2479102091284706,0.0610948993651032,0.8829967217034392,0.055908378000135,1.0,WT,WT,WT,WT,WT,WT,WT,WT,WT,WT,WT,WT,WT
TACCGGCGTGCGATAA,NOTCH1,CLL8,CLL8,1,FRP.FFPEtest1_CLL8,False,WT,WT,WT,GCB,WT,WT,WT,WT,WT,WT,WT,WT,WT,WT,0.0671655416367786,0.8785178317787347,0.0543166265844866,0.0,1.0,0.0,0.0,1.0,0.0,0.0,1.0,3.55349898898295e-76,0.0038042176,0.99237293,0.003822831,7.208240213993176e-07,0.9999992779425676,1.2334109994392723e-09,5.6867888414910547e-11,0.9999999983735288,1.5696033048729746e-09,0.2479102091284706,0.4823466385193127,0.2697431523522167,0.0603043643746683,0.880631586292942,0.0590640469761921,1.0,WT,WT,WT,WT,WT,WT,WT,WT,WT,WT,WT,WT,WT
TAACCCTCATGGCTAA,NOTCH1,CLL8,CLL8,0,FRP.FFPEtest1_CLL8,True,WT,WT,WT,T-cell,WT,WT,WT,WT,WT,WT,WT,WT,WT,WT,0.3345610469982016,0.6338177291081868,0.0316212238936115,0.0,1.0,0.0,0.0,1.0,0.0,0.0,1.0,2.725350379472912e-52,0.0038042176,0.99237293,0.003822831,0.0001863033373981,0.999748161416432,6.553524616982075e-05,6.484265790701443e-10,0.9999999987035948,6.479784580475244e-10,0.2697431523522167,0.4823466385193127,0.2479102091284706,0.0970613530361366,0.8452956779868274,0.0576429718655911,1.0,WT,WT,WT,WT,WT,WT,WT,WT,WT,WT,WT,WT,WT
TGCAAGCCAAGCTCAA,NOTCH1,CLL8,CLL8,0,FRP.FFPEtest1_CLL8,True,WT,WT,WT,T-cell,WT,WT,WT,WT,WT,WT,WT,WT,WT,WT,0.004833680613095,0.9933824101891776,0.0017839091977272,0.0,1.0,0.0,0.0,1.0,0.0,0.0,1.0,0.0,0.0038042176,0.99237293,0.003822831,9.975567689875956e-07,0.9999990023926804,5.055058440340536e-11,1.8474431628341201e-09,0.9999999950293874,3.1231693985149067e-09,0.2645003592160162,0.4825071678198143,0.2529924729641694,0.0573730656578513,0.8869168556300006,0.0557100797283569,1.0,WT,WT,WT,WT,WT,WT,WT,WT,WT,WT,WT,WT,WT
ATGTTTGGTGTCCTTC,NOTCH1,CLL8,CLL8,0,FRP.FFPEtest1_CLL8,True,WT,WT,WT,T-cell,WT,WT,WT,WT,WT,WT,WT,WT,WT,WT,0.2050141969830425,0.7630449145539692,0.0319408884629882,0.0,1.0,0.0,0.0,1.0,0.0,0.0,1.0,8.051529147565549e-61,0.0038042176,0.99237293,0.003822831,1.1464901108283173e-05,0.9999884435180276,9.158086408246665e-08,1.1378001024843608e-08,0.999999985725355,2.896643896467541e-09,0.2697431523522167,0.4823466385193127,0.2479102091284706,0.0730386795206314,0.8697415604346816,0.0572197628265281,1.0,WT,WT,WT,WT,WT,WT,WT,WT,WT,WT,WT,WT,WT
GTTGCGCGTACGGGCA,NOTCH1,CLL8,CLL8,1,FRP.FFPEtest1_CLL8,False,WT,WT,WT,GCB,WT,WT,WT,WT,WT,WT,WT,WT,WT,WT,0.0769826687588061,0.8558680928869855,0.0671492383542082,0.0,1.0,0.0,0.0,1.0,0.0,0.0,1.0,2.121042447986218e-67,0.0038042176,0.99237293,0.003822831,4.009723698476492e-06,0.9999959779807231,1.2295578341178671e-08,5.148668932737528e-11,0.9999999983789098,1.569603463700872e-09,0.2479102091284706,0.4823466385193127,0.2697431523522167,0.0603820092736578,0.8788858626034682,0.0607321285970238,1.0,WT,WT,WT,WT,WT,WT,WT,WT,WT,WT,WT,WT,WT
TTAAGCTTCCAACTAT,NOTCH1,CLL8,CLL8,0,FRP.FFPEtest1_CLL8,True,WT,WT,WT,T-cell,WT,WT,WT,WT,WT,WT,WT,WT,WT,WT,0.2946276538169321,0.6795058094891737,0.0258665366938942,0.0,1.0,0.0,0.0,1.0,0.0,0.0,1.0,8.648736617325229e-56,0.0038042176,0.99237293,0.003822831,0.0001447399344084,0.9998546386198672,6.21445724186855e-07,1.1304066088812221e-09,0.999999998204144,6.65449228516744e-10,0.2697431523522167,0.4823466385193127,0.2479102091284706,0.0877568747644027,0.8550290164838823,0.0572141091979738,1.0,WT,WT,WT,WT,WT,WT,WT,WT,WT,WT,WT,WT,WT
TAACCCTCAAACTGGC,NOTCH1,CLL8,CLL8,0,FRP.FFPEtest1_CLL8,True,WT,WT,WT,T-cell,WT,WT,WT,WT,WT,WT,WT,WT,WT,WT,0.1109839893479065,0.8681356248261354,0.0208803858259581,0.0,1.0,0.0,0.0,1.0,0.0,0.0,1.0,2.345574689172653e-87,0.0038042176,0.99237293,0.003822831,1.58438692794402e-07,0.9999998314290282,1.0132279177259078e-08,5.842234405756159e-10,0.9999999943883956,5.027381193551485e-09,0.2697431523522167,0.4823466385193127,0.2479102091284706,0.0633217902550779,0.8801174080358595,0.0565607995068728,1.0,WT,WT,WT,WT,WT,WT,WT,WT,WT,WT,WT,WT,WT
GCCCTTTGTTAAGGAT,NOTCH1,CLL8,CLL8,1,FRP.FFPEtest1_CLL8,False,MUT,MUT,MUT,GCB,MUT,MUT,MUT,MUT,MUT,MUT,MUT,MUT,MUT,MUT,0.0763704468989292,0.066270240319081,0.8573593127819896,0.0,0.01,0.99,0.0,0.0,1.0,1.6781071008240922e-151,0.0,1.0,0.0052104047,0.0037745722,0.991015,2.2676777696652335e-07,1.323779337427626e-07,0.9999996408542892,7.411447016409425e-10,1.2035522236324927e-09,0.9999999980553032,0.3560229248047887,0.2555754217585977,0.3884016534366136,0.0936564823424647,0.0617527998097789,0.8445907183510101,1.0,MUT,MUT,MUT,MUT,MUT,MUT,MUT,MUT,MUT,MUT,MUT,MUT,MUT
TGACTACGTTGTCAGT,NOTCH1,CLL8,CLL8,1,FRP.FFPEtest1_CLL8,False,WT,WT,WT,CD24+ -B,WT,WT,WT,WT,WT,WT,WT,WT,WT,WT,0.1245955380556053,0.8159226372209185,0.0594818247234762,0.0,1.0,0.0,0.0,1.0,0.0,0.0,1.0,1.576681188936428e-60,0.0038042176,0.99237293,0.003822831,2.0782037417870607e-06,0.9999974193335864,5.02462671798574e-07,5.148668932737528e-11,0.9999999983789098,1.569603463700872e-09,0.2479102091284706,0.4823466385193127,0.2697431523522167,0.0643316874660865,0.8759167256438753,0.0597515855827911,1.0,WT,WT,WT,WT,WT,WT,WT,WT,WT,WT,WT,WT,WT
AGTTACGCAGTAAGTT,NOTCH1,CLL8,CLL8,1,FRP.FFPEtest1_CLL8,False,WT,WT,WT,CD24+ -B,WT,WT,WT,WT,WT,WT,WT,WT,WT,WT,0.2087367932899664,0.743637054349398,0.0476261523606355,0.0,1.0,0.0,0.0,1.0,0.0,0.0,1.0,1.928409556517652e-55,0.0038042176,0.99237293,0.003822831,1.3955481986188834e-05,0.9999847423649842,1.3021530296161284e-06,6.509520144864444e-11,0.9999999966967316,3.238173150794507e-09,0.2529924729641694,0.4825071678198143,0.2645003592160162,0.0737391715072796,0.8674670770326368,0.0587937506209233,1.0,WT,WT,WT,WT,WT,WT,WT,WT,WT,WT,WT,WT,WT
ATAGGCTAGCTTCCTT,NOTCH1,CLL8,CLL8,1,FRP.FFPEtest1_CLL8,False,MUT,MUT,MUT,Memory -B,FalsePositive,MUT,MUT,FalsePositive,MUT,MUT,MUT,FalsePositive,FalsePositive,FalsePositive,0.7255522286086791,0.0396026972430129,0.2348450741483079,0.16,0.0,0.84,0.0,0.0,1.0,1.0,0.0,4.936701950946745e-18,0.16849913,0.012788268,0.8187126,0.0260768017675252,1.763196188139524e-06,0.9739214350362868,8.486961993006245e-09,1.1837536552700395e-09,0.9999999903292844,0.3874092586632355,0.2555966169623653,0.3569941243743993,0.4777914375603349,0.0579735267608921,0.4642350379925277,0.5,MUT,FalsePositive,MUT,MUT,FalsePositive,MUT,MUT,MUT,FalsePositive,FalsePositive,MUT,MUT,MUT
TTCCTCTAGATGCAAC,NOTCH1,CLL8,CLL8,0,FRP.FFPEtest1_CLL8,True,WT,WT,WT,T-cell,WT,WT,WT,WT,WT,WT,WT,WT,WT,WT,0.2254452739592078,0.7348075771100888,0.0397471489307032,0.0,1.0,0.0,0.0,1.0,0.0,0.0,1.0,1.519018053764146e-55,0.0038042176,0.99237293,0.003822831,1.933788972684297e-06,0.999720488325022,0.0002775778860052,2.5016229047073407e-10,0.999999999714552,3.528545371779299e-11,0.2645003592160162,0.4825071678198143,0.2529924729641694,0.0751323768755135,0.8667240029993931,0.0581436233556186,1.0,WT,WT,WT,WT,WT,WT,WT,WT,WT,WT,WT,WT,WT
TGAGTCTGTGCTCCTT,NOTCH1,CLL8,CLL8,0,FRP.FFPEtest1_CLL8,True,WT,WT,WT,T-cell,WT,WT,WT,WT,WT,WT,WT,WT,WT,WT,0.2148996579333704,0.7558312406754868,0.0292691013911427,0.0,1.0,0.0,0.0,1.0,0.0,0.0,1.0,7.334081038241631e-61,0.0038042176,0.99237293,0.003822831,4.377694225969969e-06,0.9999951739464348,4.483593392172035e-07,9.090487953736342e-09,0.9999999859685352,4.940976959665035e-09,0.2697431523522167,0.4823466385193127,0.2479102091284706,0.0740165467426159,0.8689153558995691,0.057068103959534,1.0,WT,WT,WT,WT,WT,WT,WT,WT,WT,WT,WT,WT,WT
GGAATAACACGTTACT,NOTCH1,CLL8,CLL8,0,FRP.FFPEtest1_CLL8,True,WT,WT,WT,T-cell,WT,WT,WT,WT,WT,WT,WT,WT,WT,WT,0.0839101359283914,0.9033590466321056,0.012730817439503,0.0,1.0,0.0,0.0,1.0,0.0,0.0,1.0,3.6424860340358946e-114,0.0038042176,0.99237293,0.003822831,3.775106841567914e-07,0.9999996211460744,1.3432412564595436e-09,8.051737015548343e-08,0.999999919084656,3.9797360645100487e-10,0.2697431523522167,0.4823466385193127,0.2479102091284706,0.0617141402621447,0.8822967951659823,0.0559890673561392,1.0,WT,WT,WT,WT,WT,WT,WT,WT,WT,WT,WT,WT,WT
TACGTCCAGCAACTTT,NOTCH1,CLL8,CLL8,1,FRP.FFPEtest1_CLL8,False,WT,WT,WT,GCB,WT,WT,WT,WT,WT,WT,WT,WT,WT,WT,0.0726253480322687,0.734618990098872,0.1927556618688591,0.0,1.0,0.0,0.0,1.0,0.0,0.0,1.0,4.091619500335184e-51,0.0038042176,0.99237293,0.003822831,0.0031373046951245,0.9968607386009066,1.956703968813479e-06,5.688577003713202e-11,0.9999999983737003,1.569413669881244e-09,0.2479102091284706,0.4823466385193127,0.2697431523522167,0.0630284063687047,0.861158552601924,0.0758130391545994,1.0,WT,WT,WT,WT,WT,WT,WT,WT,WT,WT,WT,WT,WT
AGTGATGGTCCTTCGT,NOTCH1,CLL8,CLL8,1,FRP.FFPEtest1_CLL8,False,MUT,MUT,MUT,Memory -B,FalsePositive,MUT,MUT,FalsePositive,FalsePositive,MUT,MUT,FalsePositive,FalsePositive,FalsePositive,0.6485758287719077,0.1072419049156779,0.2441822663124143,0.42,0.0,0.58,0.0,0.0,1.0,1.0,0.0,6.440533608166634e-18,0.9384557,0.010669192,0.05087505,0.0160206347332155,6.0296552002610776e-05,0.983919068714782,0.000214602101148,2.84732277026967e-07,0.9997851131665748,0.3874092586632355,0.2555966169623653,0.3569941243743993,0.524739554564707,0.0654353719484471,0.4098250751263617,0.6666666666666666,MUT,FalsePositive,MUT,MUT,FalsePositive,FalsePositive,MUT,MUT,FalsePositive,FalsePositive,FalsePositive,FalsePositive,FalsePositive
AGTGATGGTAGCCAAA,NOTCH1,CLL8,CLL8,1,FRP.FFPEtest1_CLL8,False,WT,WT,WT,CCDN2$^{hi}$ -B,WT,WT,WT,WT,WT,WT,WT,WT,WT,WT,0.1233967006586192,0.8170753829532562,0.0595279163881247,0.0,1.0,0.0,0.0,1.0,0.0,0.0,1.0,1.4954826344529312e-60,0.0038042176,0.99237293,0.003822831,2.8112276318935624e-06,0.9999961053929202,1.0833794478103191e-06,5.148668932737528e-11,0.9999999983789098,1.569603463700872e-09,0.2479102091284706,0.4823466385193127,0.2697431523522167,0.0637369295063401,0.8759887459454521,0.0602743235999081,1.0,WT,WT,WT,WT,WT,WT,WT,WT,WT,WT,WT,WT,WT
GGATGTCCAGATAGCC,NOTCH1,CLL8,CLL8,0,FRP.FFPEtest1_CLL8,True,WT,WT,WT,Macrophage,WT,WT,WT,WT,WT,WT,WT,WT,WT,WT,0.1725289497161142,0.7855164809162326,0.0419545693676532,0.0,1.0,0.0,0.0,1.0,0.0,0.0,1.0,1.1532206916296135e-60,0.0038042176,0.99237293,0.003822831,4.581295030200296e-05,0.9999541778772042,9.172493879982737e-09,3.5359380067306093e-10,0.9999999993105984,3.3580771859500806e-10,0.2529924729641694,0.4825071678198143,0.2645003592160162,0.0693472981885918,0.8724654782075714,0.0581872194153105,1.0,WT,WT,WT,WT,WT,WT,WT,WT,WT,WT,WT,WT,WT
TCAGGCAAGAAAGGCA,NOTCH1,CLL8,CLL8,1,FRP.FFPEtest1_CLL8,False,WT,WT,WT,GCB,WT,WT,WT,WT,WT,WT,WT,WT,WT,WT,0.0658758484592098,0.8527079662120788,0.0814161853287112,0.0,1.0,0.0,0.0,1.0,0.0,0.0,1.0,7.058789853059089e-67,0.0038042176,0.99237293,0.003822831,2.097463798363676e-06,0.9999978828761282,1.9660073501355813e-08,8.854196329747063e-11,0.9999999952973988,4.6140591171525915e-09,0.2529924729641694,0.4825071678198143,0.2645003592160162,0.0602937940021193,0.87866312358574,0.0610430801129381,1.0,WT,WT,WT,WT,WT,WT,WT,WT,WT,WT,WT,WT,WT
AAATCACCATGTTTCA,NOTCH1,CLL8,CLL8,1,FRP.FFPEtest1_CLL8,False,MUT,MUT,MUT,GCB,MUT,MUT,MUT,FalsePositive,MUT,MUT,MUT,MUT,MUT,MUT,0.3718271417356487,0.1266529736372783,0.501519884627073,0.0,0.0,1.0,0.0,0.0,1.0,0.9999999999999716,0.0,2.1987998411380502e-14,0.006500536,0.0035273975,0.9899721,0.0002513515592591,2.457215679396356e-05,0.9997240762839468,2.465836614919197e-09,3.677833891601769e-09,0.9999999938563296,0.3560229248047887,0.2555754217585977,0.3884016534366136,0.2757484561575914,0.0697905969461137,0.654460950764679,0.875,MUT,MUT,MUT,MUT,FalsePositive,MUT,MUT,MUT,MUT,MUT,MUT,MUT,MUT
AGGTGGGAGGCAATCG,NOTCH1,CLL8,CLL8,0,FRP.FFPEtest1_CLL8,True,WT,WT,WT,T-cell,WT,WT,WT,WT,WT,WT,WT,WT,WT,WT,0.2396125582859145,0.7447572936581905,0.0156301480558949,0.0,1.0,0.0,0.0,1.0,0.0,0.0,1.0,3.8009816250825846e-68,0.0038042176,0.99237293,0.003822831,2.9388982832657974e-06,0.9999968476829976,2.1341871929522013e-07,3.024573229044874e-08,0.9999999696170164,1.3725119521180323e-10,0.2697431523522167,0.4823466385193127,0.2479102091284706,0.0768185564808513,0.8670014425501664,0.0561800046894219,1.0,WT,WT,WT,WT,WT,WT,WT,WT,WT,WT,WT,WT,WT
AGGTGAGCATCCCTCT,NOTCH1,CLL8,CLL8,1,FRP.FFPEtest1_CLL8,False,WT,WT,WT,GCB,WT,WT,WT,WT,WT,WT,WT,WT,WT,WT,0.1118132343304475,0.8565074611799455,0.0316793044896069,0.0,1.0,0.0,0.0,1.0,0.0,0.0,1.0,1.480351667939342e-76,0.0038042176,0.99237293,0.003822831,8.880188602536335e-07,0.9999991090079756,2.973164080463546e-09,6.421300554485703e-11,0.9999999958746856,4.061101480373145e-09,0.2529924729641694,0.4825071678198143,0.2645003592160162,0.0633001163090612,0.8792159092033196,0.0574839727474524,1.0,WT,WT,WT,WT,WT,WT,WT,WT,WT,WT,WT,WT,WT
GACCAATAGATGCCTC,NOTCH1,CLL8,CLL8,1,FRP.FFPEtest1_CLL8,False,MUT,MUT,MUT,GCB,MUT,MUT,MUT,FalsePositive,MUT,MUT,MUT,MUT,MUT,MUT,0.386226638195965,0.0638141343478273,0.5499592274562076,0.0,0.0,1.0,0.0,0.0,1.0,0.999999999999872,0.0,1.2079504474508105e-13,0.0049011316,0.003533076,0.9915658,4.34753304133965e-06,8.35133472684019e-08,0.9999955689536116,1.870891188049796e-09,2.4119283630485916e-09,0.9999999957171803,0.3560229248047887,0.2555754217585977,0.3884016534366136,0.2673798523831318,0.0625105427721659,0.6701096082449999,0.875,MUT,MUT,MUT,MUT,FalsePositive,MUT,MUT,MUT,MUT,MUT,MUT,MUT,MUT
GATTGTGCATTGAGAT,NOTCH1,CLL8,CLL8,0,FRP.FFPEtest1_CLL8,True,WT,WT,WT,Macrophage,WT,WT,WT,WT,WT,WT,WT,WT,WT,WT,0.3103199319817377,0.667029232642345,0.0226508353759172,0.0,1.0,0.0,0.0,1.0,0.0,0.0,1.0,7.58849300100969e-56,0.0038042176,0.99237293,0.003822831,9.05013671546362e-05,0.9999073543880314,2.144244813878127e-06,9.317332231928687e-10,0.999999998583929,4.843378785256469e-10,0.2697431523522167,0.4823466385193127,0.2479102091284706,0.0904115404943538,0.8525632698124187,0.0570251920215339,1.0,WT,WT,WT,WT,WT,WT,WT,WT,WT,WT,WT,WT,WT
GGCCATTTCGTGATGG,NOTCH1,CLL8,CLL8,1,FRP.FFPEtest1_CLL8,False,MUT,MUT,MUT,Memory -B,FalsePositive,MUT,MUT,FalsePositive,MUT,MUT,MUT,FalsePositive,FalsePositive,MUT,0.6792539011613287,0.0840555902518091,0.2366905085868621,0.2,0.0,0.8,0.0,0.0,1.0,1.0,0.0,6.85261613478112e-18,0.23167206,0.0133192055,0.75500876,0.0056901489808547,7.726156786182206e-06,0.9943021248623592,5.922729328085839e-09,3.045720611027548e-10,0.9999999937726988,0.3874092586632355,0.2555966169623653,0.3569941243743993,0.4371530479420056,0.0631688711250661,0.4996780819394359,0.5,MUT,FalsePositive,MUT,MUT,FalsePositive,MUT,MUT,MUT,FalsePositive,FalsePositive,MUT,MUT,MUT
TAAGAAGCATCGTTCG,NOTCH1,CLL8,CLL8,0,FRP.FFPEtest1_CLL8,True,WT,WT,WT,T-cell,WT,WT,WT,WT,WT,WT,WT,WT,WT,WT,0.3456450609199309,0.6249763529667692,0.0293785861132997,0.0,1.0,0.0,0.0,1.0,0.0,0.0,1.0,2.4204200338576214e-52,0.0038042176,0.99237293,0.003822831,0.0004531034245551,0.9995200904867424,2.680608870212943e-05,1.276228949437074e-09,0.9999999980571276,6.666437295989942e-10,0.2697431523522167,0.4823466385193127,0.2479102091284706,0.0998232223122279,0.842673449037028,0.0575033326986018,1.0,WT,WT,WT,WT,WT,WT,WT,WT,WT,WT,WT,WT,WT
AGCAGCCAGCTCGACT,NOTCH1,CLL8,CLL8,0,FRP.FFPEtest1_CLL8,True,WT,WT,WT,T-cell,WT,WT,WT,WT,WT,WT,WT,WT,WT,WT,0.264669547788439,0.7041887363293393,0.0311417158822215,0.0,1.0,0.0,0.0,1.0,0.0,0.0,1.0,1.2090164545826827e-55,0.0038042176,0.99237293,0.003822831,7.1235112247291485e-06,0.9999701554079198,2.2721080855602034e-05,2.7704629393354967e-08,0.999999971957954,3.3741662906488446e-10,0.2697431523522167,0.4823466385193127,0.2479102091284706,0.0816805417931121,0.8610486240681098,0.0572708357661675,1.0,WT,WT,WT,WT,WT,WT,WT,WT,WT,WT,WT,WT,WT
TGCATTAGTTAAGCCT,NOTCH1,CLL8,CLL8,1,FRP.FFPEtest1_CLL8,False,WT,WT,WT,GCB,WT,WT,WT,WT,WT,WT,WT,WT,WT,WT,0.1397820473414054,0.7413638022746152,0.1188541503839795,0.0,1.0,0.0,0.0,1.0,0.0,0.0,1.0,1.799433895859042e-51,0.0038042176,0.99237293,0.003822831,7.212354298358305e-05,0.9999221462862108,5.730170805754776e-06,5.686891452588414e-11,0.9999999983735276,1.5696034537751612e-09,0.2479102091284706,0.4823466385193127,0.2697431523522167,0.068609727077076,0.8660721130798779,0.0653181578276058,1.0,WT,WT,WT,WT,WT,WT,WT,WT,WT,WT,WT,WT,WT
TACGTTAGTACAAACG,NOTCH1,CLL8,CLL8,0,FRP.FFPEtest1_CLL8,True,MUT,MUT,MUT,T-cell,FalsePositive,MUT,MUT,FalsePositive,FalsePositive,MUT,MUT,FalsePositive,FalsePositive,FalsePositive,0.6615670844809441,0.1297374631517215,0.2086954523673342,0.38,0.0,0.62,0.0,0.0,1.0,1.0,0.0,3.29736883326692e-18,0.91147876,0.010256649,0.078264534,0.1006838711350152,0.0005079470298472,0.8988081818351376,3.575976224017484e-05,6.493028327747466e-08,0.9999641753074764,0.3874092586632355,0.2555966169623653,0.3569941243743993,0.535267490139846,0.0703113283428426,0.3944211823904264,0.6666666666666666,FalsePositive,FalsePositive,MUT,MUT,FalsePositive,FalsePositive,MUT,MUT,FalsePositive,FalsePositive,FalsePositive,FalsePositive,FalsePositive
TTCCTCAGTGAACGAC,NOTCH1,CLL8,CLL8,1,FRP.FFPEtest1_CLL8,False,MUT,MUT,MUT,GCB,MUT,MUT,MUT,MUT,MUT,MUT,MUT,MUT,MUT,MUT,0.0670284141403825,0.2146329344890888,0.7183386513705287,0.12,0.04,0.84,0.0,0.0,1.0,1.643482830832177e-48,0.0,1.0,0.005755168,0.004781266,0.98946357,0.0002287495793497,0.0004384925458335,0.9993327578748168,2.7809114004306677e-08,2.4450720714301232e-08,0.9999999477401654,0.3560229248047887,0.2555754217585977,0.3884016534366136,0.1133476568534384,0.1071078667638753,0.7795444810975068,1.0,MUT,MUT,MUT,MUT,MUT,MUT,MUT,MUT,MUT,MUT,MUT,MUT,MUT
ACTGGGTCAACCTTGT,NOTCH1,CLL8,CLL8,1,FRP.FFPEtest1_CLL8,False,WT,WT,WT,GCB,WT,WT,WT,WT,WT,WT,WT,WT,WT,WT,0.203779950249396,0.7441381577602995,0.0520818919903045,0.0,1.0,0.0,0.0,1.0,0.0,0.0,1.0,2.3231729994701208e-55,0.0038042176,0.99237293,0.003822831,0.0009968230239526,0.9990030665796495,1.1039639779272417e-07,6.646255546503571e-10,0.9999999977571714,1.5782030165159055e-09,0.2529924729641694,0.4825071678198143,0.2645003592160162,0.0743673831121594,0.8664242987445204,0.0592083195669827,1.0,WT,WT,WT,WT,WT,WT,WT,WT,WT,WT,WT,WT,WT
TCAAGCGAGCTACGTC,NOTCH1,CLL8,CLL8,0,FRP.FFPEtest1_CLL8,True,WT,WT,WT,Macrophage,WT,WT,WT,WT,WT,WT,WT,WT,WT,WT,0.3262840474535642,0.6397137522744681,0.0340022002719675,0.0,1.0,0.0,0.0,1.0,0.0,0.0,1.0,2.818509201450532e-52,0.0038042176,0.99237293,0.003822831,0.0002957419890279,0.999679039892026,2.52181189459526e-05,6.539052613067865e-10,0.999999999162594,1.835009801159367e-10,0.2697431523522167,0.4823466385193127,0.2479102091284706,0.0956667483134368,0.846485603955348,0.0578476517087387,1.0,WT,WT,WT,WT,WT,WT,WT,WT,WT,WT,WT,WT,WT
TGCCCATAGCTATCCA,NOTCH1,CLL8,CLL8,0,FRP.FFPEtest1_CLL8,True,WT,WT,WT,T-cell,WT,WT,WT,WT,WT,WT,WT,WT,WT,WT,0.182493742407015,0.7926226025758787,0.0248836550171063,0.0,1.0,0.0,0.0,1.0,0.0,0.0,1.0,6.401154576926172e-68,0.0038042176,0.99237293,0.003822831,2.4964813935691954e-06,0.9999974613016028,4.221700348110831e-08,8.217057842055987e-10,0.9999999955535686,3.624725709113417e-09,0.2697431523522167,0.4823466385193127,0.2479102091284706,0.0699237388176437,0.8733151141979091,0.0567611501688914,1.0,WT,WT,WT,WT,WT,WT,WT,WT,WT,WT,WT,WT,WT
GCTTGTTCAACCTCGC,NOTCH1,CLL8,CLL8,1,FRP.FFPEtest1_CLL8,False,MUT,MUT,MUT,GCB,FalsePositive,MUT,MUT,FalsePositive,FalsePositive,MUT,MUT,FalsePositive,FalsePositive,FalsePositive,0.6222497530833319,0.0150378100203524,0.3627124368963156,0.24,0.0,0.76,0.0,0.0,1.0,1.0,0.0,1.2474013179015804e-18,0.5813012,0.03075523,0.3879436,0.2441196610255623,6.201814389739711e-07,0.7558797187929988,1.98103337166686e-07,5.251125030188918e-09,0.9999997966455378,0.3799274198024353,0.2557139491001973,0.3643586310973673,0.5741693900918868,0.0570129032052135,0.368817710040139,0.5833333333333334,MUT,MUT,MUT,MUT,FalsePositive,MUT,MUT,MUT,FalsePositive,FalsePositive,FalsePositive,MUT,MUT
GCATGGATCAATGTGA,NOTCH1,CLL8,CLL8,1,FRP.FFPEtest1_CLL8,False,WT,WT,WT,CCDN2$^{hi}$ -B,WT,WT,WT,WT,WT,WT,WT,WT,WT,WT,0.1561977915338766,0.7381635743474422,0.1056386341186811,0.0,1.0,0.0,0.0,1.0,0.0,0.0,1.0,1.3279761806861326e-51,0.0038042176,0.99237293,0.003822831,6.0952441247968985e-05,0.999932139578884,6.907979868141224e-06,5.686891100186153e-11,0.9999999983735276,1.5696034537751612e-09,0.2479102091284706,0.4823466385193127,0.2697431523522167,0.0700640740064394,0.8658486341930596,0.0640872910438015,1.0,WT,WT,WT,WT,WT,WT,WT,WT,WT,WT,WT,WT,WT
TCGCGCATCCTTTCGT,NOTCH1,CLL8,CLL8,1,FRP.FFPEtest1_CLL8,False,MUT,MUT,MUT,Memory -B,FalsePositive,MUT,MUT,FalsePositive,FalsePositive,FalsePositive,MUT,FalsePositive,FalsePositive,FalsePositive,0.6123185279515646,0.020290970982566,0.3673905010658693,0.4,0.0,0.6,0.0,0.0,1.0,1.0,0.0,8.025859099064465e-18,0.81554294,0.012601638,0.17185545,0.6514795414549788,1.0498084099610014e-06,0.3485194087366112,0.0214080618539334,1.6467296369429325e-07,0.978591773473103,0.3799274198024353,0.2557139491001973,0.3643586310973673,0.5414740913028862,0.0572732198815368,0.4012526876611248,0.6666666666666666,MUT,MUT,MUT,MUT,FalsePositive,MUT,FalsePositive,MUT,FalsePositive,FalsePositive,FalsePositive,MUT,MUT
AGCTGCAAGGTAGACT,NOTCH1,CLL8,CLL8,0,FRP.FFPEtest1_CLL8,True,WT,WT,WT,T-cell,WT,WT,WT,WT,WT,WT,WT,WT,WT,WT,0.1394943190711386,0.8254062774367174,0.0350994034921439,0.0,1.0,0.0,0.0,1.0,0.0,0.0,1.0,9.485303100074007e-68,0.0038042176,0.99237293,0.003822831,3.6756106508628893e-07,0.9999994134687388,2.1897019603421002e-07,6.222417695398625e-11,0.9999999975152138,2.422561866908553e-09,0.2645003592160162,0.4825071678198143,0.2529924729641694,0.0655468676571961,0.8768680514417291,0.0575850819100077,1.0,WT,WT,WT,WT,WT,WT,WT,WT,WT,WT,WT,WT,WT
ATGAAAGCATCACTCG,NOTCH1,CLL8,CLL8,1,FRP.FFPEtest1_CLL8,False,MUT,MUT,MUT,Memory -B,FalsePositive,MUT,MUT,FalsePositive,MUT,MUT,MUT,MUT,MUT,MUT,0.4385937036331513,0.2245331516150094,0.3368731447518392,0.025,0.0,0.975,0.0,0.0,1.0,1.0,0.0,8.652611549728949e-94,0.061853267,0.056082014,0.8820647,0.2757854343891683,6.688661507689716e-06,0.724207876949324,0.0001328824926024,6.469581211613719e-06,0.999860647926186,0.3707643002724642,0.2557543303797293,0.3734813693478064,0.3636455928698989,0.0970409816718169,0.5393134267000476,0.625,MUT,MUT,MUT,MUT,FalsePositive,MUT,MUT,MUT,MUT,MUT,MUT,MUT,MUT
GGCAACATCACAGATA,NOTCH1,CLL8,CLL8,1,FRP.FFPEtest1_CLL8,False,WT,WT,WT,CD24+ -B,WT,WT,WT,WT,WT,WT,WT,WT,WT,WT,0.2434864698152533,0.5665310596811145,0.1899824705036322,0.0,1.0,0.0,0.0,1.0,0.0,0.0,1.0,1.58717403351225e-64,0.056265876,0.8872631,0.056470938,5.172918855162865e-06,0.9999936261493766,1.200931768158043e-06,7.397057505761337e-06,0.9999806099396228,1.1993002871320008e-05,0.2893617198307617,0.4372248255192627,0.2734134546499756,0.0993645713597447,0.8025989455740804,0.0980364805826479,1.0,WT,WT,WT,WT,WT,WT,WT,WT,WT,WT,WT,WT,WT
GGAATAACAACTTGTC,NOTCH1,CLL8,CLL8,0,FRP.FFPEtest1_CLL8,True,WT,WT,WT,T-cell,WT,WT,WT,WT,WT,WT,WT,WT,WT,WT,0.2823365683914522,0.5541338403799214,0.1635295912286262,0.0,1.0,0.0,0.0,1.0,0.0,0.0,1.0,7.706512605069845e-65,0.056265876,0.8872631,0.056470938,9.171580990496372e-06,0.999990818193492,1.0225517676948281e-08,1.4693011584862586e-05,0.999950514490194,3.4792498221291536e-05,0.3069709649986343,0.4363408768500565,0.2566881581513092,0.1010249769076678,0.8023514786697862,0.0966235419390192,1.0,WT,WT,WT,WT,WT,WT,WT,WT,WT,WT,WT,WT,WT
AGTTAGGGTGTTAGCT,NOTCH1,CLL8,CLL8,1,FRP.FFPEtest1_CLL8,False,MUT,MUT,MUT,Memory -B,FalsePositive,MUT,MUT,FalsePositive,MUT,MUT,MUT,MUT,MUT,MUT,0.4440120502368374,0.2267197823648968,0.3292681673982657,0.025,0.0,0.975,0.0,0.0,1.0,1.0,0.0,4.156056577331477e-94,0.09845407,0.05681043,0.8447355,0.0034927098009933,1.7598746066741534e-06,0.9965055303244,0.0020132181046166,7.681143381435454e-05,0.9979099704615688,0.3707643002724642,0.2557543303797293,0.3734813693478064,0.3522237290175032,0.0970382945965099,0.5507379751442233,0.6666666666666666,MUT,MUT,MUT,MUT,FalsePositive,MUT,MUT,MUT,MUT,MUT,MUT,MUT,MUT
TGGGACATCTTAAGGA,NOTCH1,CLL8,CLL8,0,FRP.FFPEtest1_CLL8,True,WT,WT,WT,T-cell,WT,WT,WT,WT,WT,WT,WT,WT,WT,WT,0.2121167472222121,0.6409665033938359,0.146916749383952,0.0,1.0,0.0,0.0,1.0,0.0,0.0,1.0,1.7510266987748078e-91,0.056265876,0.8872631,0.056470938,2.8471975317762587e-08,0.9999999668187644,4.709260221033933e-09,2.4974211751963977e-05,0.9999672001681266,7.825620121684353e-06,0.3069709649986343,0.4363408768500565,0.2566881581513092,0.100839144465603,0.8025373103863357,0.0966235426645344,1.0,WT,WT,WT,WT,WT,WT,WT,WT,WT,WT,WT,WT,WT
AGGCTTTGTGTTTGTA,NOTCH1,CLL8,CLL8,1,FRP.FFPEtest1_CLL8,False,MUT,MUT,MUT,GCB,FalsePositive,MUT,MUT,FalsePositive,MUT,MUT,MUT,MUT,MUT,MUT,0.3816810695860995,0.2491700932249293,0.3691488371889711,0.145,0.0,0.855,0.0,0.0,1.0,1.0,0.0,4.913847412929191e-89,0.098478466,0.062499344,0.8390222,0.0041507390191734,5.698201066904498e-05,0.9957922789701577,0.0099209917701374,0.0001173375711187,0.9899616706587436,0.3641105993731333,0.2557112375440709,0.3801781630827958,0.3012640610477159,0.0971015367025836,0.6016343985244103,0.8333333333333334,MUT,MUT,MUT,MUT,FalsePositive,MUT,MUT,MUT,MUT,MUT,MUT,MUT,MUT
AGTGGATTCAGCACGA,NOTCH1,CLL8,CLL8,1,FRP.FFPEtest1_CLL8,False,MUT,MUT,MUT,GCB,MUT,MUT,MUT,FalsePositive,MUT,MUT,MUT,MUT,MUT,MUT,0.3924025290501413,0.1765527250687398,0.4310447458811189,0.075,0.0,0.925,0.0,0.0,1.0,1.0,0.0,7.076322820383591e-81,0.083484836,0.06300558,0.8535096,4.832520066505132e-05,4.0630479518864796e-07,0.9999512684945396,5.0389815082831126e-05,7.282521793175697e-06,0.999942327663124,0.3624027253822656,0.2556902289800731,0.3819070456376612,0.2625262233373325,0.0970709064614085,0.6404028702012589,0.875,MUT,MUT,MUT,MUT,FalsePositive,MUT,MUT,MUT,MUT,MUT,MUT,MUT,MUT
GACCAGGGTTGTTTAG,NOTCH1,CLL8,CLL8,1,FRP.FFPEtest1_CLL8,False,WT,WT,WT,GCB,WT,WT,WT,WT,WT,WT,WT,WT,WT,WT,0.2095639172282406,0.5635867307447199,0.2268493520270394,0.0,1.0,0.0,0.0,1.0,0.0,0.0,1.0,1.4844770571587858e-63,0.056265876,0.8872631,0.056470938,2.226544083244632e-06,0.9999977370324806,3.6423436139419924e-08,4.432324337133008e-06,0.9999764637585328,1.9103917129978597e-05,0.2849885354250879,0.4373030732933546,0.2777083912815573,0.0989999162876779,0.8025867046511856,0.0984133765776094,1.0,WT,WT,WT,WT,WT,WT,WT,WT,WT,WT,WT,WT,WT
TACGGGTCAACTTAGG,NOTCH1,CLL8,CLL8,1,FRP.FFPEtest1_CLL8,False,WT,WT,WT,CCDN2$^{hi}$ -B,WT,WT,WT,WT,WT,WT,WT,WT,WT,WT,0.2230002914918054,0.5319891912927182,0.2450105172154764,0.0,1.0,0.0,0.0,1.0,0.0,0.0,1.0,3.382025317005149e-58,0.056265876,0.8872631,0.056470938,8.973006219939423e-06,0.99999067462378,3.523700001063375e-07,4.432426856960188e-06,0.9999764632141386,1.910435900429407e-05,0.2849885354250879,0.4373030732933546,0.2777083912815573,0.0990158195567002,0.8025439097964919,0.0984402681632808,1.0,WT,WT,WT,WT,WT,WT,WT,WT,WT,WT,WT,WT,WT
GCGTTTGGTCATCAGT,NOTCH1,CLL8,CLL8,0,FRP.FFPEtest1_CLL8,True,WT,WT,WT,T-cell,WT,WT,WT,WT,WT,WT,WT,WT,WT,WT,0.2976133378648595,0.5255617706254649,0.1768248915096754,0.0,1.0,0.0,0.0,1.0,0.0,0.0,1.0,1.2606918512734198e-59,0.056265876,0.8872631,0.056470938,2.1450837825871504e-06,0.999997402863542,4.5205267550851606e-07,2.356540544900276e-05,0.9999568483455336,1.958624901745267e-05,0.3069709649986343,0.4363408768500565,0.2566881581513092,0.1009889471710423,0.8023844184901289,0.0966266318553019,1.0,WT,WT,WT,WT,WT,WT,WT,WT,WT,WT,WT,WT,WT
GCAGGCTAGGCGAGAG,NOTCH1,CLL8,CLL8,1,FRP.FFPEtest1_CLL8,False,MUT,MUT,MUT,GCB,MUT,MUT,MUT,FalsePositive,MUT,MUT,MUT,MUT,MUT,MUT,0.3530371327098037,0.2542652736779681,0.3926975936122281,0.18,0.0,0.82,0.0,0.0,1.0,1.0,0.0,1.1405641468349165e-86,0.1630523,0.0791393,0.7578084,0.000419849309752,2.712072950098648e-05,0.9995530299607468,0.0123304570652016,0.0001129015430737,0.9875566413917246,0.3417190947672736,0.2551061186923126,0.4031747865404139,0.2658490459265178,0.0966526665228744,0.6374982850670807,0.875,MUT,MUT,MUT,MUT,FalsePositive,MUT,MUT,MUT,MUT,MUT,MUT,MUT,MUT
GACTGAGTCAACTGGG,NOTCH1,CLL8,CLL8,1,FRP.FFPEtest1_CLL8,False,WT,WT,WT,CD24+ -B,WT,WT,WT,WT,WT,WT,WT,WT,WT,WT,0.104695935053806,0.6483707562646706,0.2469333086815233,0.0,1.0,0.0,0.0,1.0,0.0,0.0,1.0,1.4628031372457034e-59,0.056265876,0.8872631,0.056470938,6.604382492138723e-09,0.99999998427239,9.123227581066904e-09,4.43224048822461e-06,0.9999735115215378,2.205623797384332e-05,0.2762763373578016,0.4372835249827561,0.2864401376594422,0.098254043862106,0.8026096520380436,0.0991363016163235,1.0,WT,WT,WT,WT,WT,WT,WT,WT,WT,WT,WT,WT,WT
GCCAGTTTCTAACCAT,NOTCH1,CLL8,CLL8,1,FRP.FFPEtest1_CLL8,False,WT,WT,WT,CCDN2$^{hi}$ -B,WT,WT,WT,WT,WT,WT,WT,WT,WT,WT,0.2841917934086656,0.4997298353859094,0.2160783712054249,0.0,1.0,0.0,0.0,1.0,0.0,0.0,1.0,4.236283629352693e-56,0.056265876,0.8872631,0.056470938,1.7821145149588754e-05,0.999973789081753,8.389773097278168e-06,3.4640717149957072e-06,0.9999681496807776,2.838624750716651e-05,0.2812194361559411,0.437323648026482,0.2814569158175769,0.0987341607382931,0.8025555863400177,0.0987102504381622,1.0,WT,WT,WT,WT,WT,WT,WT,WT,WT,WT,WT,WT,WT
GACAGGGAGACATAGC,NOTCH1,CLL8,CLL8,1,FRP.FFPEtest1_CLL8,False,MUT,MUT,MUT,GCB,MUT,MUT,MUT,MUT,MUT,MUT,MUT,MUT,MUT,MUT,0.1699258600019667,0.2332520519817469,0.5968220880162862,0.0,0.0,1.0,0.0,0.0,1.0,0.0,0.0,1.0,0.056347303,0.05569837,0.88795435,9.961081820503624e-09,2.1394554473739357e-07,0.9999997760933734,4.598842232069091e-05,7.616299475013062e-06,0.9999463952782044,0.3288850183601361,0.2544287525047749,0.4166862291350889,0.1080237272125326,0.097005562115351,0.7949707119138797,1.0,MUT,MUT,MUT,MUT,MUT,MUT,MUT,MUT,MUT,MUT,MUT,MUT,MUT
AGACAAACAAAGGGAT,NOTCH1,CLL8,CLL8,1,FRP.FFPEtest1_CLL8,False,MUT,MUT,MUT,GCB,MUT,MUT,MUT,FalsePositive,MUT,MUT,MUT,MUT,MUT,MUT,0.3725153606123679,0.2544162605681796,0.3730683788194523,0.055,0.0,0.945,0.0,0.0,1.0,1.0,0.0,2.810816904529386e-90,0.061888378,0.055371307,0.8827403,0.003581251432963,5.203441816188629e-05,0.9963667141488752,0.0003360248206887,3.13110213934508e-05,0.9996326641579176,0.3499346866357588,0.25541184215594,0.3946534712083012,0.2601928550157193,0.0971029513377685,0.6427041948882756,0.875,MUT,MUT,MUT,MUT,FalsePositive,MUT,MUT,MUT,MUT,MUT,MUT,MUT,MUT
TAAGCTTTCCCAGACT,NOTCH1,CLL8,CLL8,1,FRP.FFPEtest1_CLL8,False,WT,WT,WT,CCDN2$^{hi}$ -B,WT,WT,WT,WT,WT,WT,WT,WT,WT,WT,0.2383629820230589,0.5328352534814,0.2288017644955409,0.0,1.0,0.0,0.0,1.0,0.0,0.0,1.0,9.381628328831237e-59,0.056265876,0.8872631,0.056470938,1.274018303137147e-05,0.99998719124768,6.85692886374166e-08,4.432299775583075e-06,0.9999735111672178,2.2056533006590443e-05,0.2914012956116369,0.4371686661567741,0.2714300382315888,0.0995516665204909,0.8025683429899956,0.0978799880059868,1.0,WT,WT,WT,WT,WT,WT,WT,WT,WT,WT,WT,WT,WT
TTTGCGCAGAACCTCC,NOTCH1,CLL8,CLL8,1,FRP.FFPEtest1_CLL8,False,WT,WT,WT,GCB,WT,WT,WT,WT,WT,WT,WT,WT,WT,WT,0.1473147559623582,0.6457164389147441,0.2069688051228978,0.0,1.0,0.0,0.0,1.0,0.0,0.0,1.0,1.8973294391738301e-90,0.056265876,0.8872631,0.056470938,2.662870920853444e-06,0.9999973358997758,1.2293033131311511e-09,4.426210214069162e-06,0.999973550263229,2.202352655671685e-05,0.2812194361559411,0.437323648026482,0.2814569158175769,0.0986774688303111,0.8025905469939963,0.0987319816921655,1.0,WT,WT,WT,WT,WT,WT,WT,WT,WT,WT,WT,WT,WT
TAACGCCTCCTTAGAT,NOTCH1,CLL8,CLL8,1,FRP.FFPEtest1_CLL8,False,WT,WT,WT,GCB,WT,WT,WT,WT,WT,WT,WT,WT,WT,WT,0.1499578889670132,0.5312671727247106,0.3187749383082762,0.0,1.0,0.0,0.0,1.0,0.0,0.0,1.0,1.4852334796618182e-34,0.056265876,0.8872631,0.056470938,1.0785879566809976e-06,0.9999386711413168,6.025027072652219e-05,4.429036603038693e-06,0.9999735306689744,2.2040294422429757e-05,0.2663345166769697,0.4369653101010168,0.2967001732220134,0.0974313151853099,0.8019568244634042,0.100611857867759,0.9583333333333334,WT,MUT,WT,WT,WT,WT,WT,WT,WT,WT,WT,WT,WT
AAAGGCTTCACCAGCT,NOTCH1,CLL8,CLL8,1,FRP.FFPEtest1_CLL8,False,WT,WT,WT,GCB,WT,WT,WT,MUT,WT,WT,WT,WT,WT,WT,0.0500826662220468,0.6063119774142193,0.3436053563637339,0.0,0.93,0.07,0.0,1.0,0.0,0.0,2.9526885338131768e-50,1.0,0.056265876,0.8872631,0.056470938,1.9082764063886386e-07,0.99999519787156,4.611300799572307e-06,5.286129771028836e-06,0.9999695889199802,2.512495024880451e-05,0.2787703744886557,0.4373133795167424,0.2839162459946017,0.0984666965630895,0.6395982752957735,0.2619350256576102,0.875,WT,MUT,WT,WT,MUT,WT,WT,WT,WT,WT,WT,WT,WT
TGGACCAAGTGAGTCG,NOTCH1,CLL8,CLL8,1,FRP.FFPEtest1_CLL8,False,WT,WT,WT,GCB,WT,WT,WT,WT,WT,WT,WT,WT,WT,WT,0.2297130606185574,0.5006734519793116,0.2696134874021308,0.0,1.0,0.0,0.0,1.0,0.0,0.0,1.0,8.167033638827833e-55,0.056265876,0.8872631,0.056470938,5.994435004447114e-05,0.9999312843677458,8.771282209614213e-06,4.432426856960188e-06,0.9999764632141386,1.910435900429407e-05,0.2749053753588642,0.4372586935026555,0.2878359311384802,0.0983201942973521,0.8021660262251595,0.0995137769939615,1.0,WT,WT,WT,WT,WT,WT,WT,WT,WT,WT,WT,WT,WT
TGATTGCGTCCTGAGC,NOTCH1,CLL8,CLL8,1,FRP.FFPEtest1_CLL8,False,MUT,MUT,MUT,CCDN2$^{hi}$ -B,FalsePositive,MUT,MUT,FalsePositive,MUT,MUT,MUT,MUT,MUT,MUT,0.3847900172205385,0.277190283510602,0.3380196992688595,0.18,0.0,0.82,0.0,0.0,1.0,1.0,0.0,1.9735713468731267e-92,0.11825834,0.0844273,0.79731435,0.183005950037643,0.001938986312721,0.815055063649636,0.001535842720679,6.023631073004879e-05,0.9984039209685908,0.3664432144681718,0.2557333455903292,0.3778234399414989,0.348349951420495,0.0982606709658972,0.553389375130081,0.8333333333333334,MUT,MUT,MUT,MUT,FalsePositive,MUT,MUT,MUT,MUT,MUT,MUT,MUT,MUT
GTATACTTCCTGAGGA,NOTCH1,CLL8,CLL8,1,FRP.FFPEtest1_CLL8,False,WT,WT,WT,GCB,WT,WT,WT,WT,WT,WT,WT,WT,WT,WT,0.2517719399301384,0.4986143829432343,0.2496136771266273,0.0,1.0,0.0,0.0,1.0,0.0,0.0,1.0,2.9069561784722874e-55,0.056265876,0.8872631,0.056470938,2.198319206988576e-05,0.9999747530106208,3.263797309436196e-06,4.432399069496537e-06,0.999976463361694,1.9104239236568952e-05,0.2849885354250879,0.4373030732933546,0.2777083912815573,0.0990355726282416,0.8025235346664849,0.0984408902217464,1.0,WT,WT,WT,WT,WT,WT,WT,WT,WT,WT,WT,WT,WT
GATTAACCATCAAGTG,NOTCH1,CLL8,CLL8,1,FRP.FFPEtest1_CLL8,False,MUT,MUT,MUT,Memory -B,MUT,MUT,MUT,MUT,MUT,MUT,MUT,MUT,MUT,MUT,0.3660298809211693,0.1176467528515279,0.5163233662273028,0.0,0.0,1.0,0.0,0.0,1.0,0.0,0.0,1.0,0.061362404,0.059055883,0.87958175,4.660140894749611e-07,2.2141210078929474e-10,0.9999995337644983,4.4119856125089945e-05,6.361702923500388e-06,0.9999495184409516,0.3418273507859906,0.2551107891790009,0.4030618600350084,0.1108053250260072,0.0969727256057835,0.7922219493682093,1.0,MUT,MUT,MUT,MUT,MUT,MUT,MUT,MUT,MUT,MUT,MUT,MUT,MUT
GAGCTATAGTGTGATA,NOTCH1,CLL8,CLL8,0,FRP.FFPEtest1_CLL8,True,WT,WT,WT,T-cell,WT,WT,WT,WT,WT,WT,WT,WT,WT,WT,0.2700449604054161,0.5808234597613758,0.149131579833208,0.0,1.0,0.0,0.0,1.0,0.0,0.0,1.0,5.157415710787883e-72,0.056265876,0.8872631,0.056470938,2.018174156817536e-05,0.999979815256369,3.0020628264420926e-09,1.566365793973337e-05,0.9999627669841378,2.1569357922547503e-05,0.3006414284274513,0.4367611359705809,0.2625974356019678,0.1005307291756719,0.8023541057761278,0.0971151625646735,1.0,WT,WT,WT,WT,WT,WT,WT,WT,WT,WT,WT,WT,WT
TTATAGCTCTCAGCAC,NOTCH1,CLL8,CLL8,1,FRP.FFPEtest1_CLL8,False,WT,WT,WT,Memory -B,WT,WT,WT,WT,WT,WT,WT,WT,WT,WT,0.2575194066228999,0.5313902339288172,0.2110903594482828,0.0,1.0,0.0,0.0,1.0,0.0,0.0,1.0,4.2179060303928275e-59,0.056265876,0.8872631,0.056470938,5.898323388016912e-06,0.999994046112426,5.5564185826147997e-08,4.690737129836626e-06,0.9999717699580394,2.3539304830766463e-05,0.2939528598048432,0.4370810308670665,0.2689661093280902,0.099773226076752,0.8025686440312443,0.0976581274084769,1.0,WT,WT,WT,WT,WT,WT,WT,WT,WT,WT,WT,WT,WT
ACGGATAGTTAATTCG,NOTCH1,CLL8,CLL8,1,FRP.FFPEtest1_CLL8,False,MUT,MUT,MUT,Memory -B,FalsePositive,MUT,MUT,FalsePositive,MUT,MUT,MUT,MUT,MUT,MUT,0.3822039329634329,0.2558910935958582,0.3619049734407088,0.02,0.0,0.98,0.0,0.0,1.0,1.0,0.0,2.8720396663060647e-91,0.061935805,0.055438604,0.88262564,0.0011684908499796,1.464172693407874e-05,0.9988168674230862,0.000200760513751,1.8746844987094963e-05,0.999780492641262,0.3499346866357588,0.25541184215594,0.3946534712083012,0.2609505753272205,0.0971277116782347,0.6419217105110179,0.8333333333333334,MUT,MUT,MUT,MUT,FalsePositive,MUT,MUT,MUT,MUT,MUT,MUT,MUT,MUT
AGCGCTAAGGGAGGCA,NOTCH1,CLL8,CLL8,1,FRP.FFPEtest1_CLL8,False,MUT,MUT,MUT,CD24+ -B,MUT,MUT,MUT,MUT,MUT,MUT,MUT,MUT,MUT,MUT,0.246039226190543,0.2661059844335778,0.4878547893758791,0.0,0.0,1.0,0.0,0.0,1.0,0.0,0.0,1.0,0.056338556,0.05568972,0.8879717,5.888686200652199e-06,2.482906814582213e-05,0.9999692822456536,3.29045973127108e-05,6.664791183482152e-06,0.999960430611504,0.3288850183601361,0.2544287525047749,0.4166862291350889,0.1086966559919673,0.0970504628944278,0.7942528798718412,1.0,MUT,MUT,MUT,MUT,MUT,MUT,MUT,MUT,MUT,MUT,MUT,MUT,MUT
GCGGATTCATAAGCCA,NOTCH1,CLL8,CLL8,1,FRP.FFPEtest1_CLL8,False,MUT,MUT,MUT,Memory -B,MUT,MUT,MUT,FalsePositive,MUT,MUT,MUT,MUT,MUT,MUT,0.3431800915276575,0.277152286082562,0.3796676223897803,0.08,0.0,0.92,0.0,0.0,1.0,1.0,0.0,4.063847378185021e-85,0.06824367,0.059734516,0.8720218,0.0031891722099521,0.0007449188328259,0.9960659089572218,0.0003190416619713,1.5987595464577093e-05,0.999664970742564,0.3581091110667784,0.255619298395207,0.3862715905380146,0.2628330549761304,0.0972058694371726,0.6399610743449334,0.875,MUT,MUT,MUT,MUT,FalsePositive,MUT,MUT,MUT,MUT,MUT,MUT,MUT,MUT
GGCTAATAGCTTAGTT,NOTCH1,CLL8,CLL8,1,FRP.FFPEtest1_CLL8,False,MUT,MUT,MUT,Memory -B,FalsePositive,MUT,MUT,FalsePositive,MUT,MUT,MUT,FalsePositive,MUT,MUT,0.4650539029653972,0.2010255230619175,0.3339205739726851,0.075,0.0,0.925,0.0,0.0,1.0,1.0,0.0,2.976478557321686e-94,0.1182711,0.057217885,0.824511,0.1390702709234477,1.95844486887126e-06,0.8609277706316834,0.0445010237009408,0.0001157591252821,0.955383217173777,0.3797870598611429,0.2557154298239127,0.3644975103149444,0.3903783105631009,0.0981586703582288,0.5114630153533798,0.625,MUT,MUT,MUT,MUT,FalsePositive,MUT,MUT,MUT,FalsePositive,MUT,MUT,MUT,MUT
GGTTTGACAGCTTAAG,NOTCH1,CLL8,CLL8,0,FRP.FFPEtest1_CLL8,True,WT,WT,WT,T-cell,WT,WT,WT,WT,WT,WT,WT,WT,WT,WT,0.2988841604099621,0.5241613689577086,0.1769544706323292,0.0,1.0,0.0,0.0,1.0,0.0,0.0,1.0,1.1811193270891184e-59,0.056265876,0.8872631,0.056470938,1.6090863881650734e-05,0.9999838644495632,4.468655498391601e-08,5.87622588805684e-05,0.999922161550856,1.9076190263346245e-05,0.3069709649986343,0.4363408768500565,0.2566881581513092,0.1010576157715775,0.8023176232610002,0.0966247584838955,1.0,WT,WT,WT,WT,WT,WT,WT,WT,WT,WT,WT,WT,WT
GGCTGAGGTATTTACG,NOTCH1,CLL8,CLL8,1,FRP.FFPEtest1_CLL8,False,WT,WT,WT,GCB,WT,WT,WT,WT,WT,WT,WT,WT,WT,WT,0.152708037446181,0.6457345959899172,0.2015573665639016,0.0,1.0,0.0,0.0,1.0,0.0,0.0,1.0,1.5903424511035306e-90,0.056265876,0.8872631,0.056470938,1.982773447745692e-06,0.9999980166009812,6.255712804555191e-10,4.432335556710193e-06,0.9999735109533784,2.205671106485618e-05,0.2812194361559411,0.437323648026482,0.2814569158175769,0.0986764026749566,0.8026103642810609,0.0987132305604556,1.0,WT,WT,WT,WT,WT,WT,WT,WT,WT,WT,WT,WT,WT
AATGCGCCAATACTGG,NOTCH1,CLL8,CLL8,0,FRP.FFPEtest1_CLL8,True,WT,WT,WT,T-cell,WT,WT,WT,WT,WT,WT,WT,WT,WT,WT,0.2007142193451516,0.6639514757235002,0.1353343049313481,0.0,1.0,0.0,0.0,1.0,0.0,0.0,1.0,2.4404000065870265e-104,0.056265876,0.8872631,0.056470938,3.4921798115942156e-08,0.9999999606657508,4.412451057920885e-09,5.6713628385460175e-06,0.9999326509121844,6.167772497721685e-05,0.3069709649986343,0.4363408768500565,0.2566881581513092,0.1008338190949358,0.8025431158599443,0.0966230625615929,1.0,WT,WT,WT,WT,WT,WT,WT,WT,WT,WT,WT,WT,WT
AGCGTTTGTTGGCGAG,NOTCH1,CLL8,CLL8,0,FRP.FFPEtest1_CLL8,True,WT,WT,WT,T-cell,WT,WT,WT,WT,WT,WT,WT,WT,WT,WT,0.251345275654637,0.5872987176413429,0.1613560067040201,0.0,1.0,0.0,0.0,1.0,0.0,0.0,1.0,1.061833388616162e-71,0.056265876,0.8872631,0.056470938,1.2408425639659794e-07,0.999999849187782,2.6727961680448907e-08,1.1844415679606423e-05,0.999972964222766,1.5191361554289806e-05,0.3069709649986343,0.4363408768500565,0.2566881581513092,0.1008776878160461,0.8024978016128629,0.0966245080875643,1.0,WT,WT,WT,WT,WT,WT,WT,WT,WT,WT,WT,WT,WT
TTCGAACGTATGGTAG,NOTCH1,CLL8,CLL8,0,FRP.FFPEtest1_CLL8,True,WT,WT,WT,T-cell,WT,WT,WT,WT,WT,WT,WT,WT,WT,WT,0.3227988932980203,0.4902378368387841,0.1869632698631955,0.0,1.0,0.0,0.0,1.0,0.0,0.0,1.0,1.740075029075437e-56,0.056265876,0.8872631,0.056470938,0.0001386287780729,0.9998611245076034,2.4671432349810045e-07,1.7795428737078088e-05,0.9999465484657638,3.565610549914611e-05,0.3056391718199662,0.4364386394999898,0.257922188680044,0.1011005075637268,0.8021704776100544,0.0967290123426918,1.0,WT,WT,WT,WT,WT,WT,WT,WT,WT,WT,WT,WT,WT
GGTGTGCAGGTTCGAG,NOTCH1,CLL8,CLL8,0,FRP.FFPEtest1_CLL8,True,WT,WT,WT,Macrophage,WT,WT,WT,WT,WT,WT,WT,WT,WT,WT,0.178422821483298,0.6885947654212292,0.1329824130954727,0.0,1.0,0.0,0.0,1.0,0.0,0.0,1.0,5.775233107509235e-119,0.056265876,0.8872631,0.056470938,9.508422972276354e-09,0.9999999872726992,3.218877636809404e-09,1.5584944520695458e-06,0.9992888570820476,0.0007095844235001,0.3022444836623161,0.436665377966948,0.2610901383707358,0.1004278215909676,0.8025819349122861,0.0969902410132192,1.0,WT,WT,WT,WT,WT,WT,WT,WT,WT,WT,WT,WT,WT
GTTGCGCGTATTTACG,NOTCH1,CLL8,CLL8,1,FRP.FFPEtest1_CLL8,False,WT,WT,WT,GCB,WT,WT,WT,WT,WT,WT,WT,WT,WT,WT,0.2333356342076419,0.5321369449462994,0.2345274208460587,0.0,1.0,0.0,0.0,1.0,0.0,0.0,1.0,1.5321255056801318e-58,0.056265876,0.8872631,0.056470938,6.758787034438637e-06,0.999993067772838,1.7344012759119555e-07,4.432285890934114e-06,0.9999703786441764,2.5189069932793357e-05,0.2914012956116369,0.4371686661567741,0.2714300382315888,0.0995455586620656,0.8025648219769604,0.0978896168774472,1.0,WT,WT,WT,WT,WT,WT,WT,WT,WT,WT,WT,WT,WT
TGGTTTGTCTCACAAT,NOTCH1,CLL8,CLL8,1,FRP.FFPEtest1_CLL8,False,MUT,MUT,MUT,CD24+ -B,FalsePositive,MUT,MUT,FalsePositive,MUT,MUT,MUT,MUT,MUT,MUT,0.4374667356332221,0.1611809017040581,0.4013523626627197,0.105,0.0,0.895,0.0,0.0,1.0,1.0,0.0,1.1082516727993787e-92,0.110663414,0.07201749,0.81731904,0.0005135637793897,1.1400542834825589e-07,0.999486322215182,0.0004851777554359,1.5813025865467902e-05,0.9994990092186986,0.3647322961804086,0.255717871827735,0.3795498319918564,0.3335607433609266,0.0980571886203967,0.5683820655351496,0.8333333333333334,MUT,MUT,MUT,MUT,FalsePositive,MUT,MUT,MUT,MUT,MUT,MUT,MUT,MUT
GGGTTATAGCTTGAAA,NOTCH1,CLL8,CLL8,1,FRP.FFPEtest1_CLL8,False,WT,WT,WT,GCB,WT,WT,WT,WT,WT,WT,WT,WT,WT,WT,0.2333507298226872,0.5889729268919803,0.1776763432853324,0.0,1.0,0.0,0.0,1.0,0.0,0.0,1.0,1.9440417802300017e-71,0.056265876,0.8872631,0.056470938,5.304351584358768e-07,0.9999994686966523,8.681893821096401e-10,5.548080153947725e-06,0.9999585205490504,3.593137079547143e-05,0.2986281452556038,0.4368710138317579,0.2645008409126383,0.1001676099881147,0.8025564103281853,0.0972759772001733,1.0,WT,WT,WT,WT,WT,WT,WT,WT,WT,WT,WT,WT,WT
GCTCCTGAGCTTGATT,NOTCH1,CLL8,CLL8,1,FRP.FFPEtest1_CLL8,False,WT,WT,WT,GCB,WT,WT,WT,WT,WT,WT,WT,WT,WT,WT,0.2605020367651673,0.6054694151712982,0.1340285480635344,0.0,1.0,0.0,0.0,1.0,0.0,0.0,1.0,3.9716261904536997e-81,0.056265876,0.8872631,0.056470938,1.3795037652177384e-05,0.9999862009152786,4.047069250974737e-09,9.91766294453118e-06,0.9999162973762532,7.378496080234426e-05,0.3006414284274513,0.4367611359705809,0.2625974356019678,0.1005328813095778,0.8023521963995662,0.0971149198073291,1.0,WT,WT,WT,WT,WT,WT,WT,WT,WT,WT,WT,WT,WT
GCCAACAAGCTCATTG,NOTCH1,CLL8,CLL8,1,FRP.FFPEtest1_CLL8,False,MUT,MUT,MUT,Memory -B,FalsePositive,MUT,MUT,FalsePositive,MUT,MUT,MUT,MUT,MUT,MUT,0.4435921669336312,0.1621170315602319,0.3942908015061367,0.12,0.0,0.88,0.0,0.0,1.0,1.0,0.0,5.512177289551543e-93,0.08881397,0.08502877,0.82615733,0.0002432425533102,6.277974217201292e-08,0.9997566946669476,0.0001630814543061,1.7063934801336025e-05,0.9998198546108926,0.3647322961804086,0.255717871827735,0.3795498319918564,0.3090689556996058,0.0970754331783344,0.5938556073967692,0.8333333333333334,MUT,MUT,MUT,MUT,FalsePositive,MUT,MUT,MUT,MUT,MUT,MUT,MUT,MUT
GGCAGGTTCTTGATCG,NOTCH1,CLL8,CLL8,0,FRP.FFPEtest1_CLL8,True,WT,WT,WT,T-cell,WT,WT,WT,WT,WT,WT,WT,WT,WT,WT,0.3148426426495799,0.5194624740322149,0.1656948833182051,0.0,1.0,0.0,0.0,1.0,0.0,0.0,1.0,6.363082400778109e-60,0.056265876,0.8872631,0.056470938,0.0002164172247206,0.9997835529520618,2.98232175383121e-08,1.5658110764064375e-05,0.9999178054738904,6.653641534556087e-05,0.3006414284274513,0.4367611359705809,0.2625974356019678,0.100919692878479,0.8019644039605868,0.0971159006774073,1.0,WT,WT,WT,WT,WT,WT,WT,WT,WT,WT,WT,WT,WT
GGATTGAGTTGAGTCT,NOTCH1,CLL8,CLL8,1,FRP.FFPEtest1_CLL8,False,MUT,MUT,MUT,CD24+ -B,FalsePositive,MUT,MUT,FalsePositive,MUT,MUT,MUT,MUT,MUT,MUT,0.4470375595985434,0.1832326720361002,0.3697297683653562,0.085,0.0,0.915,0.0,0.0,1.0,1.0,0.0,2.270752089547912e-93,0.065209694,0.05656338,0.878227,0.0007076415447161,2.0752930972909882e-07,0.999292150925974,0.0001718821629278,1.6634557780089874e-05,0.999811483279292,0.3647322961804086,0.255717871827735,0.3795498319918564,0.3422705818760068,0.0970716285086574,0.5606577896153356,0.75,MUT,MUT,MUT,MUT,FalsePositive,MUT,MUT,MUT,MUT,MUT,MUT,MUT,MUT
AGAAATGCACTAGTCT,NOTCH1,CLL8,CLL8,1,FRP.FFPEtest1_CLL8,False,WT,WT,WT,CD24+ -B,WT,WT,WT,WT,WT,WT,WT,WT,WT,WT,0.2719185871675363,0.5566826081096686,0.1713988047227949,0.0,1.0,0.0,0.0,1.0,0.0,0.0,1.0,1.097466914170173e-64,0.056265876,0.8872631,0.056470938,3.2869382233503067e-06,0.9999967065281764,6.533600371469794e-09,1.6021353426883826e-05,0.999247026345606,0.000736952300967,0.3056391718199662,0.4364386394999898,0.257922188680044,0.1008375870894502,0.8024352727626635,0.0967271376643594,1.0,WT,WT,WT,WT,WT,WT,WT,WT,WT,WT,WT,WT,WT
ACAATGTCAACAGCTA,NOTCH1,CLL8,CLL8,1,FRP.FFPEtest1_CLL8,False,WT,WT,WT,CCDN2$^{hi}$ -B,WT,WT,WT,WT,WT,WT,WT,WT,WT,WT,0.2578770392767258,0.5571242330120889,0.1849987277111852,0.0,1.0,0.0,0.0,1.0,0.0,0.0,1.0,1.8569990672971044e-64,0.056265876,0.8872631,0.056470938,2.266965385815709e-05,0.999977329306036,1.0401057240018516e-09,4.68600942908272e-05,0.999939669952752,1.346995295727004e-05,0.2986281452556038,0.4368710138317579,0.2645008409126383,0.1002484336877283,0.8024762860137998,0.097275277814945,1.0,WT,WT,WT,WT,WT,WT,WT,WT,WT,WT,WT,WT,WT
TCACCCACAAACTTGG,NOTCH1,CLL8,CLL8,1,FRP.FFPEtest1_CLL8,False,MUT,MUT,MUT,Memory -B,FalsePositive,MUT,MUT,FalsePositive,MUT,MUT,MUT,MUT,MUT,MUT,0.4235993840405198,0.2534201392400783,0.3229804767194019,0.04,0.0,0.96,0.0,0.0,1.0,1.0,0.0,1.0521610180163537e-93,0.065970436,0.057448078,0.8765815,9.877471835564136e-05,3.76618458773533e-06,0.9998974590970569,0.0001259671034226,1.5177933030256846e-05,0.9998588549635472,0.3664432144681718,0.2557333455903292,0.3778234399414989,0.3350428758882298,0.0972337798976809,0.5677233454558529,0.7083333333333334,MUT,MUT,MUT,MUT,FalsePositive,MUT,MUT,MUT,MUT,MUT,MUT,MUT,MUT
AACGGCTCAAACCCAA,NOTCH1,CLL8,CLL8,1,FRP.FFPEtest1_CLL8,False,WT,WT,WT,CCDN2$^{hi}$ -B,WT,WT,WT,WT,WT,WT,WT,WT,WT,WT,0.2266487221344062,0.4993812754017862,0.2739700024638076,0.0,1.0,0.0,0.0,1.0,0.0,0.0,1.0,1.6694003505386902e-54,0.056265876,0.8872631,0.056470938,4.880745907394961e-05,0.9999326817754508,1.851076547545432e-05,4.339178462549994e-06,0.9999782575419848,1.740327955256131e-05,0.2749053753588642,0.4372586935026555,0.2878359311384802,0.0982772356790173,0.8022157067774683,0.0995070550599877,1.0,WT,MUT,WT,WT,WT,WT,WT,WT,WT,WT,WT,WT,WT
AAAGCATGTACTTAGC,NOTCH1,CLL8,CLL8,1,FRP.FFPEtest1_CLL8,False,WT,WT,WT,CCDN2$^{hi}$ -B,WT,WT,WT,WT,WT,WT,WT,WT,WT,WT,0.2773242222633379,0.500111707919028,0.2225640698176339,0.0,1.0,0.0,0.0,1.0,0.0,0.0,1.0,5.270459509525836e-56,0.056265876,0.8872631,0.056470938,3.388728229612895e-05,0.9999633112098136,2.801507890432496e-06,3.4640717149957072e-06,0.9999681496807776,2.838624750716651e-05,0.2812194361559411,0.437323648026482,0.2814569158175769,0.0987263550589982,0.8025601897609965,0.0987134526964783,1.0,WT,WT,WT,WT,WT,WT,WT,WT,WT,WT,WT,WT,WT
TAGGTTAAGCATCCCG,NOTCH1,CLL8,CLL8,1,FRP.FFPEtest1_CLL8,False,WT,WT,WT,CCDN2$^{hi}$ -B,WT,WT,WT,WT,WT,WT,WT,WT,WT,WT,0.2927185014618907,0.493463488689542,0.2138180098485672,0.0,1.0,0.0,0.0,1.0,0.0,0.0,1.0,5.10770153144221e-56,0.056265876,0.8872631,0.056470938,0.0001034893867992,0.9998962680115984,2.42601602514766e-07,2.691190310024687e-05,0.9999164126725272,5.667542437242067e-05,0.2986281452556038,0.4368710138317579,0.2645008409126383,0.1002907020955048,0.802429278239858,0.0972800171811103,1.0,WT,WT,WT,WT,WT,WT,WT,WT,WT,WT,WT,WT,WT
TGTGCTGGTTTGAGCT,NOTCH1,CLL8,CLL8,1,FRP.FFPEtest1_CLL8,False,WT,WT,WT,CCDN2$^{hi}$ -B,WT,WT,WT,WT,WT,WT,WT,WT,WT,WT,0.2453506616124092,0.5329663538626063,0.2216829845249846,0.0,1.0,0.0,0.0,1.0,0.0,0.0,1.0,6.204050028341743e-59,0.056265876,0.8872631,0.056470938,1.2921804997056394e-05,0.9999870249398772,5.325512594572029e-08,4.432227637365404e-06,0.9999735115983388,2.205617402388181e-05,0.2914012956116369,0.4371686661567741,0.2714300382315888,0.0995501024233337,0.8025766932707242,0.0978732018224154,1.0,WT,WT,WT,WT,WT,WT,WT,WT,WT,WT,WT,WT,WT
TTATGTCAGCAACTTT,NOTCH1,CLL8,CLL8,1,FRP.FFPEtest1_CLL8,False,WT,WT,WT,GCB,WT,WT,WT,WT,WT,WT,WT,WT,WT,WT,0.1824025475923387,0.6209076713887197,0.1966897810189415,0.0,1.0,0.0,0.0,1.0,0.0,0.0,1.0,6.295228321780726e-80,0.056265876,0.8872631,0.056470938,1.3587913289618414e-06,0.9999986403949463,8.137246966713017e-10,4.43224048822461e-06,0.9999735115215378,2.205623797384332e-05,0.2812194361559411,0.437323648026482,0.2814569158175769,0.0986762609210973,0.8026230541190843,0.0987006824762915,1.0,WT,WT,WT,WT,WT,WT,WT,WT,WT,WT,WT,WT,WT
TACAACAAGACAAAGG,NOTCH1,CLL8,CLL8,0,FRP.FFPEtest1_CLL8,True,WT,WT,WT,Myo Fibro,WT,WT,WT,WT,WT,WT,WT,WT,WT,WT,0.1998411823548831,0.5886413822122791,0.2115174354328378,0.0,1.0,0.0,0.0,1.0,0.0,0.0,1.0,1.951762372200877e-70,0.056265876,0.8872631,0.056470938,3.2755416826954385e-07,0.9999996040292392,6.841659255368238e-08,6.012321955049291e-06,0.9999711877486476,2.2799929397426464e-05,0.2921496611013209,0.4371449565906176,0.2707053823080615,0.0995916837800609,0.8026065387916641,0.0978017749447483,1.0,WT,WT,WT,WT,WT,WT,WT,WT,WT,WT,WT,WT,WT
GCATTTGTCATGCGTC,NOTCH1,CLL8,CLL8,1,FRP.FFPEtest1_CLL8,False,WT,WT,WT,GCB,WT,WT,WT,WT,WT,WT,WT,WT,WT,WT,0.2961228990732085,0.4988797218674959,0.2049973790592955,0.0,1.0,0.0,0.0,1.0,0.0,0.0,1.0,3.0032677618690168e-56,0.056265876,0.8872631,0.056470938,3.8509219045212926e-06,0.9998953016870308,0.0001008473910647,3.3673553943293475e-06,0.9999807346685348,1.5897976070684896e-05,0.2880610979584981,0.4372541361186193,0.2746847659228826,0.0993230530071934,0.8025232042532361,0.0981537402560436,1.0,WT,WT,WT,WT,WT,WT,WT,WT,WT,WT,WT,WT,WT
ATGGGTTAGCTTGAGG,NOTCH1,CLL8,CLL8,1,FRP.FFPEtest1_CLL8,False,WT,WT,WT,GCB,WT,WT,WT,WT,WT,WT,WT,WT,WT,WT,0.1509367773345355,0.6698076974915632,0.1792555251739011,0.0,1.0,0.0,0.0,1.0,0.0,0.0,1.0,1.2559514564502306e-103,0.056265876,0.8872631,0.056470938,3.431935651462585e-07,0.999999656483982,3.2245286789391485e-10,4.432276268873125e-06,0.9999735113077012,2.205641602972738e-05,0.2812194361559411,0.437323648026482,0.2814569158175769,0.098669586304852,0.8026349652329315,0.0986954459786896,1.0,WT,WT,WT,WT,WT,WT,WT,WT,WT,WT,WT,WT,WT
AGACTCCTCGATTGAA,NOTCH1,CLL8,CLL8,1,FRP.FFPEtest1_CLL8,False,MUT,MUT,MUT,GCB,FalsePositive,MUT,MUT,FalsePositive,MUT,FalsePositive,MUT,FalsePositive,FalsePositive,FalsePositive,0.4453376448317619,0.2485861908773093,0.3060761642909286,0.27,0.0,0.73,0.3733239176025695,0.0,0.6266760823974306,1.0,0.0,2.090722230082123e-94,0.14695428,0.067054756,0.78599095,0.9673034026141398,1.5939246942505013e-05,0.0326806581389178,0.007967247359093,5.731462179143178e-05,0.9919754380191156,0.3724826921514057,0.2557555095599441,0.3717617982886501,0.5769324197119255,0.0970820820923912,0.3259854981956831,0.5833333333333334,MUT,MUT,MUT,MUT,FalsePositive,MUT,FalsePositive,MUT,FalsePositive,FalsePositive,FalsePositive,MUT,MUT
GATGGAGCAAGTTGGC,NOTCH1,CLL8,CLL8,1,FRP.FFPEtest1_CLL8,False,WT,WT,WT,GCB,WT,WT,WT,WT,WT,WT,WT,WT,WT,WT,0.1180541743435391,0.6042924375842613,0.2776533880721996,0.0,1.0,0.0,0.0,1.0,0.0,0.0,1.0,2.0137392926458361e-44,0.056265876,0.8872631,0.056470938,1.1320880437823018e-08,0.9999996327141284,3.559649909725065e-07,4.432228174952655e-06,0.9999735117566712,2.205601515392761e-05,0.2762763373578016,0.4372835249827561,0.2864401376594422,0.0982541940707435,0.8022930337857405,0.0994527696599892,1.0,WT,MUT,WT,WT,WT,WT,WT,WT,WT,WT,WT,WT,WT
TCAAGCGAGTTTGCTG,NOTCH1,CLL8,CLL8,0,FRP.FFPEtest1_CLL8,True,WT,WT,WT,T-cell,WT,WT,WT,WT,WT,WT,WT,WT,WT,WT,0.3129245652788004,0.4901750427917862,0.1969003919294132,0.0,1.0,0.0,0.0,1.0,0.0,0.0,1.0,2.378141091858929e-56,0.056265876,0.8872631,0.056470938,0.0012514971674959,0.9987484624192638,4.0413240280267886e-08,2.727533958060543e-05,0.9999508654407896,2.1859219630014725e-05,0.2986281452556038,0.4368710138317579,0.2645008409126383,0.1005572930074989,0.8021665536134486,0.0972761508955256,1.0,WT,WT,WT,WT,WT,WT,WT,WT,WT,WT,WT,WT,WT
TGCATCCAGGAAACCT,NOTCH1,CLL8,CLL8,0,FRP.FFPEtest1_CLL8,True,WT,WT,WT,T-cell,WT,WT,WT,WT,WT,WT,WT,WT,WT,WT,0.2151082879367812,0.6390029464914289,0.1458887655717899,0.0,1.0,0.0,0.0,1.0,0.0,0.0,1.0,1.5527399737207758e-91,0.056265876,0.8872631,0.056470938,6.827651809891872e-07,0.9999993166937567,5.410621390163983e-10,1.779578130332782e-05,0.9999465500631796,3.5654155517139735e-05,0.3056391718199662,0.4364386394999898,0.257922188680044,0.100748218196903,0.8025260425658609,0.0967257367537091,1.0,WT,WT,WT,WT,WT,WT,WT,WT,WT,WT,WT,WT,WT
GTAACCACACTATGGA,NOTCH1,CLL8,CLL8,1,FRP.FFPEtest1_CLL8,False,WT,WT,WT,CD24+ -B,WT,WT,WT,WT,WT,WT,WT,WT,WT,WT,0.2142793838116712,0.6164268890912433,0.1692937270970854,0.0,1.0,0.0,0.0,1.0,0.0,0.0,1.0,2.21820665215546e-80,0.056265876,0.8872631,0.056470938,1.6292710720652599e-07,0.9999998366124092,4.60483474323707e-10,1.0829645304768182e-05,0.9999345146649106,5.465568978477223e-05,0.2986281452556038,0.4368710138317579,0.2645008409126383,0.1001493550963767,0.8025752288628974,0.0972754135571991,1.0,WT,WT,WT,WT,WT,WT,WT,WT,WT,WT,WT,WT,WT
GGCTGGTAGGTTCATT,NOTCH1,CLL8,CLL8,1,FRP.FFPEtest1_CLL8,False,WT,WT,WT,GCB,WT,WT,WT,WT,WT,WT,WT,WT,WT,WT,0.1843770272442096,0.6217300361961013,0.1938929365596891,0.0,1.0,0.0,0.0,1.0,0.0,0.0,1.0,4.8253723051873376e-80,0.056265876,0.8872631,0.056470938,2.2331432593082062e-06,0.9999977656510572,1.2056834154786035e-09,4.749896678093355e-06,0.9999731938723544,2.2056230967511752e-05,0.2812194361559411,0.437323648026482,0.2814569158175769,0.0986754528515808,0.8026241573429099,0.0987003873219822,1.0,WT,WT,WT,WT,WT,WT,WT,WT,WT,WT,WT,WT,WT
GACCTGAAGCTATTAC,NOTCH1,CLL8,CLL8,1,FRP.FFPEtest1_CLL8,False,WT,WT,WT,GCB,WT,WT,WT,WT,WT,WT,WT,WT,WT,WT,0.2711774246270449,0.5284049441565708,0.2004176312163843,0.0,1.0,0.0,0.0,1.0,0.0,0.0,1.0,2.982136129100588e-59,0.056265876,0.8872631,0.056470938,1.010241683162071e-05,0.9999898815362432,1.6046925208847286e-08,5.548107994199452e-06,0.9999585204162076,3.5931475798223146e-05,0.2986281452556038,0.4368710138317579,0.2645008409126383,0.1002181619175028,0.8025031539252042,0.0972786816737661,1.0,WT,WT,WT,WT,WT,WT,WT,WT,WT,WT,WT,WT,WT
ACTTATGGTGCATTAC,NOTCH1,CLL8,CLL8,0,FRP.FFPEtest1_CLL8,True,WT,WT,WT,T-cell,WT,WT,WT,WT,WT,WT,WT,WT,WT,WT,0.3320933170330271,0.4886616445227101,0.1792450384442627,0.0,1.0,0.0,0.0,1.0,0.0,0.0,1.0,1.3148921418688037e-56,0.056265876,0.8872631,0.056470938,0.0001221393175463,0.999877170477197,6.902052565845721e-07,1.5629914606305597e-05,0.9999505758336192,3.3794251774379755e-05,0.3069709649986343,0.4363408768500565,0.2566881581513092,0.1013315724356077,0.8020420646897423,0.0966263603911232,1.0,WT,WT,WT,WT,WT,WT,WT,WT,WT,WT,WT,WT,WT
TTACTTCGTGTCCAAT,NOTCH1,CLL8,CLL8,1,FRP.FFPEtest1_CLL8,False,WT,WT,WT,CD24+ -B,WT,WT,WT,WT,WT,WT,WT,WT,WT,WT,0.2197513847086026,0.5673918648899067,0.2128567504014907,0.0,1.0,0.0,0.0,1.0,0.0,0.0,1.0,3.412260153642895e-64,0.056265876,0.8872631,0.056470938,2.384765565562606e-05,0.999976110705124,4.163922035003585e-08,3.459494022947681e-06,0.9999681968483032,2.834365767403879e-05,0.2812194361559411,0.437323648026482,0.2814569158175769,0.0986833593802989,0.8025958162894377,0.0987208218467364,1.0,WT,WT,WT,WT,WT,WT,WT,WT,WT,WT,WT,WT,WT
TCAAACCGTGACCTTG,NOTCH1,CLL8,CLL8,0,FRP.FFPEtest1_CLL8,True,WT,WT,WT,T-cell,WT,WT,WT,WT,WT,WT,WT,WT,WT,WT,0.3315633971199611,0.4893112169326222,0.1791253859474166,0.0,1.0,0.0,0.0,1.0,0.0,0.0,1.0,1.378489279366645e-56,0.056265876,0.8872631,0.056470938,4.7667852301783765e-05,0.999950509145166,1.8230025321899808e-06,3.598418699822327e-05,0.9999087174815436,5.529833145822417e-05,0.3069709649986343,0.4363408768500565,0.2566881581513092,0.1012661226589564,0.8021061125479402,0.0966277623095765,1.0,WT,WT,WT,WT,WT,WT,WT,WT,WT,WT,WT,WT,WT
AGAAGGTCAGGAGCAA,NOTCH1,CLL8,CLL8,1,FRP.FFPEtest1_CLL8,False,MUT,MUT,MUT,Memory -B,FalsePositive,MUT,FalsePositive,FalsePositive,MUT,MUT,MUT,MUT,MUT,MUT,0.3901592363881887,0.2835996030082751,0.3262411606035361,0.105,0.0,0.895,1.0,0.0,0.0,1.0,0.0,6.555036709819643e-92,0.07731165,0.06576664,0.85692173,0.000649833384773,0.0004910889099096,0.9988590777053172,0.0001558691679492,2.073728495943969e-05,0.9998233935470912,0.3499346866357588,0.25541184215594,0.3946534712083012,0.3325343960923277,0.0988926536300796,0.5685729527611194,0.7916666666666666,MUT,MUT,MUT,FalsePositive,FalsePositive,MUT,MUT,MUT,MUT,MUT,MUT,MUT,MUT
TGTTGGTGTAAAGCGC,NOTCH1,CLL8,CLL8,1,FRP.FFPEtest1_CLL8,False,MUT,MUT,MUT,Memory -B,FalsePositive,MUT,MUT,FalsePositive,MUT,FalsePositive,MUT,FalsePositive,MUT,FalsePositive,0.4281391978179916,0.2473598595271407,0.3245009426548677,0.225,0.0,0.775,0.0,0.0,1.0,1.0,0.0,1.7211558742622312e-93,0.13533215,0.06227265,0.8023952,0.9095756084874188,1.844026807546264e-05,0.0904059512445059,0.007410811342945,8.911316057944617e-05,0.9925000754964756,0.3724826921514057,0.2557555095599441,0.3717617982886501,0.5124238280576022,0.0970707704791699,0.3905054014632279,0.5416666666666666,MUT,MUT,MUT,MUT,FalsePositive,MUT,FalsePositive,MUT,FalsePositive,MUT,FalsePositive,MUT,MUT
TGTGAGGTCCAGAACG,NOTCH1,CLL8,CLL8,0,FRP.FFPEtest1_CLL8,True,WT,WT,WT,Macrophage,WT,WT,WT,WT,WT,WT,WT,WT,WT,WT,0.2715192475815448,0.5258936242988245,0.2025871281196306,0.0,1.0,0.0,0.0,1.0,0.0,0.0,1.0,3.4012560906929605e-59,0.056265876,0.8872631,0.056470938,4.3309424914066215e-05,0.9999566590323968,3.1542689206868656e-08,6.809336714245313e-05,0.999921991107824,9.91552503363936e-06,0.2986281452556038,0.4368710138317579,0.2645008409126383,0.1002628994408828,0.8024599279774945,0.0972771700980959,1.0,WT,WT,WT,WT,WT,WT,WT,WT,WT,WT,WT,WT,WT
GGACATAGTTCATTGA,NOTCH1,CLL8,CLL8,0,FRP.FFPEtest1_CLL8,True,WT,WT,WT,T-cell,WT,WT,WT,WT,WT,WT,WT,WT,WT,WT,0.316001847396389,0.4921271979794697,0.1918709546241412,0.0,1.0,0.0,0.0,1.0,0.0,0.0,1.0,2.1589532757268425e-56,0.056265876,0.8872631,0.056470938,3.6587022483129806e-05,0.999962828556807,5.84420709839261e-07,1.5586577483371113e-05,0.999269446723438,0.0007149666990786,0.3056391718199662,0.4364386394999898,0.257922188680044,0.1009738467599408,0.8022950996633496,0.0967310510931828,1.0,WT,WT,WT,WT,WT,WT,WT,WT,WT,WT,WT,WT,WT
GAGCCTTTCTCAGCTA,NOTCH1,CLL8,CLL8,0,FRP.FFPEtest1_CLL8,True,WT,WT,WT,T-cell,WT,WT,WT,WT,WT,WT,WT,WT,WT,WT,0.3119302780543397,0.5206055856060439,0.1674641363396164,0.0,1.0,0.0,0.0,1.0,0.0,0.0,1.0,7.366519908706401e-60,0.056265876,0.8872631,0.056470938,9.236377356014294e-05,0.9999075945733308,4.16531092722585e-08,1.566411601605212e-05,0.9999627658952758,2.1569988708288163e-05,0.3006414284274513,0.4367611359705809,0.2625974356019678,0.100770507585517,0.8021133260829294,0.0971161638480267,1.0,WT,WT,WT,WT,WT,WT,WT,WT,WT,WT,WT,WT,WT
TCACTTTGTGCATTAC,NOTCH1,CLL8,CLL8,1,FRP.FFPEtest1_CLL8,False,WT,WT,WT,GCB,WT,WT,WT,WT,WT,WT,WT,WT,WT,WT,0.277053738227277,0.5269755203523884,0.1959707414203346,0.0,1.0,0.0,0.0,1.0,0.0,0.0,1.0,2.487200304054436e-59,0.056265876,0.8872631,0.056470938,2.226962328317501e-05,0.999977721816109,8.560607766982506e-09,1.856260644018686e-05,0.9999044477570432,7.698963651681024e-05,0.2986281452556038,0.4368710138317579,0.2645008409126383,0.1002594526423544,0.80246350182812,0.0972770430459986,1.0,WT,WT,WT,WT,WT,WT,WT,WT,WT,WT,WT,WT,WT
ACACAATCACGGTAAC,NOTCH1,CLL8,CLL8,1,FRP.FFPEtest1_CLL8,False,WT,WT,WT,GCB,WT,WT,WT,WT,WT,WT,WT,WT,WT,WT,0.100798609733461,0.7494089667010001,0.1497924235655388,0.0,1.0,0.0,0.0,1.0,0.0,0.0,1.0,5.447945240047936e-174,0.056265876,0.8872631,0.056470938,2.1154337138304003e-08,0.9999999787456711,9.999154620396159e-11,4.5088326743888886e-06,0.9999734346460094,2.2056521316238144e-05,0.2812194361559411,0.437323648026482,0.2814569158175769,0.0986667028682198,0.8026433583794187,0.0986899362688346,1.0,WT,WT,WT,WT,WT,WT,WT,WT,WT,WT,WT,WT,WT
AAAGTGCTCTAATGAG,NOTCH1,CLL8,CLL8,0,FRP.FFPEtest1_CLL8,True,MUT,MUT,MUT,T-cell,MUT,MUT,MUT,MUT,MUT,MUT,MUT,MUT,MUT,MUT,0.2522844908266207,0.3490366132745963,0.3986788958987831,0.05,0.01,0.94,0.0,0.0,1.0,0.0,0.0,1.0,0.22493155,0.22234108,0.5527274,0.0096228794186392,0.0291295235566085,0.9612475970247524,0.3691381771249049,0.002648914416163,0.628212908458932,0.3632842174137342,0.2557015823702404,0.3810142002160254,0.1270594940639806,0.1141391113352917,0.7588013908754373,1.0,FalsePositive,MUT,MUT,MUT,MUT,MUT,MUT,FalsePositive,MUT,MUT,MUT,MUT,FalsePositive
ATGTTCCCAAGTGCAC,NOTCH1,CLL8,CLL8,0,FRP.FFPEtest1_CLL8,True,WT,WT,WT,T-cell,WT,WT,WT,WT,WT,WT,WT,WT,WT,WT,0.2918357284330727,0.5524053318846677,0.1557589396822596,0.0,1.0,0.0,0.0,1.0,0.0,0.0,1.0,5.94112288794523e-65,0.056265876,0.8872631,0.056470938,4.749039453850836e-06,0.9999951775873536,7.337319242703964e-08,9.833926391035152e-06,0.9998573800945464,0.0001327859790625,0.3069709649986343,0.4363408768500565,0.2566881581513092,0.1010680229223001,0.8023083115618806,0.0966236630322924,1.0,WT,WT,WT,WT,WT,WT,WT,WT,WT,WT,WT,WT,WT
ATCGTGACAACTTAGG,NOTCH1,CLL8,CLL8,0,FRP.FFPEtest1_CLL8,True,WT,WT,WT,T-cell,WT,WT,WT,WT,WT,WT,WT,WT,WT,WT,0.2277902708660648,0.6353346884521014,0.1368750406818338,0.0,1.0,0.0,0.0,1.0,0.0,0.0,1.0,9.332825603299662e-92,0.056265876,0.8872631,0.056470938,7.738546819700014e-06,0.9999922609084458,5.447345029949699e-10,1.655924699726134e-05,0.9999645660016518,1.8874751350903395e-05,0.3006414284274513,0.4367611359705809,0.2625974356019678,0.1003796772811107,0.8025054120651803,0.097114908170182,1.0,WT,WT,WT,WT,WT,WT,WT,WT,WT,WT,WT,WT,WT
GCGGATTCAAACTTGG,NOTCH1,CLL8,CLL8,1,FRP.FFPEtest1_CLL8,False,WT,WT,WT,CCDN2$^{hi}$ -B,WT,WT,WT,WT,WT,WT,WT,WT,WT,WT,0.0763423025237649,0.6527449168351782,0.2709127806410569,0.0,1.0,0.0,0.0,1.0,0.0,0.0,1.0,3.547651228021159e-62,0.056265876,0.8872631,0.056470938,1.3201915963396468e-08,0.9999998934623172,9.333576669659074e-08,5.273017335983312e-06,0.99997267029286,2.2056689804220566e-05,0.2787703744886557,0.4373133795167424,0.2839162459946017,0.0984620962389594,0.8022429212398676,0.0992949800376461,1.0,WT,WT,WT,WT,WT,WT,WT,WT,WT,WT,WT,WT,WT
GAGCTAGTCTTCGCCC,NOTCH1,CLL8,CLL8,0,FRP.FFPEtest1_CLL8,True,WT,WT,WT,Macrophage,WT,WT,WT,WT,WT,WT,WT,WT,WT,WT,0.3170437527261544,0.493540817121416,0.1894154301524295,0.0,1.0,0.0,0.0,1.0,0.0,0.0,1.0,2.088829096978441e-56,0.056265876,0.8872631,0.056470938,3.577266239040932e-06,0.9999780508907664,1.8371842994353675e-05,2.592730331328331e-05,0.9999621135173328,1.1959179353921451e-05,0.3022444836623161,0.436665377966948,0.2610901383707358,0.1006390877336,0.8023584118581488,0.097002497924724,1.0,WT,WT,WT,WT,WT,WT,WT,WT,WT,WT,WT,WT,WT
TAGCCTGGTTAATCCA,NOTCH1,CLL8,CLL8,0,FRP.FFPEtest1_CLL8,True,WT,WT,WT,T-cell,WT,WT,WT,WT,WT,WT,WT,WT,WT,WT,0.1458078967445958,0.5948459625679196,0.2593461406874845,0.0,1.0,0.0,0.0,1.0,0.0,0.0,1.0,9.27123496311909e-26,0.056265876,0.8872631,0.056470938,2.998919700923068e-07,0.9999952062321524,4.493875877416579e-06,3.410064357390525e-06,0.9999913552976676,5.2346379750138905e-06,0.2868822539518869,0.4372762980068675,0.2758414480412455,0.0991389133150179,0.720237922834078,0.1806231613673773,0.9583333333333334,WT,WT,WT,WT,WT,WT,WT,WT,WT,WT,WT,WT,WT
AAGGTTGGTTATGTGC,NOTCH1,CLL8,CLL8,0,FRP.FFPEtest1_CLL8,True,WT,WT,WT,T-cell,WT,WT,WT,WT,WT,WT,WT,WT,WT,WT,0.3146446888169158,0.5209132707273199,0.1644420404557642,0.0,1.0,0.0,0.0,1.0,0.0,0.0,1.0,7.29690903920716e-60,0.056265876,0.8872631,0.056470938,1.878880385674577e-05,0.9999809442152486,2.669808946313731e-07,9.832136277250642e-06,0.9997905764556152,0.0001995914081074,0.3069709649986343,0.4363408768500565,0.2566881581513092,0.1012086694550149,0.8021667500309082,0.09662457803055,1.0,WT,WT,WT,WT,WT,WT,WT,WT,WT,WT,WT,WT,WT
GTATTACTCGGTAATA,NRAS,CLL8,CLL8,1,FRP.FFPEtest1_CLL8,False,WT,WT,WT,Memory -B,WT,WT,WT,WT,WT,WT,WT,WT,WT,WT,2.873636563983721e-07,0.9999997124065644,2.2977904801266677e-10,0.0,1.0,0.0,0.0,1.0,0.0,0.0,1.0,8.616183573610459e-57,0.0009776857,0.9980995,0.00092278473,0.0002123713297527,0.9997876256948224,2.9754249639248837e-09,8.272022623594205e-10,0.9999999986796052,4.931925862776236e-10,0.306320840430775,0.4346696249095542,0.2590095346596708,0.0944283819499022,0.8157943137184462,0.0897773024690064,1.0,WT,WT,WT,WT,WT,WT,WT,WT,WT,WT,WT,WT,WT
GCATTACGTGAGAAGG,NRAS,CLL8,CLL8,1,FRP.FFPEtest1_CLL8,False,MUT,MUT,MUT,GCB,MUT,MUT,MUT,FalsePositive,MUT,MUT,MUT,MUT,MUT,MUT,0.3789677233027633,0.0001497190105595,0.620882557686677,0.0,0.0,1.0,0.0,0.0,1.0,1.0,0.0,1.572646826174731e-16,0.004090335,0.0014161728,0.9944935,0.0026358608810847,0.0001794172340061,0.997184721884909,4.059817248583546e-09,1.224612863248326e-09,0.9999999947155698,0.3593441709892815,0.2556423665230143,0.3850134624877041,0.3022848845782776,0.0944105902847066,0.6033045232743707,0.8333333333333334,MUT,MUT,MUT,MUT,FalsePositive,MUT,MUT,MUT,MUT,MUT,MUT,MUT,MUT
ACTTGCATCACATTAC,NRAS,CLL8,CLL8,1,FRP.FFPEtest1_CLL8,False,MUT,MUT,MUT,CCDN2$^{hi}$ -B,FalsePositive,MUT,MUT,FalsePositive,MUT,MUT,MUT,MUT,MUT,MUT,0.6175239826809984,3.169154881246164e-06,0.3824728481641204,0.02,0.0,0.98,0.0,0.0,1.0,1.0,0.0,2.0252763503002936e-26,0.003177701,0.0009763121,0.995846,0.0011693774735719,3.936960539513341e-06,0.9988266855658884,2.066081322527904e-09,2.190101258481563e-09,0.9999999957438176,0.3635828974710365,0.2557051823362251,0.3807119201927383,0.4033045791101251,0.0844385167940901,0.512256903474903,0.6666666666666666,MUT,FalsePositive,MUT,MUT,FalsePositive,MUT,MUT,MUT,MUT,MUT,FalsePositive,MUT,MUT
GATGGTAGTACCTTAA,NRAS,CLL8,CLL8,1,FRP.FFPEtest1_CLL8,False,MUT,MUT,MUT,Memory -B,FalsePositive,MUT,MUT,FalsePositive,MUT,MUT,MUT,MUT,MUT,MUT,0.914828913358307,4.380158817793369e-05,0.085127285053515,0.0,0.0,1.0,0.0,0.0,1.0,1.0,0.0,1.0620224973404105e-19,0.0012852155,0.0004932432,0.9982216,0.0018146310244365,6.627411711989527e-07,0.9981847062343924,5.189783659572123e-10,9.80107278354187e-10,0.9999999985009144,0.3585819113884538,0.2556283842099141,0.3857897044016321,0.4294018839636526,0.0903071602079558,0.4802909564492733,0.6666666666666666,MUT,FalsePositive,MUT,MUT,FalsePositive,MUT,MUT,MUT,MUT,MUT,FalsePositive,MUT,MUT
AAATCACCATGTTTCA,NRAS,CLL8,CLL8,1,FRP.FFPEtest1_CLL8,False,WT,WT,WT,GCB,WT,WT,WT,WT,WT,WT,WT,WT,WT,WT,0.0012400612896739,0.998759938445274,2.6505192198716354e-10,0.0,1.0,0.0,0.0,1.0,0.0,0.0,1.0,5.860361604182912e-53,0.0005982688,0.99748236,0.001919438,6.144954182195469e-06,0.9998961059141492,9.774913166830212e-05,1.017879954097143e-09,0.9999999979454632,1.0366567747615799e-09,0.2919374295135194,0.4353901729000743,0.2726723975864061,0.0926938875008676,0.8135953097505927,0.0937108008858947,1.0,WT,WT,WT,WT,WT,WT,WT,WT,WT,WT,WT,WT,WT
ATGCACCTCCTTTGGA,NRAS,CLL8,CLL8,1,FRP.FFPEtest1_CLL8,False,MUT,MUT,MUT,GCB,FalsePositive,MUT,MUT,FalsePositive,MUT,MUT,MUT,MUT,MUT,MUT,0.6973793737775972,7.560237614741112e-05,0.3025450238462554,0.0,0.0,1.0,0.0,0.0,1.0,1.0,0.0,1.0261935678840253e-18,0.0029429856,0.0006665472,0.9963904,0.0001828021651992,6.882934921727615e-07,0.9998165095413084,9.038125164451192e-09,5.152310931420062e-09,0.9999999858095638,0.3692154045356593,0.2557497799541543,0.3750348155101862,0.3351369204131886,0.091925560821588,0.5729375187652234,0.75,MUT,FalsePositive,MUT,MUT,FalsePositive,MUT,MUT,MUT,MUT,MUT,FalsePositive,MUT,MUT
GATCACACAAACTGGC,NRAS,CLL8,CLL8,1,FRP.FFPEtest1_CLL8,False,WT,WT,WT,Memory -B,WT,WT,WT,WT,WT,WT,WT,WT,WT,WT,6.883180490028121e-24,0.9999999840848766,1.5915123304079776e-08,0.0,1.0,0.0,0.0,1.0,0.0,0.0,1.0,2.9361640490172275e-87,0.00036847044,0.9973084,0.0023231085,9.20518601990982e-06,0.9999906333431888,1.614707913372768e-07,8.453488889808324e-10,0.9999999987529438,4.017073680641188e-10,0.2804499427093347,0.4355284401599407,0.2840216171307245,0.0884054871954559,0.8214953166841408,0.0900991942577581,1.0,WT,WT,WT,WT,WT,WT,WT,WT,WT,WT,WT,WT,WT
TGGTGAAGTCGAAGTA,NRAS,CLL8,CLL8,1,FRP.FFPEtest1_CLL8,False,MUT,MUT,MUT,GCB,MUT,MUT,MUT,FalsePositive,MUT,MUT,MUT,MUT,MUT,MUT,0.1394693068548599,0.0001068431532639,0.8604238499918759,0.0,0.0,1.0,0.0,0.0,1.0,0.999999999999986,0.0,8.909789976896001e-15,0.0012166126,0.0006014132,0.99818206,0.0001248027338959,9.681059292478536e-07,0.9998742291601748,1.8234800738252214e-09,2.391800841249695e-09,0.999999995784719,0.3390138123364389,0.2549837868025051,0.4060024008610558,0.250211991164254,0.091692245957731,0.65809576101537,0.875,MUT,MUT,MUT,MUT,FalsePositive,MUT,MUT,MUT,MUT,MUT,MUT,MUT,MUT
TGGTTTGTCTCACAAT,NRAS,CLL8,CLL8,1,FRP.FFPEtest1_CLL8,False,MUT,MUT,MUT,CD24+ -B,FalsePositive,MUT,MUT,FalsePositive,MUT,MUT,MUT,MUT,MUT,MUT,0.6385977944339313,0.0001423399923461,0.3612598655737226,0.0,0.0,1.0,0.0,0.0,1.0,1.0,0.0,6.300381597136064e-19,0.0053676576,0.0013483067,0.993284,0.001402157074679,0.0001758089396726,0.9984220339856482,1.909262639146369e-08,4.400322725651537e-09,0.999999976507051,0.3692154045356593,0.2557497799541543,0.3750348155101862,0.3187644625826624,0.0945316038795115,0.5867039329169443,0.7916666666666666,MUT,FalsePositive,MUT,MUT,FalsePositive,MUT,MUT,MUT,MUT,MUT,FalsePositive,MUT,MUT
TGTTAGCGTGATTACC,NRAS,CLL8,CLL8,1,FRP.FFPEtest1_CLL8,False,MUT,MUT,MUT,Memory -B,FalsePositive,MUT,FalsePositive,FalsePositive,MUT,MUT,MUT,MUT,MUT,FalsePositive,0.7693161282449897,3.927710387667603e-05,0.2306445946511335,0.04,0.0,0.96,0.5788037605386361,0.0,0.4211962394613639,1.0,0.0,1.213363002784651e-19,0.011040037,0.00097020896,0.9879897,0.0010867683654071,7.494856053194144e-07,0.9989124821489874,0.0008797900319894,5.91206009513166e-07,0.999119618762001,0.3709151837730591,0.2557545967165695,0.3733302195103714,0.4729649466950155,0.0895981538375232,0.4374368994674613,0.5416666666666666,MUT,FalsePositive,FalsePositive,FalsePositive,FalsePositive,MUT,MUT,MUT,MUT,MUT,FalsePositive,MUT,MUT
GCTAGACCATTCAGGA,NRAS,CLL8,CLL8,1,FRP.FFPEtest1_CLL8,False,MUT,MUT,MUT,CD24+ -B,FalsePositive,MUT,MUT,FalsePositive,MUT,MUT,MUT,MUT,MUT,MUT,0.5404026853236102,8.291181488810512e-05,0.4595144028615016,0.0,0.0,1.0,0.0,0.0,1.0,1.0,0.0,4.6180491883228144e-18,0.0012462069,0.0005519361,0.99820185,0.0001463274032161,6.612026493948652e-07,0.9998530113941344,2.541299604410576e-09,3.0927020600332832e-09,0.9999999943659984,0.3635828974710365,0.2557051823362251,0.3807119201927383,0.2996815747693915,0.0914785537129638,0.6088398715176447,0.8333333333333334,MUT,FalsePositive,MUT,MUT,FalsePositive,MUT,MUT,MUT,MUT,MUT,MUT,MUT,MUT
TCTCAATAGTCTTGCA,NRAS,CLL8,CLL8,1,FRP.FFPEtest1_CLL8,False,MUT,MUT,MUT,CCDN2$^{hi}$ -B,MUT,MUT,MUT,FalsePositive,MUT,MUT,MUT,MUT,MUT,MUT,0.4739873540494199,0.0001581413267902,0.5258545046237897,0.0,0.0,1.0,0.0,0.0,1.0,1.0,0.0,4.964148241350907e-18,0.002026122,0.0011162619,0.99685764,0.0026116032563689,0.0001869967567824,0.9972013999868486,7.543992941589495e-09,3.0666742918341423e-09,0.9999999893893328,0.3635828974710365,0.2557051823362251,0.3807119201927383,0.2845761177446396,0.0943113087782997,0.6211125747188243,0.875,MUT,MUT,MUT,MUT,FalsePositive,MUT,MUT,MUT,MUT,MUT,MUT,MUT,MUT
GGATTATCAAATGACT,NRAS,CLL8,CLL8,0,FRP.FFPEtest1_CLL8,True,WT,WT,WT,T-cell,WT,WT,WT,WT,WT,WT,WT,WT,WT,WT,5.576878331804837e-11,0.9999999997085776,2.3565361127131675e-10,0.0,1.0,0.0,0.0,1.0,0.0,0.0,1.0,1.0650400924869834e-61,0.0009890123,0.9971397,0.0018712734,0.0001787169517763,0.9998212799376526,3.1105710747093038e-09,2.2155147976487393e-09,0.9999999945936158,3.190869323634925e-09,0.2976210879159482,0.4351763598488852,0.2672025522351665,0.0924295463979691,0.8175848630099329,0.0899855887294529,1.0,WT,WT,WT,WT,WT,WT,WT,WT,WT,WT,WT,WT,WT
ACTTGAAAGTGTAATG,NRAS,CLL8,CLL8,1,FRP.FFPEtest1_CLL8,False,MUT,MUT,MUT,Memory -B,FalsePositive,MUT,MUT,FalsePositive,MUT,MUT,MUT,MUT,MUT,MUT,0.8621427892383968,8.071091889957537e-05,0.1377764998427036,0.0,0.0,1.0,0.123772066257124,0.0,0.8762279337428759,1.0,0.0,4.1900037099653656e-20,0.0019508601,0.00057756284,0.9974716,0.006057593156452,3.481420367034393e-05,0.9939075926398776,5.24878585210495e-10,7.34099846160397e-10,0.9999999987410216,0.3713720915019864,0.2557552119415855,0.3728726965564281,0.4509751375475284,0.0926126589003921,0.4564122029311975,0.6666666666666666,MUT,FalsePositive,MUT,FalsePositive,FalsePositive,MUT,MUT,MUT,MUT,MUT,FalsePositive,MUT,MUT
GACTGAGTCCTGAGGA,NRAS,CLL8,CLL8,1,FRP.FFPEtest1_CLL8,False,WT,WT,WT,CD24+ -B,WT,WT,WT,WT,WT,WT,WT,WT,WT,WT,6.851865745201564e-08,0.999999930520966,9.60376401701331e-10,0.0,1.0,0.0,0.0,1.0,0.0,0.0,1.0,2.2388143560987807e-56,0.00036730664,0.99733055,0.0023021044,1.0203725113971278e-05,0.999971796237412,1.8000037474086467e-05,8.453488889808324e-10,0.9999999987529438,4.017073680641188e-10,0.2804499427093347,0.4355284401599407,0.2840216171307245,0.0908948751505297,0.8161504556333664,0.0929546673534589,1.0,WT,WT,WT,WT,WT,WT,WT,WT,WT,WT,WT,WT,WT
AGTGGATTCAGCACGA,NRAS,CLL8,CLL8,1,FRP.FFPEtest1_CLL8,False,MUT,MUT,MUT,GCB,MUT,MUT,MUT,MUT,MUT,MUT,MUT,MUT,MUT,MUT,3.2632293928767022e-06,3.865409775669917e-05,0.9999580826728504,0.0,0.0,1.0,0.0,0.0,1.0,5.459613714861826e-147,0.0,1.0,0.0033804663,0.00080642814,0.9958131,1.1277854499637021e-07,4.694692612719828e-09,0.9999998825267624,3.011752282420107e-09,3.5433571277711836e-09,0.9999999934448908,0.3414896352965588,0.2550961620498614,0.4034142026535797,0.1098994117876176,0.0923675924042297,0.7977329976707977,1.0,MUT,MUT,MUT,MUT,MUT,MUT,MUT,MUT,MUT,MUT,MUT,MUT,MUT
ACAGCCGCAGCCTATT,NRAS,CLL8,CLL8,1,FRP.FFPEtest1_CLL8,False,MUT,MUT,MUT,GCB,MUT,MUT,MUT,FalsePositive,MUT,MUT,MUT,MUT,MUT,MUT,0.4189470575400919,0.0001610416904102,0.5808919007694978,0.0,0.0,1.0,0.0,0.0,1.0,1.0,0.0,4.0369398692310025e-18,0.0011493104,0.00094455574,0.9979062,0.0011158357913405,0.000126310269975,0.9987578539386844,3.611207883799119e-09,2.3426909141637716e-09,0.9999999940461012,0.3487111053315868,0.2553725326571333,0.3959163620112799,0.2778002917088215,0.0942061689856374,0.6279935393055412,0.875,MUT,MUT,MUT,MUT,FalsePositive,MUT,MUT,MUT,MUT,MUT,MUT,MUT,MUT
GTGGTTACAAGCTAAT,NRAS,CLL8,CLL8,1,FRP.FFPEtest1_CLL8,False,MUT,MUT,MUT,Plasmacytic,FalsePositive,MUT,MUT,FalsePositive,FalsePositive,FalsePositive,MUT,FalsePositive,FalsePositive,FalsePositive,0.6525130121914603,7.277335033007032e-05,0.3474142144582097,0.04,0.0,0.96,0.0,0.0,1.0,1.0,0.0,6.451146191867155e-20,0.4996325,0.0034842866,0.49688315,0.9960699904706388,1.701049468265054e-06,0.0039283084798929,5.3148935687690245e-05,8.227031185163068e-08,0.9999467687940004,0.3821023270052467,0.2556876025080998,0.3622100704866533,0.5261421425440624,0.0917970429564725,0.3820608126368199,0.625,MUT,FalsePositive,FalsePositive,MUT,FalsePositive,FalsePositive,FalsePositive,MUT,FalsePositive,FalsePositive,FalsePositive,FalsePositive,FalsePositive
ACAATGTCAACAGCTA,NRAS,CLL8,CLL8,1,FRP.FFPEtest1_CLL8,False,WT,WT,WT,CCDN2$^{hi}$ -B,WT,WT,WT,WT,WT,WT,WT,WT,WT,WT,1.1408148511634824e-06,0.999998859128342,5.6807054399942596e-11,0.0,1.0,0.0,0.0,1.0,0.0,0.0,1.0,1.0616869164894837e-56,0.0012513817,0.9971554,0.0015932287,6.464082318556326e-05,0.999935303848748,5.5328066342859024e-08,5.23686849486803e-09,0.999999991491474,3.2716576612225566e-09,0.2976210879159482,0.4351763598488852,0.2672025522351665,0.0941499281165728,0.8151323504007594,0.0907177196200228,1.0,WT,WT,WT,WT,WT,WT,WT,WT,WT,WT,WT,WT,WT
AACGGCTCAAACCCAA,NRAS,CLL8,CLL8,1,FRP.FFPEtest1_CLL8,False,MUT,MUT,MUT,CCDN2$^{hi}$ -B,MUT,MUT,MUT,FalsePositive,MUT,MUT,MUT,MUT,MUT,MUT,0.1202259109820065,4.139176334172878e-05,0.8797326972546516,0.0,0.0,1.0,0.0,0.0,1.0,0.9999999999999432,0.0,5.1254047752452683e-14,0.011282389,0.001855068,0.98686254,0.0001193736042965,3.6050153158390653e-07,0.999880265894172,4.984851672366388e-09,2.348365799745922e-09,0.9999999926667824,0.3418761094674534,0.2551128871363263,0.4030110033962203,0.2565471566816857,0.0888637095673623,0.6545891356135971,0.875,MUT,MUT,MUT,MUT,FalsePositive,MUT,MUT,MUT,MUT,MUT,MUT,MUT,MUT
ATGGATCAGCTTTACG,NRAS,CLL8,CLL8,1,FRP.FFPEtest1_CLL8,False,MUT,MUT,MUT,GCB,MUT,MUT,MUT,FalsePositive,MUT,MUT,MUT,MUT,MUT,MUT,0.2153219046372186,0.0001416165628598,0.7845364787999216,0.0,0.0,1.0,0.0,0.0,1.0,1.0,0.0,5.370070392536188e-16,0.0064224056,0.0018452832,0.99173224,0.0001488731049827,4.470408156505464e-06,0.9998466564868608,6.9781711893192815e-09,2.836387897738263e-09,0.999999990185441,0.3487111053315868,0.2553725326571333,0.3959163620112799,0.2546325588007205,0.0929912509589723,0.6523761914820707,0.875,MUT,MUT,MUT,MUT,FalsePositive,MUT,MUT,MUT,MUT,MUT,MUT,MUT,MUT
GGCGTAATCGCTTGAC,NRAS,CLL8,CLL8,1,FRP.FFPEtest1_CLL8,False,MUT,MUT,MUT,GCB,FalsePositive,MUT,MUT,FalsePositive,MUT,FalsePositive,MUT,FalsePositive,MUT,MUT,0.6555732648474534,1.671668951401835e-05,0.3444100184630326,0.22,0.0,0.78,0.0,0.0,1.0,1.0,0.0,1.6187443869522266e-21,0.39604867,0.0070772604,0.59687406,0.9740600167085316,1.7093507407596622e-05,0.0259228897840608,0.1690986155680018,1.2849606686265384e-05,0.8308885348253119,0.3821023270052467,0.2556876025080998,0.3622100704866533,0.3959172465408638,0.087510202916082,0.516572548680409,0.5416666666666666,MUT,FalsePositive,FalsePositive,MUT,FalsePositive,FalsePositive,FalsePositive,MUT,FalsePositive,MUT,FalsePositive,FalsePositive,FalsePositive
ATAAGCATCATTGAGA,NRAS,CLL8,CLL8,1,FRP.FFPEtest1_CLL8,False,MUT,MUT,MUT,GCB,FalsePositive,MUT,FalsePositive,FalsePositive,MUT,MUT,MUT,MUT,MUT,FalsePositive,0.8697759949003864,3.330572751434995e-05,0.1301906993720993,0.22,0.0,0.78,1.0,0.0,0.0,1.0,0.0,2.2818761857597584e-20,0.0035792117,0.0007985478,0.9956222,0.0083296838359583,3.130455674333371e-06,0.9916671857083672,1.017678992822036e-09,1.5434452681141991e-09,0.9999999974388758,0.3713720915019864,0.2557552119415855,0.3728726965564281,0.5444647900304499,0.0896567956890475,0.365878417384911,0.5416666666666666,MUT,FalsePositive,FalsePositive,FalsePositive,FalsePositive,MUT,MUT,MUT,MUT,MUT,FalsePositive,MUT,MUT
ATGAGGAAGAAACCCG,NRAS,CLL8,CLL8,1,FRP.FFPEtest1_CLL8,False,MUT,MUT,MUT,Memory -B,FalsePositive,MUT,MUT,FalsePositive,MUT,MUT,MUT,MUT,MUT,MUT,0.5945025761351127,0.0001435989616666,0.4053538249032206,0.0,0.0,1.0,0.0,0.0,1.0,1.0,0.0,5.942784677900372e-19,0.003116179,0.001510796,0.9953731,0.0008257343238902,0.0001213181085022,0.9990529475676074,3.107996517529188e-09,1.0336587867576552e-09,0.9999999958583448,0.3692154045356593,0.2557497799541543,0.3750348155101862,0.3096916961528644,0.0941893863233596,0.5961189119358405,0.7916666666666666,MUT,FalsePositive,MUT,MUT,FalsePositive,MUT,MUT,MUT,MUT,MUT,MUT,MUT,MUT
GGCTGATCACCTAACT,NRAS,CLL8,CLL8,1,FRP.FFPEtest1_CLL8,False,WT,WT,WT,Memory -B,WT,WT,WT,WT,WT,WT,WT,WT,WT,WT,4.450723809095563e-16,0.9999999939261632,6.07383626452839e-09,0.0,1.0,0.0,0.0,1.0,0.0,0.0,1.0,4.130485261287476e-68,0.00035950894,0.99725467,0.0023858405,6.295353314112055e-06,0.9999901079055464,3.5967411391912787e-06,7.902909691379597e-10,0.9999999988080016,4.01707368086236e-10,0.2804499427093347,0.4355284401599407,0.2840216171307245,0.0891891363419818,0.8190551173017745,0.0917557444935987,1.0,WT,WT,WT,WT,WT,WT,WT,WT,WT,WT,WT,WT,WT
GTCCTGAGTCATGAAG,NRAS,CLL8,CLL8,0,FRP.FFPEtest1_CLL8,True,WT,WT,WT,Myo Fibro,WT,WT,WT,WT,WT,WT,WT,WT,WT,WT,1.2661441578716297e-23,0.9999999912859746,8.714025461599703e-09,0.0,1.0,0.0,0.0,1.0,0.0,0.0,1.0,8.339977098460914e-87,0.0009860949,0.9973673,0.001646597,2.065134401587778e-06,0.9999958183606126,2.1165049859638343e-06,3.827451668001081e-06,0.9999961719489264,5.994057086923518e-10,0.2985817791222559,0.4351309628573346,0.2662872580204095,0.0883874294968496,0.8214088798110838,0.0902036888294218,1.0,WT,WT,WT,WT,WT,WT,WT,WT,WT,WT,WT,WT,WT
GTATGTAAGAGCAAGA,NRAS,CLL8,CLL8,1,FRP.FFPEtest1_CLL8,False,MUT,MUT,MUT,CCDN2$^{hi}$ -B,FalsePositive,MUT,MUT,FalsePositive,MUT,MUT,MUT,MUT,MUT,MUT,0.859725136926202,6.61230413485546e-05,0.1402087400324494,0.0,0.0,1.0,0.0,0.0,1.0,1.0,0.0,1.4599827684530992e-19,0.001273667,0.00045467078,0.9982717,0.0545529527827441,3.778688195009479e-06,0.9454432685290608,8.041374457546346e-09,5.230847765270431e-09,0.9999999867277778,0.3709151837730591,0.2557545967165695,0.3733302195103714,0.3941287379266607,0.0913926789172154,0.5144785831561239,0.5833333333333334,MUT,FalsePositive,MUT,MUT,FalsePositive,MUT,FalsePositive,MUT,MUT,MUT,FalsePositive,MUT,MUT
GAATCAGGTTAGTTTG,NRAS,CLL8,CLL8,1,FRP.FFPEtest1_CLL8,False,WT,WT,WT,GCB,WT,WT,WT,WT,WT,WT,WT,WT,WT,WT,8.294178928080525e-21,0.9999999278751854,7.21248145068194e-08,0.0,1.0,0.0,0.0,1.0,0.0,0.0,1.0,1.451277556692355e-75,0.0009079796,0.9973105,0.0017815361,1.2004760143988797e-06,0.9999470772124136,5.172231157214709e-05,1.1235582725192126e-09,0.9999999980261862,8.502553736433353e-10,0.27518690871032,0.4354558941929091,0.2893571970967709,0.0873604594585282,0.8197201501535489,0.0929193885252777,1.0,WT,WT,WT,WT,WT,WT,WT,WT,WT,WT,WT,WT,WT
ACCAATCGTGAACCAA,NRAS,CLL8,CLL8,0,FRP.FFPEtest1_CLL8,True,WT,WT,WT,Macrophage,WT,WT,WT,WT,WT,WT,WT,WT,WT,WT,1.122703531305816e-06,0.9999988772375248,5.894398977764936e-11,0.0,1.0,0.0,0.0,1.0,0.0,0.0,1.0,3.2253056868646213e-57,0.0009143486,0.9976991,0.0013865986,0.0002612382666378,0.9997383754640669,3.862692952749061e-07,9.74448652715897e-10,0.9999999972063464,1.819204682682073e-09,0.2979757285784964,0.4351599104337401,0.2668643609877634,0.0973475821601596,0.8138454988705726,0.0888069171066228,1.0,WT,WT,WT,WT,WT,WT,WT,WT,WT,WT,WT,WT,WT
GCCATCAGTGAACGTA,NRAS,CLL8,CLL8,1,FRP.FFPEtest1_CLL8,False,MUT,MUT,MUT,Memory -B,FalsePositive,MUT,FalsePositive,FalsePositive,MUT,MUT,MUT,MUT,FalsePositive,FalsePositive,0.8575492567053545,8.548503027256021e-05,0.1423652582643727,0.28,0.0,0.72,0.6485642989976739,0.0,0.3514357010023262,1.0,0.0,7.187890946860833e-20,0.07207112,0.0063413787,0.92158747,0.1857870309027412,4.347217122921999e-05,0.8141694969260296,1.0871097054664485e-07,1.4618915319644745e-08,0.999999876670114,0.3709151837730591,0.2557545967165695,0.3733302195103714,0.5484157307316618,0.0922145772696936,0.3593696907568812,0.5,MUT,FalsePositive,FalsePositive,FalsePositive,FalsePositive,FalsePositive,FalsePositive,MUT,MUT,FalsePositive,FalsePositive,MUT,MUT
GCCCTTTGTTAAGGAT,NRAS,CLL8,CLL8,1,FRP.FFPEtest1_CLL8,False,MUT,MUT,MUT,GCB,MUT,MUT,MUT,FalsePositive,MUT,MUT,MUT,MUT,MUT,MUT,0.2373221518043552,0.0001713697368492,0.7625064784587956,0.0,0.0,1.0,0.0,0.0,1.0,1.0,0.0,4.890957843956275e-16,0.0022341067,0.0012631109,0.99650276,0.0067156678350894,0.0001927003549692,0.9930916318099414,3.107854841845323e-09,2.016644946265067e-09,0.9999999948755004,0.3390138123364389,0.2549837868025051,0.4060024008610558,0.2659182239042868,0.0943887350464021,0.6396930391866661,0.875,MUT,MUT,MUT,MUT,FalsePositive,MUT,MUT,MUT,MUT,MUT,MUT,MUT,MUT
TGGCTACTCATCACAT,NRAS,CLL8,CLL8,0,FRP.FFPEtest1_CLL8,True,MUT,MUT,MUT,T-cell,FalsePositive,MUT,MUT,FalsePositive,MUT,MUT,MUT,MUT,MUT,MUT,0.8520115565742178,8.132053287928565e-05,0.1479071228929028,0.0,0.0,1.0,0.1357259559855619,0.0,0.8642740440144381,1.0,0.0,3.812174453725838e-20,0.0019709785,0.0005835193,0.99744546,0.0039816272060934,2.8259853961709043e-05,0.9959901129399448,5.245527238470033e-10,7.335781692824856e-10,0.9999999987418692,0.3713720915019864,0.2557552119415855,0.3728726965564281,0.45311413871909,0.0926320859062261,0.4542537747538021,0.6666666666666666,FalsePositive,FalsePositive,MUT,FalsePositive,FalsePositive,MUT,MUT,MUT,MUT,MUT,FalsePositive,MUT,FalsePositive
GGTTGAGTCTAAGTAG,NRAS,CLL8,CLL8,1,FRP.FFPEtest1_CLL8,False,MUT,MUT,MUT,GCB,MUT,MUT,MUT,MUT,MUT,MUT,MUT,MUT,MUT,MUT,0.0058993000533242,2.347936715403569e-11,0.9941006999231964,0.0,0.0,1.0,0.0,0.0,1.0,0.0,0.0,1.0,0.0005709699,0.00044097033,0.9989881,3.0862407336484014e-07,1.4747130785298087e-09,0.9999996899012136,1.5211589994132947e-09,1.71827978491738e-09,0.9999999967605612,0.3651067319912917,0.2557216070976448,0.3791716609110635,0.1264009002423853,0.087313963828661,0.7862851384124806,1.0,MUT,MUT,MUT,MUT,MUT,MUT,MUT,MUT,MUT,MUT,MUT,MUT,MUT
ACGTGCAAGCCACTCG,NRAS,CLL8,CLL8,1,FRP.FFPEtest1_CLL8,False,MUT,MUT,MUT,GCB,MUT,MUT,MUT,MUT,MUT,MUT,MUT,MUT,MUT,MUT,4.978107927697337e-08,1.4109229082361812e-11,0.9999999502048114,0.0,0.0,1.0,0.0,0.0,1.0,0.0,0.0,1.0,0.007442024,0.00084903813,0.99170893,6.322581038542724e-08,9.074653422128235e-10,0.9999999358667244,9.826345744097178e-09,2.661134180894663e-09,0.99999998751252,0.3495873961794701,0.255400904868387,0.3950116989521428,0.1103333342061988,0.0863187515725586,0.8033479191882962,1.0,MUT,MUT,MUT,MUT,MUT,MUT,MUT,MUT,MUT,MUT,MUT,MUT,MUT
TAACCACGTAGCCAAA,NRAS,CLL8,CLL8,1,FRP.FFPEtest1_CLL8,False,WT,WT,WT,GCB,WT,WT,WT,WT,WT,WT,WT,WT,WT,WT,0.0005336955333612,0.9994663043184892,1.481497219909097e-10,0.0,1.0,0.0,0.0,1.0,0.0,0.0,1.0,4.006253365801925e-37,0.000618883,0.9975339,0.0018471518,1.6336942960941208e-06,0.9977701447145294,0.0022282215911744,1.017815319789222e-09,0.9999999974624488,1.5197356008189992e-09,0.2729857419729641,0.4353994712168792,0.2916147868101566,0.0876148263368671,0.8111657906430869,0.1012193811574009,1.0,WT,WT,WT,WT,WT,WT,WT,WT,WT,WT,WT,WT,WT
AGATTCAAGTGCAACG,NRAS,CLL8,CLL8,1,FRP.FFPEtest1_CLL8,False,MUT,MUT,MUT,Memory -B,FalsePositive,MUT,MUT,FalsePositive,MUT,MUT,MUT,MUT,MUT,MUT,0.6796894818508775,4.191299241263821e-05,0.3202686051567098,0.02,0.0,0.98,0.2285732608269655,0.0,0.7714267391730345,1.0,0.0,2.7943985647642016e-19,0.0037332473,0.0008446909,0.99542207,0.0002885790244088,5.028667844616183e-07,0.9997109181088066,9.00270207983264e-09,3.6875597025736583e-09,0.9999999873097382,0.3692154045356593,0.2557497799541543,0.3750348155101862,0.4175102682128316,0.089703051586017,0.4927866777176244,0.6666666666666666,MUT,FalsePositive,MUT,FalsePositive,FalsePositive,MUT,MUT,MUT,MUT,MUT,FalsePositive,MUT,MUT
TTGTCAGTCGATTCTG,NRAS,CLL8,CLL8,1,FRP.FFPEtest1_CLL8,False,MUT,MUT,MUT,Memory -B,FalsePositive,MUT,MUT,FalsePositive,MUT,MUT,MUT,MUT,MUT,MUT,0.747197332042247,0.0001295391783874,0.2526731287793655,0.0,0.0,1.0,0.0,0.0,1.0,1.0,0.0,1.4754762532670131e-19,0.008200986,0.0017001532,0.9900989,0.0008262515815851,0.0001429931955006,0.999030755222914,3.1770881068386984e-08,4.484617097687699e-09,0.9999999637445018,0.3709151837730591,0.2557545967165695,0.3733302195103714,0.3572532845664136,0.0939462463494389,0.5488004690841476,0.7083333333333334,MUT,FalsePositive,MUT,MUT,FalsePositive,MUT,MUT,MUT,MUT,MUT,FalsePositive,MUT,MUT
AACCAACAGGCAAGCC,NRAS,CLL8,CLL8,1,FRP.FFPEtest1_CLL8,False,WT,WT,WT,GCB,WT,WT,WT,WT,WT,WT,WT,WT,WT,WT,3.0164956261572e-15,0.999999999098304,9.01693047478736e-10,0.0,1.0,0.0,0.0,1.0,0.0,0.0,1.0,8.758904874431293e-69,0.002157126,0.99658453,0.0012583515,0.0004407941616693,0.9995592042279196,1.610411122935135e-09,6.692244536442586e-09,0.9999999914234098,1.884345879325266e-09,0.307656869768731,0.4345730043376954,0.2577701258935734,0.0929116217146928,0.8189416193810874,0.0881467570415747,1.0,WT,WT,WT,WT,WT,WT,WT,WT,WT,WT,WT,WT,WT
GACAGGGAGACATAGC,NRAS,CLL8,CLL8,1,FRP.FFPEtest1_CLL8,False,MUT,MUT,MUT,GCB,MUT,MUT,MUT,FalsePositive,MUT,MUT,MUT,MUT,MUT,MUT,0.3524891177628987,3.860635575006215e-05,0.6474722758813513,0.0,0.0,1.0,0.0,0.0,1.0,1.0,0.0,2.098507254402335e-17,0.0054015545,0.0012416195,0.99335676,0.0002608166532716,7.249046945916712e-07,0.9997384584420336,4.539550073142251e-09,3.3390333909885675e-09,0.9999999921214164,0.3487111053315868,0.2553725326571333,0.3959163620112799,0.3116634588803981,0.0888957774286186,0.5994407630701019,0.875,MUT,MUT,MUT,MUT,FalsePositive,MUT,MUT,MUT,MUT,MUT,MUT,MUT,MUT
GGATGTCCAGATAGCC,NRAS,CLL8,CLL8,0,FRP.FFPEtest1_CLL8,True,WT,WT,WT,Macrophage,WT,WT,WT,WT,WT,WT,WT,WT,WT,WT,0.0108302547805324,0.989169745190735,2.87326140194515e-11,0.0,1.0,0.0,0.0,1.0,0.0,0.0,1.0,1.498449303211683e-53,0.00076488574,0.9972429,0.001992193,4.162343524697858e-05,0.999958030235137,3.463296159710684e-07,5.93541015651287e-10,0.9999999952719898,4.134469259897179e-09,0.2976210879159482,0.4351763598488852,0.2672025522351665,0.0993704883950469,0.8092669776065248,0.0913625321357834,1.0,WT,WT,WT,WT,WT,WT,WT,WT,WT,WT,WT,WT,WT
TGACATGCAACAAGCC,NRAS,CLL8,CLL8,1,FRP.FFPEtest1_CLL8,False,MUT,MUT,MUT,Plasmacytic,FalsePositive,MUT,MUT,FalsePositive,MUT,MUT,MUT,MUT,MUT,MUT,0.7106535742504675,6.792115200147799e-05,0.289278504597531,0.0,0.0,1.0,0.0,0.0,1.0,1.0,0.0,9.15292740362009e-19,0.0042675966,0.0006045649,0.9951278,6.725163443967474e-07,1.1568071088877658e-08,0.9999993159155846,3.052071225984853e-09,3.059411241659946e-09,0.9999999938885176,0.3709151837730591,0.2557545967165695,0.3733302195103714,0.3652754059237893,0.0915045949942078,0.5432199978402394,0.7083333333333334,MUT,FalsePositive,MUT,MUT,FalsePositive,MUT,MUT,MUT,MUT,MUT,FalsePositive,MUT,MUT
GCTTAGGAGGATCCCT,NRAS,CLL8,CLL8,1,FRP.FFPEtest1_CLL8,False,WT,WT,WT,Memory -B,WT,WT,WT,WT,WT,WT,WT,WT,WT,WT,6.260993557852158e-11,0.99999999972636,2.110299025688264e-10,0.0,1.0,0.0,0.0,1.0,0.0,0.0,1.0,7.7849281288538e-62,0.0013162133,0.9967506,0.0019331775,0.0003081661896756,0.9996918311641252,2.6461990862981402e-09,6.585056085438161e-09,0.9999999850285464,8.386397510074655e-09,0.3063456363207609,0.4346678767206421,0.2589864869585969,0.093540126283598,0.8174239555074913,0.0890359163462656,1.0,WT,WT,WT,WT,WT,WT,WT,WT,WT,WT,WT,WT,WT
TACGGGTCACGGGCTA,NRAS,CLL8,CLL8,0,FRP.FFPEtest1_CLL8,True,WT,WT,WT,T-cell,WT,WT,WT,WT,WT,WT,WT,WT,WT,WT,8.936878555919331e-19,0.9999999993966958,6.033042278767168e-10,0.0,1.0,0.0,0.0,1.0,0.0,0.0,1.0,1.8543293599312238e-77,0.0009499741,0.99800795,0.0010421178,0.0003505777961391,0.9996494179542847,4.249575966960676e-09,1.1810909406097475e-09,0.9999999978791873,9.39721920338088e-10,0.2979757285784964,0.4351599104337401,0.2668643609877634,0.0922225710205706,0.820095332646563,0.0876820944702213,1.0,WT,WT,WT,WT,WT,WT,WT,WT,WT,WT,WT,WT,WT
GGCTGAGGTATTTACG,NRAS,CLL8,CLL8,1,FRP.FFPEtest1_CLL8,False,MUT,MUT,MUT,GCB,MUT,MUT,MUT,FalsePositive,MUT,MUT,MUT,MUT,MUT,MUT,0.2304812505022413,0.0001356399697438,0.7693831095280149,0.0,0.0,1.0,0.0,0.0,1.0,1.0,0.0,3.755989978636788e-16,0.006596267,0.0018353631,0.9915684,0.0002144076721657,3.87647659403073e-06,0.9997817158512402,6.978174698400931e-09,2.8363930302859253e-09,0.9999999901854324,0.3487111053315868,0.2553725326571333,0.3959163620112799,0.2585526274033928,0.0929629047076078,0.6484844691307626,0.875,MUT,MUT,MUT,MUT,FalsePositive,MUT,MUT,MUT,MUT,MUT,MUT,MUT,MUT
TTAGGTGCAACATAGT,NRAS,CLL8,CLL8,1,FRP.FFPEtest1_CLL8,False,MUT,MUT,MUT,GCB,FalsePositive,MUT,MUT,FalsePositive,MUT,MUT,MUT,MUT,MUT,MUT,0.7613342686403752,0.0001306094463005,0.2385351219133242,0.02,0.0,0.98,0.0,0.0,1.0,1.0,0.0,1.6967517839519397e-19,0.010408775,0.0018631062,0.9877281,0.0013492910942367,0.0002118180777128,0.9984388908280504,4.3729012674237417e-08,5.785316002576159e-09,0.9999999504856714,0.3709151837730591,0.2557545967165695,0.3733302195103714,0.3567580040988385,0.093955723327622,0.5492862725735395,0.7083333333333334,MUT,FalsePositive,MUT,MUT,FalsePositive,MUT,MUT,MUT,MUT,MUT,FalsePositive,MUT,MUT
GTGGAAGCATTCAGGA,NRAS,CLL8,CLL8,1,FRP.FFPEtest1_CLL8,False,MUT,MUT,MUT,GCB,MUT,MUT,MUT,FalsePositive,MUT,MUT,MUT,MUT,MUT,MUT,0.3526561843435442,0.0001533384765445,0.6471904771799113,0.08,0.0,0.92,0.0,0.0,1.0,1.0,0.0,9.600612853365968e-17,0.0034531504,0.0013521294,0.99519473,0.0029781500225197,0.0001583432225413,0.996863506754939,3.346998717215551e-09,2.015374073463465e-09,0.9999999946376272,0.3537555390878582,0.2555207072743255,0.3907237536378162,0.29408729141614,0.0942298262990102,0.6116828822848498,0.875,MUT,MUT,FalsePositive,MUT,FalsePositive,MUT,MUT,MUT,MUT,MUT,MUT,MUT,MUT
GACAACTAGCTTAGTT,NRAS,CLL8,CLL8,1,FRP.FFPEtest1_CLL8,False,WT,WT,WT,Memory -B,WT,WT,WT,WT,WT,WT,WT,WT,WT,WT,0.0067806099181892,0.9931078419643836,0.0001115481174269,0.0,1.0,0.0,0.0,1.0,0.0,0.0,1.0,1.961357803097068e-31,0.0003331066,0.9977963,0.00187061,0.0001082438423452,0.999764381068163,0.0001273750894916,6.267237146037229e-06,0.9999682402170688,2.5492545785211336e-05,0.2922562604141823,0.4361693831604442,0.2715743564253733,0.0843299979856462,0.8316382745159361,0.0840317287953573,1.0,WT,WT,WT,WT,WT,WT,WT,WT,WT,WT,WT,WT,WT
GCGGATTCATAAGCCA,NRAS,CLL8,CLL8,1,FRP.FFPEtest1_CLL8,False,MUT,MUT,MUT,Memory -B,MUT,MUT,MUT,MUT,MUT,MUT,MUT,MUT,MUT,MUT,2.3509727758105126e-07,9.125763416608715e-05,0.9999085072685564,0.0,0.0,1.0,0.0,0.0,1.0,1.1897109272353881e-295,0.0,1.0,0.002833318,0.0006677371,0.99649894,1.8483130747385386e-13,2.948250827827787e-11,0.9999999999703326,1.0673310437351131e-05,2.095667179216597e-06,0.9999872310223834,0.3415492053511068,0.2550987543533886,0.4033520402955045,0.1003077689826233,0.0856003300999559,0.8140919004711621,1.0,MUT,MUT,MUT,MUT,MUT,MUT,MUT,MUT,MUT,MUT,MUT,MUT,MUT
GTAAAGCTCGTGATTT,NRAS,CLL8,CLL8,1,FRP.FFPEtest1_CLL8,False,WT,WT,WT,GCB,WT,WT,WT,WT,WT,WT,WT,WT,WT,WT,4.842793196552681e-05,0.9804502466291884,0.0195013254388461,0.0,1.0,0.0,0.0,1.0,0.0,0.0,1.0,9.122496249413748e-29,0.00076851744,0.9975534,0.0016781329,0.000109114920795,0.9972075249386758,0.002683360140529,4.305679098184919e-06,0.9999921016837496,3.592637152244458e-06,0.2712875912937013,0.436159917042177,0.2925524916641217,0.0839676421241562,0.830476607435489,0.0855557521768834,1.0,WT,WT,WT,WT,WT,WT,WT,WT,WT,WT,WT,WT,WT
GGCATTACAGACTCAA,NRAS,CLL8,CLL8,1,FRP.FFPEtest1_CLL8,False,MUT,MUT,MUT,CD24+ -B,FalsePositive,MUT,FalsePositive,FalsePositive,MUT,FalsePositive,MUT,FalsePositive,FalsePositive,FalsePositive,0.7520289100395073,0.0005166480524193,0.2474544419080733,0.3944800426301719,0.0,0.605519957369828,0.6666666666666666,0.0,0.3333333333333333,0.999999999999986,0.0,1.2450671033250041e-14,0.25882462,0.0067118024,0.73446363,0.883658279152991,0.0001698771421795,0.1161718437048293,0.1895731392910108,0.0001867841288186,0.8102400765801706,0.3860962193743502,0.2556226409088833,0.3582811397167664,0.6210357139985342,0.085624414338754,0.293339873054845,0.75,MUT,FalsePositive,FalsePositive,FalsePositive,FalsePositive,FalsePositive,FalsePositive,MUT,FalsePositive,FalsePositive,FalsePositive,FalsePositive,FalsePositive
TTGAGTAAGGCTACTC,NRAS,CLL8,CLL8,1,FRP.FFPEtest1_CLL8,False,MUT,MUT,MUT,Memory -B,MUT,MUT,MUT,FalsePositive,MUT,MUT,MUT,MUT,MUT,MUT,0.3394237766008982,0.0009864474446103,0.6595897759544914,0.0074418604651162,0.0,0.9925581395348836,0.0,0.0,1.0,0.9999999999999148,0.0,8.75072354642468e-14,0.00079225824,0.00085587474,0.99835193,0.0008817932360067,9.07016160226703e-05,0.9990275051479706,0.0001492544490814,1.058544635703739e-05,0.9998401601045616,0.3676233011294384,0.2557416446223894,0.3766350542481722,0.2704811418920407,0.085606745229778,0.6439121129927775,0.875,MUT,MUT,MUT,MUT,FalsePositive,MUT,MUT,MUT,MUT,MUT,MUT,MUT,MUT
AAGTGAGAGATTATCC,NRAS,CLL8,CLL8,1,FRP.FFPEtest1_CLL8,False,WT,WT,WT,Memory -B,WT,WT,WT,WT,WT,WT,WT,WT,WT,WT,0.0022734257649115,0.9976832503295738,4.332390551450844e-05,0.0,1.0,0.0,0.0,1.0,0.0,0.0,0.999999999999993,6.460384521459639e-15,0.0009057887,0.9974915,0.0016026888,8.097837013347728e-05,0.999690142339655,0.0002288792902114,7.04607737232851e-06,0.9999625738629652,3.0380059662535712e-05,0.2966050842305445,0.4360045709616855,0.2673903448077699,0.0841891052767343,0.8317336287695051,0.084077267875826,1.0,WT,WT,WT,WT,WT,WT,WT,WT,WT,WT,WT,WT,WT
AAGTGAGAGCCCTTGG,NRAS,CLL8,CLL8,1,FRP.FFPEtest1_CLL8,False,MUT,MUT,MUT,CCDN2$^{hi}$ -B,FalsePositive,MUT,MUT,FalsePositive,FalsePositive,FalsePositive,FalsePositive,FalsePositive,FalsePositive,FalsePositive,0.8434335782913109,0.0006939040583797,0.1558725176503093,0.4748320532514081,0.0,0.5251679467485919,0.3333333333333333,0.0,0.6666666666666666,0.999999999999993,0.0,8.5047558917681e-15,0.7448231,0.019031651,0.23614526,0.9925268330920788,0.0002195387179298,0.0072536281899912,0.5128819119114718,0.0012562615119539,0.4858618265765742,0.3794501671193926,0.2557188750373397,0.3648309578432676,0.6561826820891697,0.0860654745023864,0.2577518460859964,0.75,MUT,FalsePositive,FalsePositive,FalsePositive,FalsePositive,FalsePositive,FalsePositive,FalsePositive,FalsePositive,FalsePositive,FalsePositive,FalsePositive,FalsePositive
TGACTACGTGACCTGC,NRAS,CLL8,CLL8,1,FRP.FFPEtest1_CLL8,False,MUT,MUT,MUT,GCB,MUT,MUT,MUT,MUT,MUT,MUT,MUT,MUT,MUT,MUT,0.0002653552548693,0.0004054331739478,0.9993292115711828,0.0,0.0,1.0,0.0,0.0,1.0,6.451882229560513e-66,0.0,1.0,0.0015094468,0.00068383396,0.9978067,7.538289728412692e-09,1.1722024158315523e-06,0.9999988202592944,1.3216930658415174e-05,2.134770798391885e-06,0.9999846482985432,0.3268910759924014,0.2543012150184678,0.4188077089891307,0.1002299301384777,0.085596071356938,0.8141739973622588,1.0,MUT,MUT,MUT,MUT,MUT,MUT,MUT,MUT,MUT,MUT,MUT,MUT,MUT
GTATGTAAGGGTTTCC,NRAS,CLL8,CLL8,1,FRP.FFPEtest1_CLL8,False,WT,WT,WT,Memory -B,WT,WT,WT,WT,WT,WT,WT,WT,WT,WT,0.0001057283593723,0.9997426132481588,0.0001516583924687,0.0,1.0,0.0,0.0,1.0,0.0,0.0,1.0,1.4406250516689108e-34,0.0003330408,0.9975992,0.002067722,4.700525994222279e-05,0.9999103826758532,4.261206420455328e-05,6.2673247805107065e-06,0.9999682397729732,2.5492902246244434e-05,0.2922562604141823,0.4361693831604442,0.2715743564253733,0.0839470115056123,0.8320179011590548,0.0840350877252031,1.0,WT,WT,WT,WT,WT,WT,WT,WT,WT,WT,WT,WT,WT
GGGCAATGTTGCGAAA,NRAS,CLL8,CLL8,1,FRP.FFPEtest1_CLL8,False,MUT,MUT,MUT,Memory -B,MUT,MUT,MUT,FalsePositive,MUT,MUT,MUT,MUT,MUT,MUT,0.2329324692187797,4.4985901150743176e-05,0.7670225448800696,0.0,0.0,1.0,0.0,0.0,1.0,0.9999999999981348,0.0,1.866395010038337e-12,0.010607557,0.0012951883,0.9880973,0.0148316506500336,1.8236438273415814e-07,0.9851681669855836,0.0001318812556364,5.083595596556825e-06,0.999863035148767,0.3655734281362781,0.2557259889299801,0.3787005829337417,0.2629990258849057,0.0850257082767618,0.6519752635221528,0.875,MUT,MUT,MUT,MUT,FalsePositive,MUT,MUT,MUT,MUT,MUT,MUT,MUT,MUT
GATGGAGCAAGTTGGC,NRAS,CLL8,CLL8,1,FRP.FFPEtest1_CLL8,False,MUT,MUT,MUT,GCB,MUT,MUT,MUT,FalsePositive,MUT,MUT,MUT,MUT,MUT,MUT,0.167416183619315,0.0007539223708297,0.8318298940098552,0.0114754098360655,0.0,0.9885245901639343,0.0,0.0,1.0,0.9999999999977904,0.0,2.2087248143464245e-12,0.0024419061,0.000764729,0.9967933,6.962896537757658e-05,7.595182454039944e-06,0.9999227758521684,9.764660172770256e-05,8.140186309400475e-06,0.9998942132119628,0.3657410224937403,0.255727488389514,0.3785314891167456,0.2491482282125821,0.0856015179507574,0.6652502545400033,0.875,MUT,MUT,MUT,MUT,FalsePositive,MUT,MUT,MUT,MUT,MUT,MUT,MUT,MUT
ATGGATTCATCATGCT,NRAS,CLL8,CLL8,1,FRP.FFPEtest1_CLL8,False,MUT,MUT,MUT,CD24+ -B,MUT,MUT,MUT,FalsePositive,MUT,MUT,MUT,MUT,MUT,MUT,0.3617459878923266,0.0004457121291084,0.6378082999785649,0.0,0.0,1.0,0.0,0.0,1.0,0.9999999999997442,0.0,2.526524221010359e-13,0.00041632765,0.0003466946,0.99923694,0.0006494998192865,4.260585528014387e-06,0.9993462395951854,2.9403171678013388e-05,5.067994918843194e-06,0.9999655288334032,0.3639549350904263,0.2557094918505893,0.3803355730589843,0.2732342105538084,0.0855741315806116,0.6411916579413712,0.875,MUT,MUT,MUT,MUT,FalsePositive,MUT,MUT,MUT,MUT,MUT,MUT,MUT,MUT
GACCAATAGATGCCTC,NRAS,CLL8,CLL8,1,FRP.FFPEtest1_CLL8,False,MUT,MUT,MUT,GCB,MUT,MUT,MUT,MUT,MUT,MUT,MUT,MUT,MUT,MUT,2.852914638579984e-06,1.0126026808586976e-09,0.9999971460727588,0.0,0.0,1.0,0.0,0.0,1.0,0.0,0.0,1.0,0.0009923888,0.00039604175,0.99861157,1.868339986936703e-12,2.4224036202373806e-11,0.9999999999739076,3.945077921705952e-05,5.933881427566519e-06,0.9999546153393556,0.3364312582661012,0.2548568791801954,0.4087118625537034,0.1001017610035359,0.0855525070795569,0.814345732309809,1.0,MUT,MUT,MUT,MUT,MUT,MUT,MUT,MUT,MUT,MUT,MUT,MUT,MUT
GCGGATTCAAACTTGG,NRAS,CLL8,CLL8,1,FRP.FFPEtest1_CLL8,False,WT,WT,WT,CCDN2$^{hi}$ -B,WT,WT,WT,WT,WT,WT,WT,WT,WT,WT,2.9671907634664896e-06,0.99967637617062,0.0003206566386165,0.0,1.0,0.0,0.0,1.0,0.0,0.0,1.0,3.3896858133537904e-18,0.00066951214,0.9975726,0.0017578311,2.1483840588235354e-05,0.9999245454400876,5.397071932389973e-05,6.665589481886327e-06,0.9999678423778708,2.549203264729283e-05,0.2935088496571346,0.4361275917379791,0.2703635586048862,0.0839482978313464,0.8320300186179742,0.0840216833712058,1.0,WT,WT,WT,WT,WT,WT,WT,WT,WT,WT,WT,WT,WT
ACGCATGAGGAACTTA,NRAS,CLL8,CLL8,1,FRP.FFPEtest1_CLL8,False,WT,WT,WT,Memory -B,WT,WT,WT,WT,WT,WT,WT,WT,WT,WT,0.0002010369800968,0.9997192628973168,7.970012258635536e-05,0.0,1.0,0.0,0.0,1.0,0.0,0.0,1.0,9.80305959775181e-35,0.0006513803,0.9975694,0.001779229,5.030483369890327e-05,0.999912273544564,3.742162173689483e-05,7.892573203194728e-06,0.9999635502229516,2.8557203845160852e-05,0.2953471200875168,0.4360579238577158,0.2685949560547672,0.0839549577664178,0.832055041153413,0.0839900002616239,1.0,WT,WT,WT,WT,WT,WT,WT,WT,WT,WT,WT,WT,WT
TCTGTAAGTCCTGAGC,NRAS,CLL8,CLL8,1,FRP.FFPEtest1_CLL8,False,WT,WT,WT,GCB,WT,WT,WT,WT,WT,WT,WT,WT,WT,WT,7.557676674580895e-09,0.9990244802425192,0.0009755121998042,0.0,1.0,0.0,0.0,1.0,0.0,0.0,1.0,9.383520021801638e-46,0.00078486896,0.99760073,0.0016144185,2.340061357542328e-05,0.9999655520157352,1.1047370689280306e-05,6.665601691331214e-06,0.9999727168510416,2.0617547267170047e-05,0.282678896005359,0.4363338405689352,0.2809872634257056,0.0839511029879567,0.8320403578147747,0.0840085366033898,1.0,WT,WT,WT,WT,WT,WT,WT,WT,WT,WT,WT,WT,WT
ATCGTGACATCCAAGA,NRAS,CLL8,CLL8,1,FRP.FFPEtest1_CLL8,False,MUT,MUT,MUT,GCB,MUT,MUT,MUT,MUT,MUT,MUT,MUT,MUT,MUT,MUT,0.001094416660119,3.0246241210569486e-09,0.9989055803152568,0.0,0.0,1.0,0.0,0.0,1.0,0.0,0.0,1.0,0.0014160845,0.0004212272,0.9981627,1.3934969020684762e-08,2.3278891193223758e-08,0.9999999627861398,6.09237910021326e-05,6.202606460697498e-06,0.9999328736025372,0.3489552812228478,0.2553805501420207,0.3956641686351315,0.1001713705485174,0.0855636512586086,0.8142649767158546,1.0,MUT,MUT,MUT,MUT,MUT,MUT,MUT,MUT,MUT,MUT,MUT,MUT,MUT
AAAGCATGTACTTAGC,NRAS,CLL8,CLL8,1,FRP.FFPEtest1_CLL8,False,MUT,MUT,MUT,CCDN2$^{hi}$ -B,MUT,MUT,MUT,FalsePositive,MUT,MUT,MUT,MUT,MUT,MUT,0.141388683499288,0.0002500593838494,0.8583612571168625,0.039047619047619,0.0,0.960952380952381,0.0,0.0,1.0,0.999999999995282,0.0,4.7193055859557066e-12,0.0024739602,0.0006516376,0.99687433,8.730613483021947e-06,1.2790390576170833e-07,0.9999911414826111,6.911402636537385e-05,1.1652980328159278e-05,0.9999192329933064,0.3473797960856349,0.2553272993627917,0.3972929045515734,0.2506406090714024,0.0855748497151814,0.6637845417481989,0.875,MUT,MUT,FalsePositive,MUT,FalsePositive,MUT,MUT,MUT,MUT,MUT,MUT,MUT,MUT
AGCCAATAGGATGCAT,NRAS,CLL8,CLL8,1,FRP.FFPEtest1_CLL8,False,MUT,MUT,MUT,GCB,MUT,MUT,MUT,FalsePositive,MUT,MUT,MUT,MUT,MUT,MUT,0.2061962487921294,0.0005209455485658,0.7932828056593048,0.0,0.0,1.0,0.0,0.0,1.0,0.9999999999993392,0.0,6.642948258737734e-13,0.0052649262,0.00096239813,0.9937727,3.494619191802284e-06,2.387612521989566e-07,0.999996266619556,0.0001632115883261,4.378933710541216e-06,0.9998324094779631,0.3615902951509939,0.255678799526953,0.382730905322053,0.2527045818270987,0.0856012768265426,0.6616941438226097,0.875,MUT,MUT,MUT,MUT,FalsePositive,MUT,MUT,MUT,MUT,MUT,MUT,MUT,MUT
TCTATCTGTCAATCGT,NRAS,CLL8,CLL8,1,FRP.FFPEtest1_CLL8,False,MUT,MUT,MUT,Memory -B,FalsePositive,MUT,MUT,FalsePositive,MUT,FalsePositive,MUT,FalsePositive,FalsePositive,FalsePositive,0.7537537012152714,0.0005139600317649,0.2457323387529636,0.3735071558678116,0.0,0.6264928441321884,0.3333333333333333,0.0,0.6666666666666666,0.999999999999986,0.0,1.6628646025344064e-14,0.4258591,0.006456075,0.5676848,0.8251786684436568,0.0001570540876558,0.1746642774686873,0.3679749138032017,0.0002208124031286,0.6318042737936697,0.3860962193743502,0.2556226409088833,0.3582811397167664,0.5457585827861388,0.0856472637224384,0.3685941557615217,0.7083333333333334,MUT,FalsePositive,FalsePositive,FalsePositive,FalsePositive,FalsePositive,FalsePositive,MUT,FalsePositive,FalsePositive,FalsePositive,FalsePositive,FalsePositive
GAATTGATCGATTCTG,NRAS,CLL8,CLL8,1,FRP.FFPEtest1_CLL8,False,MUT,MUT,MUT,Memory -B,MUT,MUT,MUT,FalsePositive,MUT,MUT,MUT,MUT,MUT,MUT,0.2855924389406253,0.0004623892375419,0.7139451718218328,0.0,0.0,1.0,0.0,0.0,1.0,0.9999999999994884,0.0,5.119980442659735e-13,0.00041005082,0.0003466968,0.99924326,0.0002637621315114,3.6686466479424777e-06,0.9997325692218404,2.940317228139338e-05,5.047474107572952e-06,0.999965549353611,0.3639549350904263,0.2557094918505893,0.3803355730589843,0.2632924218826497,0.0855749551223146,0.651132623070827,0.875,MUT,MUT,MUT,MUT,FalsePositive,MUT,MUT,MUT,MUT,MUT,MUT,MUT,MUT
ACATTACTCTTAAGCT,NRAS,CLL8,CLL8,1,FRP.FFPEtest1_CLL8,False,WT,WT,WT,GCB,WT,WT,WT,WT,WT,WT,WT,WT,WT,WT,5.9197828661287976e-08,0.9998828725069028,0.0001170682952685,0.0,1.0,0.0,0.0,1.0,0.0,0.0,1.0,1.832864123918217e-46,0.0015217565,0.9971366,0.0013416434,1.5831969552833653e-05,0.9999751112782554,9.056752191741456e-06,8.393727141535085e-06,0.9999612358384938,3.0370434364604644e-05,0.2966050842305445,0.4360045709616855,0.2673903448077699,0.083962054786133,0.8320499959371618,0.0839879460025243,1.0,WT,WT,WT,WT,WT,WT,WT,WT,WT,WT,WT,WT,WT
GTGGTTACACTCAATC,NRAS,CLL8,CLL8,1,FRP.FFPEtest1_CLL8,False,MUT,MUT,MUT,GCB,MUT,MUT,MUT,FalsePositive,MUT,MUT,MUT,MUT,MUT,MUT,0.0201830184783466,0.0012910729236423,0.9785259085980113,0.0,0.0,1.0,0.0,0.0,1.0,0.9999996482112772,0.0,3.5178872120711975e-07,0.0029985595,0.0012101644,0.9957912,0.0004252000782061,0.0001145187409967,0.9994602811807972,0.0001482686819632,9.100833303334148e-06,0.9998426304847337,0.3403242473443996,0.2550443950305525,0.4046313576250478,0.2294512117916564,0.0856394718695346,0.6849093139207655,0.875,MUT,MUT,MUT,MUT,FalsePositive,MUT,MUT,MUT,MUT,MUT,MUT,MUT,MUT
TTTACTGCAAAGAACA,NRAS,CLL8,CLL8,1,FRP.FFPEtest1_CLL8,False,MUT,MUT,MUT,CCDN2$^{hi}$ -B,MUT,MUT,MUT,FalsePositive,MUT,MUT,MUT,MUT,MUT,MUT,0.1176286237891206,0.0008414502127956,0.8815299259980836,0.0114754098360655,0.0,0.9885245901639343,0.0,0.0,1.0,0.9999999999967032,0.0,3.296638796103485e-12,0.0010121932,0.0006926323,0.9982951,2.878506228175357e-07,3.168231952078502e-07,0.999999395326182,9.18262918851108e-05,8.138051043611756e-06,0.9999000356570712,0.3509976647394386,0.2554442371398829,0.3935580981206785,0.2424088806661243,0.0856003341426725,0.671990788135541,0.875,MUT,MUT,MUT,MUT,FalsePositive,MUT,MUT,MUT,MUT,MUT,MUT,MUT,MUT
TTACTTGCACATGAAT,NRAS,CLL8,CLL8,0,FRP.FFPEtest1_CLL8,True,MUT,MUT,MUT,T-cell,FalsePositive,MUT,MUT,FalsePositive,MUT,MUT,MUT,FalsePositive,MUT,MUT,0.520161372159457,0.0001894402740584,0.4796491875664845,0.079047619047619,0.0,0.920952380952381,0.0,0.0,1.0,0.9999999999999292,0.0,6.978008890905313e-14,0.010835979,0.0010179951,0.98814607,0.0009246620116878,3.421190019385162e-07,0.9990749958693104,0.0053998382939984,0.0002053520954996,0.994394809610502,0.3747390899761769,0.2557509006391654,0.3695100093846575,0.3062294765198563,0.0860660483863609,0.6077044785207588,0.7916666666666666,FalsePositive,FalsePositive,FalsePositive,MUT,FalsePositive,MUT,MUT,MUT,FalsePositive,MUT,MUT,FalsePositive,FalsePositive
TGTCTTGAGCACGTTC,NRAS,CLL8,CLL8,1,FRP.FFPEtest1_CLL8,False,WT,WT,WT,Plasmacytic,WT,WT,WT,WT,WT,WT,WT,WT,WT,WT,0.0008351400985251,0.9981009751799492,0.0010638847215256,0.0,1.0,0.0,0.0,1.0,0.0,0.0,1.0,4.5403727636444544e-30,0.00095040817,0.9974789,0.0015707344,0.0002219273618199,0.9996973023348076,8.077030337242862e-05,7.046029124971336e-06,0.9999629626747544,2.999129612054952e-05,0.2869704556911805,0.4362943995946964,0.2767351447141229,0.0839975851543543,0.8318332731633542,0.0841691434794531,1.0,WT,WT,WT,WT,WT,WT,WT,WT,WT,WT,WT,WT,WT
TTTGCTGAGGTAACTA,NRAS,CLL8,CLL8,1,FRP.FFPEtest1_CLL8,False,MUT,MUT,MUT,GCB,MUT,MUT,MUT,FalsePositive,MUT,MUT,MUT,MUT,MUT,MUT,0.0299017819404925,0.001282329150274,0.9688158889092334,0.0,0.0,1.0,0.0,0.0,1.0,0.999999989324504,0.0,1.0675496666573424e-08,0.0033930757,0.0012439576,0.995363,0.0002735908464833,6.835176476184666e-05,0.9996580573887548,0.0001482686819301,9.10105657916446e-06,0.9998426302614908,0.3403242473443996,0.2550443950305525,0.4046313576250478,0.231715696907908,0.0856449333400578,0.6826393686582151,0.875,MUT,MUT,MUT,MUT,FalsePositive,MUT,MUT,MUT,MUT,MUT,MUT,MUT,MUT
GCACTTGGTCAGGGCA,NRAS,CLL8,CLL8,0,FRP.FFPEtest1_CLL8,True,WT,WT,WT,Myo Fibro,WT,WT,WT,WT,WT,WT,WT,WT,WT,WT,0.0001119278952186,0.999735640630764,0.0001524314740173,0.0,1.0,0.0,0.0,1.0,0.0,0.0,1.0,3.167396683531252e-34,0.0014977506,0.99735224,0.0011500376,9.829160828628113e-05,0.9998865980052892,1.511038642441843e-05,1.4199701020297882e-05,0.9999583437117786,2.7456587201045545e-05,0.2869704556911805,0.4362943995946964,0.2767351447141229,0.0839703184811223,0.8319760319583757,0.0840536453744012,1.0,WT,WT,WT,WT,WT,WT,WT,WT,WT,WT,WT,WT,WT
GGCTGGTAGGTTCATT,NRAS,CLL8,CLL8,1,FRP.FFPEtest1_CLL8,False,MUT,MUT,MUT,GCB,MUT,MUT,MUT,FalsePositive,MUT,MUT,MUT,MUT,MUT,MUT,0.0936459978801798,0.0008424134377168,0.9055115886821034,0.0114754098360655,0.0,0.9885245901639343,0.0,0.0,1.0,0.9999999999892496,0.0,1.0748531361555594e-11,0.004542244,0.0010162714,0.99444145,2.1017504358669224e-06,1.0559817729041108e-06,0.9999968422677912,9.76466039672742e-05,8.117251016466822e-06,0.9998942361450162,0.3525989023827622,0.2554899652631094,0.3919111323541284,0.2389968554356688,0.0856195061538769,0.6753836409812924,0.875,MUT,MUT,MUT,MUT,FalsePositive,MUT,MUT,MUT,MUT,MUT,MUT,MUT,MUT
GTTTGCATCGCGCATT,NRAS,CLL8,CLL8,1,FRP.FFPEtest1_CLL8,False,MUT,MUT,MUT,CD24+ -B,FalsePositive,MUT,MUT,FalsePositive,MUT,MUT,MUT,MUT,MUT,MUT,0.7094216618412877,0.0002417869093124,0.2903365512493999,0.0,0.0,1.0,0.0,0.0,1.0,0.9999999999999292,0.0,6.821804743140333e-14,0.0015092393,0.000507179,0.9979836,0.0373122149037728,5.4222990210044015e-06,0.962682362797206,6.211240382790932e-05,6.574453172513621e-06,0.9999313131429995,0.3679471320744366,0.2557435838924217,0.3763092840331417,0.3165207069589437,0.085578294386747,0.5979009979776452,0.75,MUT,FalsePositive,MUT,MUT,FalsePositive,MUT,FalsePositive,MUT,MUT,MUT,MUT,MUT,MUT
GGTTTCCAGGAACTTA,NRAS,CLL8,CLL8,0,FRP.FFPEtest1_CLL8,True,MUT,MUT,MUT,T-cell,FalsePositive,MUT,MUT,FalsePositive,MUT,MUT,MUT,FalsePositive,FalsePositive,MUT,0.5402904482612044,0.0005982016242233,0.4591113501145722,0.1044407778014335,0.0,0.8955592221985664,0.3333333333333333,0.0,0.6666666666666666,0.9999999999999646,0.0,3.3116752893781974e-14,0.01803621,0.0017106291,0.9802532,0.0449755850730075,0.0001063815662637,0.9549180333607286,0.0029005123298828,5.0069294641176425e-05,0.997049418375476,0.3784351552509816,0.2557283252945642,0.3658365194544543,0.3805139498760415,0.0856379095238166,0.5338481414538544,0.5,FalsePositive,FalsePositive,FalsePositive,FalsePositive,FalsePositive,FalsePositive,FalsePositive,MUT,FalsePositive,FalsePositive,FalsePositive,FalsePositive,FalsePositive
TAACTGTTCATTTAGC,NRAS,CLL8,CLL8,1,FRP.FFPEtest1_CLL8,False,MUT,MUT,MUT,GCB,MUT,MUT,MUT,FalsePositive,MUT,MUT,MUT,MUT,MUT,MUT,0.1481009201497829,0.0010139537292832,0.8508851261209338,0.0248612153038259,0.0,0.975138784696174,0.0,0.0,1.0,0.999999999967308,0.0,3.269019699661504e-11,0.0043709828,0.0015485422,0.9940805,0.0079959803689659,0.0003630161269505,0.9916410035040834,0.0004125497486848,1.592577375750196e-05,0.9995715244775576,0.3567947557029786,0.2555923753711771,0.3876128689258443,0.2499787882522593,0.0871152710335382,0.6629059410149417,0.875,MUT,MUT,MUT,MUT,FalsePositive,MUT,MUT,MUT,MUT,MUT,MUT,MUT,MUT
TAACGCCTCCTTAGAT,NRAS,CLL8,CLL8,1,FRP.FFPEtest1_CLL8,False,MUT,MUT,MUT,GCB,MUT,MUT,MUT,FalsePositive,MUT,MUT,MUT,MUT,MUT,MUT,0.0444888011232788,8.923292848732662e-05,0.9554219659482338,0.0,0.0,1.0,0.0,0.0,1.0,0.999999999666148,0.0,3.338511992722062e-10,0.004696609,0.0009163841,0.99438703,4.365911432359937e-06,1.2105788396678962e-08,0.9999956219827792,3.868110271907518e-05,6.03986721976062e-06,0.9999552790300612,0.3489757504559002,0.2553812183262435,0.3956430312178562,0.2327418847112401,0.0855914877653113,0.6816666293545643,0.875,MUT,MUT,MUT,MUT,FalsePositive,MUT,MUT,MUT,MUT,MUT,MUT,MUT,MUT
GGAACATTCCCTCTCA,NRAS,CLL8,CLL8,0,FRP.FFPEtest1_CLL8,True,WT,WT,WT,Myo Fibro,WT,WT,WT,WT,WT,WT,WT,WT,WT,WT,5.7216560610722286e-06,0.9999364052603582,5.7873083580849245e-05,0.0,1.0,0.0,0.0,1.0,0.0,0.0,1.0,7.86562156846937e-40,0.000554838,0.99774927,0.0016959123,2.604808070965101e-05,0.9999566509042264,1.7301015064024385e-05,6.668890985189755e-06,0.9999499501915609,4.338091745379628e-05,0.2953471200875168,0.4360579238577158,0.2685949560547672,0.083946442418018,0.8320618315679122,0.0839917238300697,1.0,WT,WT,WT,WT,WT,WT,WT,WT,WT,WT,WT,WT,WT
ATAGCGAGTCACACCA,NRAS,CLL8,CLL8,0,FRP.FFPEtest1_CLL8,True,WT,WT,WT,Macrophage,WT,WT,WT,WT,WT,WT,WT,WT,WT,WT,1.7818763830449635e-06,0.9998092282483684,0.0001889898752487,0.0,1.0,0.0,0.0,1.0,0.0,0.0,1.0,1.3040162491444447e-39,0.00033302951,0.9975654,0.002101546,2.2817074856354803e-05,0.999955485949092,2.169697605165333e-05,6.267666748266766e-06,0.9999682380400212,2.549429323057697e-05,0.2922562604141823,0.4361693831604442,0.2715743564253733,0.0839418273337636,0.8320215736933269,0.0840365993627797,1.0,WT,WT,WT,WT,WT,WT,WT,WT,WT,WT,WT,WT,WT
TTGGTCATCCTCACGG,NRAS,CLL8,CLL8,1,FRP.FFPEtest1_CLL8,False,MUT,MUT,MUT,Memory -B,MUT,MUT,MUT,FalsePositive,MUT,MUT,MUT,FalsePositive,MUT,MUT,0.2658484250670111,0.0007279114698376,0.7334236634631512,0.1114754098360655,0.0,0.8885245901639344,0.3333333333333333,0.0,0.6666666666666666,0.9999999999998224,0.0,1.741232534164347e-13,0.045185097,0.0032633822,0.9515515,2.5807034067618296e-05,2.282177013702515e-06,0.9999719107889188,0.0024798377294526,8.603431020627254e-06,0.9975115588395268,0.3785206589337495,0.2557275831055497,0.3657517579607009,0.3157559192140599,0.0856433398539417,0.5986007388753277,0.7083333333333334,MUT,MUT,FalsePositive,FalsePositive,FalsePositive,FalsePositive,MUT,MUT,FalsePositive,MUT,MUT,FalsePositive,FalsePositive
TACCGGGCAATGTGGC,NRAS,CLL8,CLL8,1,FRP.FFPEtest1_CLL8,False,WT,WT,WT,GCB,WT,WT,WT,WT,WT,WT,WT,WT,WT,WT,1.0892909301250282e-09,0.9926525991554244,0.0073473997552847,0.0,1.0,0.0,0.0,1.0,0.0,0.0,1.0,9.286849570843737e-45,0.00076851744,0.9975534,0.0016781329,1.7678988476289142e-05,0.9999598389869884,2.2482024535232816e-05,4.305918194875304e-06,0.9999921014446538,3.5926371513854664e-06,0.2712875912937013,0.436159917042177,0.2925524916641217,0.0839650527431006,0.8317451598324181,0.0842897891610097,1.0,WT,WT,WT,WT,WT,WT,WT,WT,WT,WT,WT,WT,WT
AGATTAGTCAGGCAAT,NRAS,CLL8,CLL8,1,FRP.FFPEtest1_CLL8,False,MUT,MUT,MUT,Memory -B,FalsePositive,MUT,MUT,FalsePositive,MUT,MUT,MUT,MUT,MUT,MUT,0.5885148833030311,0.0008483667194984,0.4106367499774703,0.0274418604651162,0.0,0.9725581395348836,0.0,0.0,1.0,0.9999999999999788,0.0,2.19264727527666e-14,0.0040120203,0.0015060607,0.9944819,0.2499739559901752,0.0015356037645883,0.7484904402452365,0.0086487633138928,7.332584986412861e-05,0.991277910836243,0.3716262228848928,0.2557554297273043,0.3726183473878028,0.3078357248979992,0.0856359930139834,0.606528283460748,0.75,MUT,FalsePositive,MUT,MUT,FalsePositive,MUT,FalsePositive,MUT,MUT,MUT,MUT,MUT,MUT
TGTAACCGTGCCCGAT,NRAS,CLL8,CLL8,1,FRP.FFPEtest1_CLL8,False,WT,WT,WT,CD24+ -B,WT,WT,WT,WT,WT,WT,WT,WT,WT,WT,1.0762661025134509e-12,0.9999417842974316,5.8215701492205664e-05,0.0,1.0,0.0,0.0,1.0,0.0,0.0,1.0,7.892729192787969e-79,0.0021328416,0.9970746,0.0007925425,9.120252981399512e-07,0.9999977636906904,1.3242840114453044e-06,2.410176908192226e-05,0.999971539679537,4.358551381052511e-06,0.3065592390956301,0.4354227423385755,0.2580180185657942,0.0840472882642708,0.8319944259085313,0.0839582862152492,1.0,WT,WT,WT,WT,WT,WT,WT,WT,WT,WT,WT,WT,WT
GACCAAGTCCGTGACT,NRAS,CLL8,CLL8,1,FRP.FFPEtest1_CLL8,False,MUT,MUT,MUT,GCB,MUT,MUT,MUT,FalsePositive,MUT,MUT,MUT,MUT,MUT,MUT,0.3438753206181298,0.0002118237731336,0.6559128556087365,0.039047619047619,0.0,0.960952380952381,0.0,0.0,1.0,0.9999999999996164,0.0,3.8567732722343165e-13,0.0025095437,0.00072937703,0.99676114,0.0004717845493184,4.984549086271249e-07,0.999527716995773,5.656300552002615e-05,9.642394209087116e-06,0.9999337946002708,0.3639549350904263,0.2557094918505893,0.3803355730589843,0.2950829432254639,0.08557069129539,0.6193463651117103,0.875,MUT,MUT,FalsePositive,MUT,FalsePositive,MUT,MUT,MUT,MUT,MUT,MUT,MUT,MUT
TCACTTTGTGCATTAC,NRAS,CLL8,CLL8,1,FRP.FFPEtest1_CLL8,False,MUT,MUT,MUT,GCB,MUT,MUT,MUT,FalsePositive,MUT,MUT,MUT,MUT,MUT,MUT,0.4922265185468528,0.0008899293758107,0.5068835520773364,0.0074418604651162,0.0,0.9925581395348836,0.0,0.0,1.0,0.999999999999936,0.0,6.07501141858815e-14,0.0023605651,0.0010500234,0.9965894,0.0210125373391068,0.0003634992122847,0.9786239634486084,0.0005115980202349,2.074692490471631e-05,0.9994676550548603,0.3716262228848928,0.2557554297273043,0.3726183473878028,0.2910853966374875,0.0856218895940364,0.6232927145930847,0.8333333333333334,MUT,MUT,MUT,MUT,FalsePositive,MUT,FalsePositive,MUT,MUT,MUT,MUT,MUT,MUT
AGACAAACAAAGGGAT,NRAS,CLL8,CLL8,1,FRP.FFPEtest1_CLL8,False,MUT,MUT,MUT,GCB,MUT,MUT,MUT,FalsePositive,MUT,MUT,MUT,MUT,MUT,MUT,0.0694756213099013,0.0011852038855906,0.929339174804508,0.0,0.0,1.0,0.0,0.0,1.0,0.9999999999065636,0.0,9.343337439682757e-11,0.002196477,0.0011685042,0.996635,0.0001903639082838,4.29186639133795e-05,0.9997667174278028,0.000155533249655,9.659663520999407e-06,0.999834807086824,0.3525989023827622,0.2554899652631094,0.3919111323541284,0.234742378115929,0.0856316149350331,0.6796260076160007,0.875,MUT,MUT,MUT,MUT,FalsePositive,MUT,MUT,MUT,MUT,MUT,MUT,MUT,MUT
ATTTAGGAGCCACTCG,NRAS,CLL8,CLL8,1,FRP.FFPEtest1_CLL8,False,WT,WT,WT,Memory -B,WT,WT,WT,WT,WT,WT,WT,WT,WT,WT,0.000259161278925,0.9996782756368884,6.25630841868188e-05,0.0,1.0,0.0,0.0,1.0,0.0,0.0,1.0,7.215132417211656e-35,0.0024039678,0.9967031,0.0008929579,4.747095409933935e-05,0.9999246215647186,2.790748118198565e-05,3.140755077042697e-05,0.9999633849223084,5.207526921196677e-06,0.3065592390956301,0.4354227423385755,0.2580180185657942,0.0840571989387926,0.8319842975483364,0.0839585043811356,1.0,WT,WT,WT,WT,WT,WT,WT,WT,WT,WT,WT,WT,WT
AGGCTTTGTGTTTGTA,NRAS,CLL8,CLL8,1,FRP.FFPEtest1_CLL8,False,MUT,MUT,MUT,GCB,MUT,MUT,MUT,FalsePositive,MUT,MUT,MUT,MUT,MUT,MUT,0.1460309786759643,0.0001999233617007,0.853769097962335,0.02,0.0,0.98,0.0,0.0,1.0,0.9999999962519688,0.0,3.7480300460348886e-09,0.0053804195,0.0006419184,0.99397767,0.0089271157983757,9.034576135657884e-06,0.9910638496254888,0.000266349019397,1.0470275334733657e-05,0.999723180705268,0.3571158457313016,0.2555991788402701,0.3872849754284281,0.2513946933128314,0.0857802264590322,0.6628250828001875,0.875,MUT,MUT,MUT,MUT,FalsePositive,MUT,MUT,MUT,MUT,MUT,MUT,MUT,MUT
GGGTTATAGTGCAACG,NRAS,CLL8,CLL8,1,FRP.FFPEtest1_CLL8,False,MUT,MUT,MUT,GCB,MUT,MUT,MUT,FalsePositive,MUT,MUT,MUT,MUT,MUT,MUT,0.4668282500528944,0.0001322671739718,0.5330394827731338,0.14,0.0,0.86,0.0,0.0,1.0,0.9999999999998792,0.0,1.1817398003443226e-13,0.010545742,0.0016546269,0.98779964,0.0016739263040912,2.373520348596946e-07,0.9983258363438738,0.0068621464082998,0.0002311058228943,0.9929067477688056,0.3679471320744366,0.2557435838924217,0.3763092840331417,0.3401729437078526,0.0864785955543355,0.5733484619019652,0.7916666666666666,MUT,MUT,FalsePositive,MUT,FalsePositive,MUT,MUT,MUT,MUT,MUT,FalsePositive,MUT,MUT
ATGTGGGTCAGGTAAC,NRAS,CLL8,CLL8,1,FRP.FFPEtest1_CLL8,False,MUT,MUT,MUT,Memory -B,MUT,MUT,MUT,MUT,MUT,MUT,MUT,MUT,MUT,MUT,2.645318485376964e-10,8.110544108312902e-05,0.999918894294385,0.0,0.0022222222222222,0.9977777777777778,0.0,0.0,1.0,1.26497e-318,0.0,1.0,0.0005539452,0.00043187666,0.99901414,1.1391874951000944e-16,2.452129992926713e-13,0.9999999999997546,5.324453496080196e-05,7.445070143997113e-06,0.9999393103948953,0.3389969903794596,0.2549829922411219,0.4060200173794185,0.1000938701787951,0.0869017510402649,0.8130043786669497,1.0,MUT,MUT,MUT,MUT,MUT,MUT,MUT,MUT,MUT,MUT,MUT,MUT,MUT
